MeanMale,MeanFemale,SDMale,SDFemale,cor,MeanCount,SDCount,is,int,BMale,GMale,BFemale,GFemale,BSperm,GSperm,GMF,GMS,GFS,a,MeanRSC,Generation,MeanMates,population,males,females,offspring,offspring_desired,offspring_realized,offspring_dropped,Rep,TotalOffspringBorn
50.410662670967305,50.026460801764216,9.911598900427247,10.101766399002607,-0.07485280935866342,50.224908758422295,10.09036668716696,1.547293570459593,1.1453948688450108,-0.07668748509242933,-0.3324308564719791,0.07154892880876186,-0.0031295000699472207,-0.24228408552787462,0.021843200430489724,-0.005722602393357959,0.01024105737440441,-0.11227316891811934,1.0,4.02,1.0,3.54,1000.0,500.0,500.0,1036.0,1036.0,1036.0,0.0,1.0,1036.0
50.46058803909166,50.1596023794306,9.630013355909753,9.991648893626142,-0.007913844001211146,49.714209935711864,10.427574697498398,1.6586525920076045,1.1921888382869268,-0.11511851408722953,-0.39782626160751716,0.02419537121429179,0.0047918773944981,-0.2746713147250561,-0.000370476170646653,0.02837683333719048,-0.06937126916856566,-0.0036416151764291816,1.0,3.9276900130026213,2.0,3.41,1000.0,500.0,500.0,1058.0,1058.0,1058.0,0.0,1.0,2094.0
50.542099670232204,49.442754492139734,9.276376406325046,9.7044149672444,0.010794065388014603,48.15079574359783,10.346841021578406,1.8804036395731258,1.1806893177016469,-0.15761060308594826,-0.4310958054920124,0.03426401235288953,0.00993124562503996,-0.32382822582448517,0.05335031981640707,0.010016289002735464,-0.13803607850757765,-0.0594150581024942,1.0,3.877047611876116,3.0,3.212,1000.0,500.0,500.0,1131.0,1131.0,1131.0,0.0,1.0,3225.0
49.867487056447416,49.7782450407248,9.4916078937687,10.178379687343746,-0.05116114271842356,47.558162914900045,10.487681753071387,1.630468306143982,1.32240083414983,-0.11169863473773473,-0.3003467990398198,0.031056231886803728,-0.26965004254745795,-0.18823581029107148,-0.08419680200994412,0.024523619813583936,-0.03934023423844696,0.013123784592280889,1.0,3.935495335797664,4.0,3.284,1000.0,500.0,500.0,1110.0,1110.0,1110.0,0.0,1.0,4335.0
49.314382083440414,50.51293207434351,9.448248849649799,10.23553986729329,0.06960260582674505,46.39669634779681,10.636850246999908,1.583309361231812,1.2036963494987458,-0.06183440447046759,-0.39598256082555994,-0.06582031978098304,0.07802587243269199,-0.20337019074311577,-0.08630019552611896,-0.0949888865327084,-0.093511419849027,0.05673650561673233,1.0,3.858881220593563,5.0,3.2,1000.0,500.0,500.0,1028.0,1028.0,1028.0,0.0,1.0,5363.0
48.50436544984035,49.929263055460936,9.371720186913167,10.002957850084305,-0.04677157619931146,45.591901203187064,9.935314351666204,1.4858438432073153,1.0927764151744832,-0.016729874520115356,-0.2263719658396811,-0.06303782690333742,0.14024109181508354,-0.12363498610390468,-0.09605940119746867,0.08117956653913774,-0.0855644817136459,-0.06132187266665649,1.0,3.9480100028121052,6.0,3.234,1000.0,500.0,500.0,1028.0,1028.0,1028.0,0.0,1.0,6391.0
47.661439033215636,49.564062659496486,9.28360369436423,10.133636257856766,0.009998197750705495,45.75043367050402,9.980943826058269,1.5018491124260351,1.1514336084707462,0.10340983667211281,-0.24689884032883444,-0.019405559784082003,0.11820332096901713,-0.22005714236969498,-0.1756476156631129,0.04972865915947962,-0.07816570507912271,-0.022653275587311145,1.0,4.0517847355274865,7.0,3.212,1000.0,500.0,500.0,1040.0,1040.0,1040.0,0.0,1.0,7431.0
48.13158591932789,49.45868335728212,9.361224225695336,10.127020229742124,-0.00636967137912005,45.5229571746988,9.484066412938088,1.7627994267828049,1.169711317579026,-0.10053926263077771,-0.38264121645248345,0.10015394348764761,-0.11669390128949186,-0.28118239247463467,0.16493404116458044,0.020437962099235037,0.06771015603907735,0.02859426382532079,1.0,4.00555409446933,8.0,3.214,1000.0,500.0,500.0,1039.0,1039.0,1039.0,0.0,1.0,8470.0
47.84699289020739,49.44542511709092,9.795576143936566,10.079490470756442,0.025355131711567634,44.93543089216296,9.838258223121896,1.6211588096497027,1.184917644853935,-0.06391756161842495,-0.40505769732468755,0.12019417118918561,0.05551643621767287,-0.24903011666820105,-0.01878001139164985,0.019225105295192117,0.04559000787640573,-0.02732281952474448,1.0,4.034304516056837,9.0,3.302,1000.0,500.0,500.0,1041.0,1041.0,1041.0,0.0,1.0,9511.0
48.263692656078995,48.60534459163952,9.78758419613317,10.604275056266028,-0.019141516270637083,43.606978872822836,9.632257078470815,1.592567255402314,1.1211433818478318,-0.017081732104018935,-0.3304114892229203,-0.0183863516095183,0.0562966062984152,-0.2967926526554638,0.01735084491978521,-0.055939644675379555,-0.12685455400331677,-0.02197501821940764,1.0,4.175050289538338,10.0,3.32,1000.0,500.0,500.0,1033.0,1033.0,1033.0,0.0,1.0,10544.0
48.395477669981666,49.148218471597204,10.167853664581463,10.731032872068997,-0.06090271381797402,42.958102926951426,9.777786634387631,1.4819555579584778,1.2962497610900119,-0.11481396145735084,-0.44767819169723266,-0.02872607276337822,-0.11462730499806176,-0.24896153780171318,-0.04308651207794304,-0.03421593614198312,-0.02054795776724403,-0.05619037184599086,1.0,4.1400590806648285,11.0,3.322,1000.0,500.0,500.0,1088.0,1088.0,1088.0,0.0,1.0,11632.0
48.29106567321464,48.37382305099812,10.016365199899973,10.565324918812491,0.07477055089846613,42.78783674697639,9.622213740885092,1.675837173732004,1.1363304423335958,0.021071511488881544,-0.3626467419667519,-0.13551469954230047,0.08928701594193893,-0.17341510251244116,-0.008860734470282627,-0.04401786194713399,-0.13692402911304935,0.0033882968155877547,1.0,4.0063836529002925,12.0,3.252,1000.0,500.0,500.0,1098.0,1098.0,1098.0,0.0,1.0,12730.0
48.22476817935479,49.34783787310802,9.65487936547098,10.4333493498807,-0.0013304983228194373,42.041406064620176,9.240121564991107,1.5221470212483368,1.1996434067617683,-0.01441903443074225,-0.38236782919226076,0.026689064210503606,-0.011180634831612652,-0.1758821926197555,-0.017283815567844592,0.07225306859802251,-0.07884888012794618,-0.09826585465642126,1.0,3.9639346797601953,13.0,3.24,1000.0,500.0,500.0,1023.0,1023.0,1023.0,0.0,1.0,13753.0
48.97802270010017,49.5545400991918,9.310149485212015,11.182560437219426,0.01742492443158101,42.05762330340852,9.207976834426997,1.5583370461127204,1.2288788706935967,-0.03711389341162741,-0.3237170973518973,-0.0082016135371422,-0.0776855832230024,-0.154522197989557,-0.06113430585144383,0.0013342847519317526,-0.024939179280945228,-0.013025242961102534,1.0,3.8695104540422953,14.0,3.276,1000.0,500.0,500.0,1072.0,1072.0,1072.0,0.0,1.0,14825.0
48.51319019346421,50.12423015285998,9.501487980073108,11.060716601010595,0.018983936189358765,41.79056885237178,8.9694708981367,1.6211588096497032,1.0775970468536609,-0.051147909653664066,-0.30213171620114315,-0.050841112663354865,0.02024923505526996,-0.22211540727559614,0.12562718102149903,-0.026479706533731634,-0.049830021300993406,0.04213978289903587,1.0,3.924376480835687,15.0,3.364,1000.0,500.0,500.0,1041.0,1041.0,1041.0,0.0,1.0,15866.0
48.51251677880649,50.303584020934316,9.621755072487563,10.484851371652967,-0.019513706228725513,41.975247771883396,9.361762632932123,1.6435377645737783,1.1199920609549245,-0.008559526546793636,-0.318717938317381,0.013364063524977989,0.0920549183428856,-0.2000550900625949,-0.031462028377925805,-0.1049065480692417,-0.09489546349997269,-0.014184589423797526,1.0,3.851309458077961,16.0,3.236,1000.0,500.0,500.0,1066.0,1066.0,1066.0,0.0,1.0,16932.0
49.040675791960815,50.23791117516774,9.401970661666926,10.973040005288329,0.026177586121729476,41.5923190730016,9.141705688304624,1.5215439159463788,1.2169090821230528,-0.014456428073457725,-0.3326413152816458,-0.0172816866467116,-0.04425566550412589,-0.1973757081561248,-0.06441135833797987,-0.019904187481475818,-0.0507416619484974,0.0608074877392,1.0,3.771151374711933,17.0,3.092,1000.0,500.0,500.0,1112.0,1112.0,1112.0,0.0,1.0,18044.0
49.33275500635257,49.454509161091146,9.491200158966146,10.84712169185453,-0.03242475925407294,41.102181064882515,9.47422044632877,1.4999119598090092,1.1459569506508052,-0.10080619729737621,-0.2382379711192463,-0.11185396157700443,0.0206908675411107,-0.17602650618673843,-0.07097524064034669,-0.020165320403614937,0.06002851251558583,0.007868024378008725,1.0,3.7454155775847715,18.0,3.112,1000.0,500.0,500.0,1079.0,1079.0,1079.0,0.0,1.0,19123.0
49.65969267439361,50.1720507224407,10.000687358074558,11.12565440295697,0.00014768113765555895,40.57525049923026,9.613434871220461,1.6783585125334912,1.2028715603692657,-0.0918201608024602,-0.3770547779562625,-0.09120772364672139,-0.025363601799513753,-0.1945039467354502,0.0010526875995777204,0.08337193281331486,-0.07330758100434243,0.05787196788459902,1.0,3.7090892758743417,19.0,3.076,1000.0,500.0,500.0,1068.0,1068.0,1068.0,0.0,1.0,20191.0
49.94653185732521,50.760581317795214,9.993474973594571,11.290706132831577,0.012655407710638833,40.09155540859285,9.45875646330189,1.517353051756265,1.172825434802756,-0.04463073969677271,-0.24015054235259609,-0.06907742460446702,-0.05726569140992043,-0.05104963788044861,-0.04866921221056983,0.019099110652837325,-0.011768591776000566,-0.013421628819067102,1.0,3.7244853897818913,20.0,3.094,1000.0,500.0,500.0,1043.0,1043.0,1043.0,0.0,1.0,21234.0
50.04224069512246,51.157750918995355,9.60296069191715,10.781227477955342,-0.01807412783865329,39.5165247165342,9.699744734052263,1.6001004506613008,1.1763446660383847,-0.1211495153118773,-0.3361416822896593,-0.04063598685444748,-0.02288709732955106,-0.12938207573243615,-0.004050560501928646,-0.06720924955266637,-0.03947218122782837,0.012259653090672633,1.0,3.6195159586054144,21.0,3.168,1000.0,500.0,500.0,1082.0,1082.0,1082.0,0.0,1.0,22316.0
49.728748994296545,50.37803188194257,9.734320143401158,10.59285479843963,0.03803306706615283,39.21229039378198,9.625017756312348,1.6501123999984675,1.1391021058691202,-0.04114255196768034,-0.38789711131080373,-0.00040193541461012777,0.10164170695486247,-0.14819604067240746,0.004056101941836674,0.008461838623683908,0.014510666083861626,0.020273636105691696,1.0,3.545401709823259,22.0,2.982,1000.0,500.0,500.0,1022.0,1022.0,1022.0,0.0,1.0,23338.0
50.03676877792362,50.687797675462285,9.791279806334575,10.71021663158252,-0.07034452592792982,38.856393865157514,9.871637604911458,1.6551169300623776,1.285873932894896,-0.0321738630228419,-0.3550610974691392,-0.0447403797361231,-0.1466328800141953,-0.1476699965306337,-0.07437433041463949,-0.03828779337775625,0.034858338471440896,-0.0652440559555785,1.0,3.4547961585359883,23.0,3.3,1000.0,500.0,500.0,1065.0,1065.0,1065.0,0.0,1.0,24403.0
49.99823928888708,51.14368777893728,9.54331617583482,10.616014660152826,-0.04727014797717343,38.81545754272053,10.54965843374481,1.329131703317902,1.1370929412734085,-0.02536884444427977,-0.24418186361850452,-0.0703954112762955,0.08601632616006391,-0.14988895978097133,-0.12041982424095564,-0.0026731452735618355,-0.060858440319427616,0.04302661059084761,1.0,3.390165360677471,24.0,3.112,1000.0,500.0,500.0,1152.0,1152.0,1152.0,0.0,1.0,25555.0
49.57989851297531,51.477969290776265,10.007364922980505,10.409230873117686,-0.05093482647418754,38.04334308773163,10.152809979066198,1.618312757201646,1.2759977681846877,0.025372858697832477,-0.33672753606044264,-0.07740662480475148,-0.09504936308824526,-0.19649425630425038,-0.11787155423804752,0.004545312554583466,-0.003143645004688473,-0.02549438367203598,1.0,3.3669812020444017,25.0,3.054,1000.0,500.0,500.0,1080.0,1080.0,1080.0,0.0,1.0,26635.0
48.77942516105031,51.313104891159355,10.372233709788336,10.158935445945382,-0.05957370634578214,38.50401789363955,10.123565919908634,1.6786313654001914,1.1860080210315447,0.006535671900401264,-0.38837628802426366,-0.039701703047268874,-0.08438455810236503,-0.13323411185105893,0.10500094417410435,0.02355309676443285,0.10203359230562319,-0.0050048791570688495,1.0,3.4523405525777737,26.0,3.098,1000.0,500.0,500.0,1071.0,1071.0,1071.0,0.0,1.0,27706.0
48.317721234946504,51.8388734156325,9.476346597294333,9.83819420078413,0.03298131444683113,38.137704363853075,9.719491564811113,1.3904015094286089,1.2017040895095008,0.07201853855321587,-0.28310693549512445,-0.052912710060776746,-0.07601640754908705,-0.135088480450825,-0.04383138651771721,-0.04384490877367246,-0.07234009454857031,-0.04272318652928425,1.0,3.4141736767827253,27.0,2.93,1000.0,500.0,500.0,1062.0,1062.0,1062.0,0.0,1.0,28768.0
49.330823415915724,51.39960624064055,9.544018573587989,9.635387557654274,-0.02574394980698621,38.227206050727816,9.732605264124865,1.718335261657717,1.1979620296995424,0.006591607437407907,-0.3902819716182205,-0.06670333951041964,0.0701491172588845,-0.14081641965363448,-0.07229290475514631,0.05514881480747634,-0.029429125861360903,0.05894534653448294,1.0,3.415725922035728,28.0,2.974,1000.0,500.0,500.0,1039.0,1039.0,1039.0,0.0,1.0,29807.0
49.025050123649386,51.12096302804276,9.678125584157689,10.07725267783376,0.02083345148394244,38.745145292105455,9.953621209257237,1.4984096922031538,1.2580583297838963,0.011260381665625343,-0.39917440357893297,-0.017308950921250822,0.02071198282149684,-0.15535068482659967,-0.14943233208255835,-0.023446601405776528,-0.003674840800045074,0.06951236346228604,1.0,3.332381243932231,29.0,2.874,1000.0,500.0,500.0,1052.0,1052.0,1052.0,0.0,1.0,30859.0
48.53642849949119,50.633907672661806,9.493292366978155,10.143207456641052,-0.051582071176958566,38.19804133095455,9.85319759923472,1.6903601504498902,1.2244305960888597,0.09959322688461973,-0.3860487394560088,-0.0026627687814062147,-0.1268718239541513,-0.21416786095759505,0.05246271050662444,-0.07738772696613729,-0.0717504243938892,-0.03694440619953581,1.0,3.3783588542627805,30.0,3.054,1000.0,500.0,500.0,1086.0,1086.0,1086.0,0.0,1.0,31945.0
48.82743395772675,50.17789221532365,9.634636805843867,10.767131017096364,0.05514758368101451,37.82279602302639,9.359499892055691,1.4512784383995188,1.2290670972996955,0.07998484907210719,-0.3291948141117772,0.04812498953369783,-0.05167976669171442,-0.0032635924734868123,-0.08868504043101315,0.06989468857104503,-0.02707658958015375,0.06529435968203803,1.0,3.346770666439914,31.0,3.022,1000.0,500.0,500.0,1129.0,1129.0,1129.0,0.0,1.0,33074.0
49.84748541505845,51.51593514277783,9.01220167926761,10.808721983558984,-0.0033033112117604427,38.09382714906496,9.862378271043777,1.6113042763569314,1.2835147895889518,0.02039288966354784,-0.36300638620331804,0.13771635256145934,-0.039264473723176124,-0.1925530616412787,-0.20639052850573236,0.0017374361431200139,-0.09717692293663702,-0.11082249483119566,1.0,3.4329194678565074,32.0,3.022,1000.0,500.0,500.0,1058.0,1058.0,1058.0,0.0,1.0,34132.0
49.66558890774543,52.01212223039588,9.117020024048212,11.164025597903368,0.053373269441030165,37.6094743297676,9.491385057974759,1.4585372747009933,1.1520828140893686,0.08956061864690784,-0.3015637281722097,-0.026502798804639627,-0.026540027226423398,-0.16322706764417488,0.004972496914778556,0.042257588229326314,-0.10232723073820185,-0.01119490618734756,1.0,3.376246273386157,33.0,3.022,1000.0,500.0,500.0,1116.0,1116.0,1116.0,0.0,1.0,35248.0
49.82968969607807,52.156247928796624,9.442231843680192,10.918638679054562,-0.0076601574486994325,37.48102106213452,9.383379919147133,1.5375878853434288,1.2227161781519043,0.11390403692897719,-0.4141789539079709,-0.07424569634745594,0.0440918443319222,-0.08382858686058876,-0.07321144110667212,-0.04407115398616884,0.021097460268085653,0.009759193474571354,1.0,3.472915357791971,34.0,2.846,1000.0,500.0,500.0,1075.0,1075.0,1075.0,0.0,1.0,36323.0
49.90299368874763,52.97144211602333,9.290763919505324,10.865230894035852,0.08562961117509961,37.56890477364725,9.842072473247407,1.6525706550911337,1.199195659030465,0.0966911002776414,-0.3512345164421568,0.038189895187192416,0.01192019294328606,-0.16129846944999354,-0.0908246377455087,0.07410875048138096,-0.08791512727853355,-0.030850771721234606,1.0,3.530557926977889,35.0,2.958,1000.0,500.0,500.0,1035.0,1035.0,1035.0,0.0,1.0,37358.0
50.404593372234686,52.87479215727248,9.39808375237583,11.154834168983012,-0.0620719448528206,37.055893468217654,10.063941999319454,1.594535956584669,1.0944596581915478,-0.0009825823293803373,-0.22392219838642963,0.06286546533576656,0.031281427705835044,-0.20190615855229335,0.006523233252786429,0.0046628094061106394,0.014779863887824896,-0.04044488507620771,1.0,3.4964987943008166,36.0,2.92,1000.0,500.0,500.0,1017.0,1017.0,1017.0,0.0,1.0,38375.0
49.97829216177689,52.37332634574347,9.59749649946126,10.802300091261467,-0.010790115132548145,36.22693482078935,9.711736110555847,1.5922150735951892,1.1268153841722863,0.14682441540791658,-0.208982376471012,-0.024198184610557564,-0.05711722517997792,-0.0803615652258156,0.010460646652423126,-0.1023023865640299,0.005519983537394254,-0.002652350796075828,1.0,3.4026752734161017,37.0,2.844,1000.0,500.0,500.0,989.0,989.0,989.0,0.0,1.0,39364.0
49.784145090712116,52.61821673291464,9.325440456398194,10.581964765739931,0.05708597082147285,36.80043404834213,9.81357482862196,1.423826668505361,1.2517786845666832,0.17076242481727447,-0.3184616758671365,-0.07194270465555029,-0.10916614308031042,-0.14202694403264673,-0.08577880145710413,0.03590426216751928,-0.1345246993256576,0.10767997140460414,1.0,3.423573953479503,38.0,3.106,1000.0,500.0,500.0,1067.0,1067.0,1067.0,0.0,1.0,40431.0
50.4794635869099,52.54575253751469,9.545080900662269,10.423169950125384,0.056949666900971876,36.393023185600235,9.52187773570713,1.3450139793457292,1.2279883929262196,0.0484195336325059,-0.3405832010236121,-0.014508197394370422,-0.06691155225533645,-0.1679536139644386,-0.060116594864137105,0.016936287457062427,-0.06364333699425248,0.04874074411729971,1.0,3.4410128396424273,39.0,3.236,1000.0,500.0,500.0,1111.0,1111.0,1111.0,0.0,1.0,41542.0
49.833578031745695,52.85851944858738,9.497253350212736,10.95626893674751,0.05018068239604952,36.57263770037129,9.45366831524982,1.5775391284321187,1.1604266962135341,0.08141186797014689,-0.3936738724002234,0.07196243805889348,0.08507223191028251,-0.18306164788358834,-0.03604574034847992,-0.009847126369330985,-0.13112369861964424,0.026825343392545796,1.0,3.514973682668973,40.0,3.11,1000.0,500.0,500.0,1126.0,1126.0,1126.0,0.0,1.0,42668.0
50.241892703607355,53.49445925423962,9.241935451848905,10.711526350983364,0.007691863225273616,36.123349931779245,9.764205259314082,1.5491596739969147,1.1528669054251868,0.14778351563068035,-0.35580299472671256,0.057220668702084206,0.17198597708020708,-0.18966505413605225,-0.11636881948954209,-0.011594716591443871,-0.0542063770289597,0.00018222244018434612,1.0,3.5481745019250077,41.0,3.026,1000.0,500.0,500.0,1152.0,1152.0,1152.0,0.0,1.0,43820.0
50.35584114434902,53.765880067663424,9.42171585683447,9.917103213865708,0.049148310618419594,35.512083111240436,10.075658159388846,1.5618403397148448,1.1525372117428927,0.11708622338614784,-0.31994707057038935,0.00997191565198687,-0.008658506815213964,-0.19944956606183165,0.030995533360720424,0.021894710944805107,-0.08764996561091666,-0.026064135578072398,1.0,3.649149833629573,42.0,2.896,1000.0,500.0,500.0,1093.0,1093.0,1093.0,0.0,1.0,44913.0
50.197184819333394,53.64042842491446,9.1073954515301,10.01754915913362,-0.0033061226156157163,35.232943930742636,10.233027811224767,1.6881537056761606,1.134110945004693,0.1576942204453518,-0.33287779025668607,0.05036793688072538,0.07814105767388728,-0.09064070642655588,-0.004638244001848161,0.03481951484456697,-0.0535997601840517,-0.045688908582650366,1.0,3.6240422595877413,43.0,2.876,1000.0,500.0,500.0,1013.0,1013.0,1013.0,0.0,1.0,45926.0
50.475661007599705,54.103200080850094,9.320587812876294,9.868529314422746,-0.03652391428768745,35.552941953589645,10.372497900197873,1.5423609097156483,1.104085816157902,0.1139269568129219,-0.26807284815313565,0.016197601973719195,0.10329189904068618,-0.1773281759011925,-0.026907845118679788,0.04793696764787236,-0.1484029856134645,0.17106299068938824,1.0,3.5609797385798387,44.0,3.14,1000.0,500.0,500.0,1097.0,1097.0,1097.0,0.0,1.0,47023.0
51.009544712943516,53.87371687587702,9.151593565773426,9.52114613871388,0.01154060444073635,35.657371158324615,9.784007657353957,1.6277987292108143,1.0536948298054223,0.040180979903889844,-0.3061006959208763,-0.05268710977482021,0.049023187248238,-0.06286295954098073,0.15067197512107497,0.027154837540991208,-0.032836590654917196,-0.026813664538632848,1.0,3.562788478480977,45.0,2.958,1000.0,500.0,500.0,1129.0,1129.0,1129.0,0.0,1.0,48152.0
50.981406778770555,53.69988455209664,9.123716160431735,10.081115564072146,-0.05338404532764894,34.51611879056224,9.676811885381785,1.607552716377409,1.115379030674873,0.07721212435610372,-0.34887110673905275,0.04310006967586673,0.0827542858467659,-0.20640951783370004,0.031552032958428886,0.013100969722934064,-0.06824579623697101,-0.04286961468397911,1.0,3.741778619792989,46.0,3.068,1000.0,500.0,500.0,1064.0,1064.0,1064.0,0.0,1.0,49216.0
50.5244323662997,53.11336977717877,9.443372389659856,10.09264588626609,-0.006938739203725235,33.91827533846437,9.79722370019935,1.4807656220679304,1.1784798385075812,0.05604208836787671,-0.3208181695322653,-0.0041584998858742415,0.02550518299585708,-0.10653103819180622,-0.06432628323105002,-0.02129075965127033,0.006359023516798858,-0.09544467628517474,1.0,3.628472116275525,47.0,3.024,1000.0,500.0,500.0,1095.0,1095.0,1095.0,0.0,1.0,50311.0
50.2873604029923,52.769401290094514,9.345638358660581,10.682606087357811,-0.015128262190836905,33.47063393249572,9.853507618287905,1.5681509673098597,1.1688510175030598,0.06734543180281861,-0.21773759188176467,0.029337378417485446,0.023641924744495224,-0.1521086166016502,-0.14615500132973813,-0.0913653661785956,-0.02993381697704954,-0.033311100025837176,1.0,3.7009313463025606,48.0,2.99,1000.0,500.0,500.0,1054.0,1054.0,1054.0,0.0,1.0,51365.0
50.615851523885304,52.09305703678345,9.06010184855075,10.32605724847306,-0.05091114533375891,33.14156104331514,9.735883878486801,1.4728569326710554,1.1037401791258847,0.09289006294961756,-0.32115337003382516,0.10884498212342174,0.15258478814671586,-0.1161420592678222,-0.01728330794234176,0.05774737603067802,-0.025041945578273675,0.0972433612395033,1.0,3.6019196982752786,49.0,3.074,1000.0,500.0,500.0,1103.0,1103.0,1103.0,0.0,1.0,52468.0
51.29697273175905,52.704035079802196,9.47162553835258,10.783691615162066,-0.03102432501826684,32.755133290385075,9.254816413442269,1.4974242593005127,1.2809297418453938,0.07719311481392882,-0.3126855651482211,0.001258432835865539,-0.11899320678250588,-0.06376782456413094,-0.13216685147451085,0.030804955482107918,-0.033530293040124066,0.03340927485167238,1.0,3.5004104710476422,50.0,2.958,1000.0,500.0,500.0,1072.0,1072.0,1072.0,0.0,1.0,53540.0
49.53891564691853,49.77700102499066,10.502338539597424,10.367730123375344,-0.013643652595313124,50.558868224836495,9.814675899673519,1.8068978499401365,1.2529801164450873,-0.10914483594722336,-0.530508649738906,0.05387437400832874,-0.077268374792393,-0.2496198923936469,0.10011865786908597,0.007809329196170721,-0.030187293604332345,0.01660806402244283,1.0,4.088,1.0,3.23,1000.0,500.0,500.0,1023.0,1023.0,1023.0,0.0,2.0,54563.0
49.06265521965068,49.7493085869138,9.585458064012618,10.784506562771243,0.08817621798864346,49.6274884224598,9.931867276729692,1.4875400498397997,1.1498193011998836,-0.051618003759436995,-0.40037111257527724,0.03670913297900365,0.0017389479150889497,-0.27396159192889913,0.0933035316946259,0.047649864898696534,-0.10092588644621656,-0.06331005188671547,1.0,3.9391550118058665,2.0,3.268,1000.0,500.0,500.0,1060.0,1060.0,1060.0,0.0,2.0,55623.0
49.253666943272236,50.151181928556824,9.599651170865524,10.784718571923532,0.08041902750801067,49.14996156314604,9.686796682117443,1.8040592264035566,1.281960067053344,-0.18085655521712848,-0.33334196301900865,-0.02851501472635822,-0.17928600816902368,-0.26099668600954196,-0.065839487420199,0.04017529199510451,-0.03416431341214453,-0.09637151063857632,1.0,3.9982700439611776,3.0,3.18,1000.0,500.0,500.0,1063.0,1063.0,1063.0,0.0,2.0,56686.0
48.714411058334264,49.40237575566831,9.441814294921294,9.951304942149996,-0.0016421377161545067,48.72880997112608,9.837745027805125,1.4524668305191137,1.2376946675575669,-0.06908885918720706,-0.4178508093279428,0.03956002617094136,-0.06199444352503897,-0.16251780736644716,0.005399987853805342,-0.0019543287864530897,0.006081861539504717,-0.003073344609362042,1.0,3.8066351512144183,4.0,3.134,1000.0,500.0,500.0,1062.0,1062.0,1062.0,0.0,2.0,57748.0
48.307745194893876,49.896209755523756,9.411414037671209,10.031353080314691,0.012892360982262934,48.11846986293214,9.787184051682889,1.724163108522087,1.1249749125929212,-0.05867867190009556,-0.38286324482560585,0.052582869779876286,0.03153755471351002,-0.18285821149970782,0.08984815663845093,-0.006901800630574856,-0.1071813594120492,-0.018247590558099918,1.0,3.740605176364567,5.0,3.148,1000.0,500.0,500.0,1004.0,1004.0,1004.0,0.0,2.0,58752.0
47.42211109153629,50.72852080307482,9.833184964066172,10.323196867275682,-0.018559540718631164,47.9967803252657,9.948769434191636,1.7556632933123586,1.1728987129395834,0.06743695218567046,-0.3910040115720654,-0.03745082448345728,-0.020177322958405037,-0.24759229286208045,0.0536697538934616,-0.026322309596869063,-0.11913485529895086,0.0300381342119637,1.0,3.714567678125294,6.0,3.152,1000.0,500.0,500.0,1042.0,1042.0,1042.0,0.0,2.0,59794.0
48.45779345947087,50.64534594677614,9.483619718095877,10.01150185501853,0.065701641882347,47.16750654229144,9.34310413248224,1.6181146292795634,1.1584257300504082,0.011783209197010982,-0.29037935254911823,-0.042203069295867306,-0.055773181935063545,-0.24979384900550858,0.022583683471342608,0.06229415521257656,-0.018923753086205617,-0.07542839579569424,1.0,3.5987054165138628,7.0,3.16,1000.0,500.0,500.0,1104.0,1104.0,1104.0,0.0,2.0,60898.0
48.38218428794187,50.716370996164294,9.687778731537845,10.054100310545735,-0.09782610350558514,46.89679728930396,9.748950249895692,1.546798848783308,1.1489259977385025,-0.018199262594833423,-0.3726061815874577,-0.011038860963297141,-0.06945986329524538,-0.2685551952013,0.13382739866532092,-0.03949063083968792,-0.04595941212133677,0.0045996057956518635,1.0,3.5173933295341393,8.0,3.102,1000.0,500.0,500.0,1049.0,1049.0,1049.0,0.0,2.0,61947.0
48.75647632047735,50.681919658661975,9.565487798174917,10.277967824467828,-0.002818070914519005,46.026779704150385,10.417291079135431,1.6493072509765618,1.2480850973736681,-0.04475151575711665,-0.44743510890160754,0.031224803756230005,-0.024936071080935766,-0.23197943359439135,-0.03545511408925785,0.06949642591077537,-0.07363158500765768,-0.007192695841836139,1.0,3.622176156598585,9.0,3.118,1000.0,500.0,500.0,1024.0,1024.0,1024.0,0.0,2.0,62971.0
48.030070967195876,49.67016133590759,9.367357017614186,10.194508816238422,-0.016094241232347185,44.918549639858256,10.105360717585675,1.504839659961283,1.0947440489454312,-0.008220736749091347,-0.34595994684224035,-0.024652993411275404,0.13577491530418256,-0.1559770938620492,0.020526847371074484,0.07312713209989759,-0.009329988571277497,0.08329438548158731,1.0,3.704975995806405,10.0,3.034,1000.0,500.0,500.0,1090.0,1090.0,1090.0,0.0,2.0,64061.0
47.728381016097075,50.1824769691226,9.577197695233114,10.117063387944572,-0.02218113525236357,44.426776714007836,10.19492088615461,1.5932277854032282,1.076487911087077,0.02779942289870705,-0.2762384689920739,-0.04061044960439695,0.0293603655466413,-0.22938602861924795,0.0930735843971034,-0.07227393602158769,-0.13485624787749545,0.024044521198707924,1.0,3.6838132424453782,11.0,3.164,1000.0,500.0,500.0,1031.0,1031.0,1031.0,0.0,2.0,65092.0
47.50249655976725,50.4700624145633,9.379183110307753,10.800273664624633,0.04527834566761307,43.663360770815196,10.47510059277957,1.5417033139040857,1.1437430215776885,0.053871930827277516,-0.2693753878505952,0.05327046622090751,0.09233772380475912,-0.19505423315091797,-0.11120417788049884,0.012811853554642115,-0.08158592952208911,-0.042502037516762674,1.0,3.6489163660410657,12.0,3.072,1000.0,500.0,500.0,1036.0,1036.0,1036.0,0.0,2.0,66128.0
47.266582425222104,51.02662324796159,9.62572506518722,10.867743833644845,-0.021086956040550074,42.69537301097881,10.241651384285092,1.5283147735429619,1.1327177905762997,0.059593875840722385,-0.36622392504660056,-0.08766895497816753,-0.03264384427009614,-0.23954983880412367,0.1258291313280705,0.014619468847563972,-0.08585392788689064,0.04544924065721957,1.0,3.708621878340575,13.0,3.15,1000.0,500.0,500.0,1031.0,1031.0,1031.0,0.0,2.0,67159.0
48.48606884454835,50.748513657775035,9.726968109497367,10.773491274904988,0.04657812100429916,42.49947513896934,10.632067823799293,1.585733882030178,1.2689751813739667,0.041204744212769165,-0.30803769696959415,-0.02813661629997933,-0.1204593620448185,-0.15465100505590595,-0.1234186524492791,0.060928984373976564,-0.09524928654528864,0.002971093284341692,1.0,3.682685787674655,14.0,2.934,1000.0,500.0,500.0,1080.0,1080.0,1080.0,0.0,2.0,68239.0
48.802446025880506,50.40911471151152,9.622969377588692,10.30381227751943,0.006653384520882945,42.42811889876046,10.504742873290823,1.5013163618049052,1.2239611792684855,0.056817296832615334,-0.39175384252813567,-0.0994772590630513,0.053140356727723645,-0.1895132946586038,-0.1337002111383955,0.035643017524723465,-0.12709692609853354,-0.021390559008503666,1.0,3.5130405976153747,15.0,2.904,1000.0,500.0,500.0,1045.0,1045.0,1045.0,0.0,2.0,69284.0
48.53834618243657,50.357305755540054,9.811369437084423,10.61310865278816,-0.009308144206884151,41.971295076896205,10.464146984114361,1.7026125393548928,1.1947095043908966,-0.02983167425115482,-0.3451243391739657,-0.06306459960624321,-0.05767066733296723,-0.1480413549257961,0.008311427344507308,0.04697335203618146,-0.03691102828176642,0.01652856234492634,1.0,3.5120265634440413,16.0,3.15,1000.0,500.0,500.0,1095.0,1095.0,1095.0,0.0,2.0,70379.0
48.23501720421829,49.66861456111576,10.006133199818802,10.38642003633159,-0.09630474378885671,41.126114504549705,10.56690388868008,1.4118827013086248,1.1438731225086844,0.04155147939670116,-0.3148100123468262,0.015556881883321596,0.037843326979068254,-0.13905507302944767,-0.00872864120091518,0.018828540381317774,-0.007149366700277854,-0.014270639531548798,1.0,3.4832881891365877,17.0,3.026,1000.0,500.0,500.0,1102.0,1102.0,1102.0,0.0,2.0,71481.0
48.23775439309787,49.9654103621373,9.763044470512543,9.999602864845137,0.06790551739793871,40.95267213205392,9.98381878667477,1.710619013143239,1.1846744772414461,0.036396581769383964,-0.2443545494831004,0.08197225363870281,-0.13540742833550912,-0.22834966167574958,-0.003092551027861929,0.09248117071007014,-0.02186125665865136,-0.0700482156555948,1.0,3.4970991909725675,18.0,2.994,1000.0,500.0,500.0,1072.0,1072.0,1072.0,0.0,2.0,72553.0
48.81573204822625,50.017877387208564,9.810495451091011,10.425827901045077,0.009653111600623474,40.6314009458959,10.483791473882638,1.5467211150545985,1.1224676238554954,-0.0046272789670792625,-0.2729271295234499,0.02087815751438618,0.08632298614783859,-0.15632261690517354,-0.06565193059709572,0.044342755407490504,0.03907079235240091,0.07740283884387222,1.0,3.5174905025398244,19.0,3.016,1000.0,500.0,500.0,1007.0,1007.0,1007.0,0.0,2.0,73560.0
48.79628641024529,49.91908128102922,9.893761068474804,10.322622991810654,0.0012252011441564205,40.27974764358652,10.354139362046075,1.5731539665774377,1.188360506657929,0.09418660206065141,-0.3510060420706468,0.002672852148685835,-0.0076006588058178,-0.24416319915464982,-0.013776019121413442,-0.03203436044715437,-0.050887362437590296,-0.002748633046950059,1.0,3.6299688715498926,20.0,2.992,1000.0,500.0,500.0,1069.0,1069.0,1069.0,0.0,2.0,74629.0
48.562832227129135,49.86069331927341,9.668402962671232,10.426544110551115,-0.022067851409687398,39.655216845572205,10.241326514813377,1.7692164509323094,1.1599835123326958,-0.02043811712068002,-0.5342993034635066,-0.013931138769867731,0.10768331652931155,-0.22968691544378544,0.10590237937200793,-0.02300455146717382,-0.012680470173608443,-0.07005016363672434,1.0,3.549583256653214,21.0,2.996,1000.0,500.0,500.0,1097.0,1097.0,1097.0,0.0,2.0,75726.0
48.74251078084756,49.579189906207745,9.760095854887606,10.464615236331648,-0.028296132777722378,38.9057882518082,10.073444943871705,1.9222973462929618,1.2294910142530386,-0.0033060187450773735,-0.39621760354969604,-0.010183766218633476,-0.007548606798305871,-0.23215639919588818,-0.0692049006128176,0.01879641600187458,-0.1114636717563432,0.06172306276161257,1.0,3.377389277580273,22.0,2.874,1000.0,500.0,500.0,1017.0,1017.0,1017.0,0.0,2.0,76743.0
48.43610521165959,49.820861966480074,9.474943336697152,10.888364743564939,0.03250771716563912,38.13543117085338,10.279870188582406,1.5297052154195014,1.1738657556000944,0.06634590499007283,-0.25227364035269195,-0.042658210887025066,-0.046830984611456045,-0.21813988249249944,-0.058634615419014845,0.045464659774345016,-0.06612595019391918,-0.053024234625068487,1.0,3.4040273028893417,23.0,2.834,1000.0,500.0,500.0,1050.0,1050.0,1050.0,0.0,2.0,77793.0
48.85331076783316,50.094337775221,9.412141147476158,10.705338986937894,-0.010719785047728572,37.74038158095379,10.041168550883096,1.5521150267144792,1.2293950091398114,0.011624002253072394,-0.4308906226830208,-0.009105723235864222,0.027010294718339746,-0.12009612831232348,-0.058673762832259405,-0.032669109584399975,-0.04805516789717966,-0.015773708798739235,1.0,3.421159495403337,24.0,2.872,1000.0,500.0,500.0,1087.0,1087.0,1087.0,0.0,2.0,78880.0
48.76471420683034,49.59821302202608,9.239640152635571,10.616607260972561,0.009188341245448125,37.07974900039625,10.078307320027553,1.635710929474778,1.08067024652028,0.018156956389357,-0.32070767845024767,-0.06593622151827878,0.12184512739577794,-0.16724500244152238,0.0345156458886568,-0.000235361539102517,-0.051979515915961776,-0.06710926440892466,1.0,3.486783632076092,25.0,2.812,1000.0,500.0,500.0,1053.0,1053.0,1053.0,0.0,2.0,79933.0
48.713120705903904,49.953096207692745,9.656613090716185,10.638315687087,0.04473567278258987,36.5610595828246,9.9945909136232,1.6291423085201984,1.117428881264021,0.05002339236197012,-0.26531171905177825,-0.07068964641455565,0.013913611052528889,-0.11656412710220797,0.01986851693385338,-0.04218404671702992,-0.043283598226789746,0.050963334807641876,1.0,3.5104883063859673,26.0,2.938,1000.0,500.0,500.0,1082.0,1082.0,1082.0,0.0,2.0,81015.0
48.32734895194084,50.53073847319954,9.263870505979083,10.752531181680832,0.04563219418777386,36.921107134409695,9.762038024488229,1.6903833013731844,1.2024980502247968,0.11004284783634913,-0.2564619796361579,0.024569720346176122,-0.028893257288030532,-0.12246471592046976,-0.13618680417394335,0.07758621454214147,-0.07343741892518771,0.0014585822176138026,1.0,3.452732947049458,27.0,3.072,1000.0,500.0,500.0,1065.0,1065.0,1065.0,0.0,2.0,82080.0
48.37598177890021,51.25012734699981,9.474007189465066,10.66065024842688,-0.002103385137280274,36.845104332767264,10.068222769180279,1.4836059959263976,1.14102612156825,0.044444467525502,-0.2707704969859947,0.05288425890667976,0.05877018322311993,-0.1330161873394589,-0.07299149134890091,-0.06713295096912847,-0.06031862063404804,-0.04919483854212001,1.0,3.3911057384319374,28.0,2.988,1000.0,500.0,500.0,1127.0,1127.0,1127.0,0.0,2.0,83207.0
48.47068631888804,51.23854395904321,9.606462956131072,10.525990719273114,0.020774870667887246,36.128419727819825,10.114049275672668,1.6667258892787722,1.1594776843014514,0.11759806352305335,-0.34508247432695305,0.013940057837631345,0.02598024309865817,-0.11482265509704014,-0.03943260519714411,0.009900582664342027,-0.15435558855679826,-0.09664418841972264,1.0,3.4785122119981478,29.0,2.916,1000.0,500.0,500.0,1082.0,1082.0,1082.0,0.0,2.0,84289.0
49.219685498619995,50.97092715916306,9.474200604445095,10.483811323647574,0.005685596114969777,35.91259890519659,10.056947098743574,1.73853550295858,1.1191389848501963,-0.0032096152373342277,-0.3383879938543883,-0.07234475331359379,0.017400330575129044,-0.20484605578665452,0.07882212943032468,-0.004583421064355735,-0.061589746600737114,-0.05173933620777374,1.0,3.4764161556878537,30.0,2.734,1000.0,500.0,500.0,1040.0,1040.0,1040.0,0.0,2.0,85329.0
49.95239224985816,50.81798036530349,9.562580255602905,10.274848713230467,0.01246153574924375,35.059340798477315,9.816467832713652,1.5858510039407026,1.2259646332564238,-0.04951105991897355,-0.3815263736981433,0.1349440049849034,-0.022309549609912112,-0.10964385188838446,-0.05318999264390813,-0.01573076144873252,-0.05560369216395962,0.005570406865605606,1.0,3.4126622815968286,31.0,2.93,1000.0,500.0,500.0,1095.0,1095.0,1095.0,0.0,2.0,86424.0
49.33191020335303,51.23631119810393,10.015707802559131,10.707582900474085,-0.05017082822062128,36.00121816254438,9.300136678757871,1.6443634347769045,1.2470277065357167,0.013466861243538604,-0.46646536686078466,0.021572157357677115,0.029823621966407914,-0.20981413863210654,-0.0512057065474303,0.06304084367645116,-0.04965427921608449,-0.002802128655547145,1.0,3.3672108426615206,32.0,2.944,1000.0,500.0,500.0,1101.0,1101.0,1101.0,0.0,2.0,87525.0
49.92017021823789,50.82999130295936,9.631612965411021,10.579633852496189,0.061822335814221745,35.09912801616726,9.995765967027673,1.7320974856855103,1.269019266764063,0.06512593436626038,-0.4127975203974981,-0.04104743251911381,0.08018582093221256,-0.29861900254824514,-0.18984316883117686,-0.03970037374883582,-0.1023048095334334,0.018841533423703913,1.0,3.38381168995666,33.0,3.066,1000.0,500.0,500.0,1106.0,1106.0,1106.0,0.0,2.0,88631.0
50.10988793907543,50.47460859013971,9.40797975875182,10.883342018004933,-0.030938230946196476,33.7450502977673,9.870623758645063,1.7528337042596132,1.1799331961627118,0.011019393214717675,-0.37600639907653544,-0.012405409240752842,0.030590481196743673,-0.23242872136084347,-0.0009455540578726216,0.01846031704387072,-0.12338679223569625,-0.05283079327603882,1.0,3.4597446679290202,34.0,3.042,1000.0,500.0,500.0,1112.0,1112.0,1112.0,0.0,2.0,89743.0
50.06949265092501,49.734439141326064,9.180849813341958,10.889497485386336,-0.012061922633173888,33.96158646399955,9.738184687150351,1.5893982356647762,1.1046954536139921,0.016027837712886846,-0.3995872006783169,-0.03091913047958717,0.15762263375584265,-0.1424107943648387,0.0356935115791481,0.0385740724391482,-0.0019700547297588776,-0.07319735897154357,1.0,3.379495770167903,35.0,3.016,1000.0,500.0,500.0,1104.0,1104.0,1104.0,0.0,2.0,90847.0
50.10812573512955,49.848072245980525,9.227323831962213,10.32577410767083,0.006695468895491849,33.68564138435673,9.703155896231701,1.5208804283164774,1.1757020799838545,-0.0894951524084595,-0.30257871864682556,0.12610735654116512,-0.09103712852305085,-0.13396252201828782,0.04176556650268016,0.027280842666780252,-0.07910947184051093,0.03913138258842256,1.0,3.4668581716611278,36.0,2.812,1000.0,500.0,500.0,1025.0,1025.0,1025.0,0.0,2.0,91872.0
49.92107170096898,49.80620330794136,9.181674100137302,10.243062888524118,0.031894499028190325,33.20800323880816,10.128051169344726,1.6932153597683228,1.2428159031427026,-0.03168145011036949,-0.3716003259646745,-0.014624520286314745,-0.09694462870453822,-0.21633624404875534,-0.025870184952338594,-0.00802493072761356,-0.07709667640723408,0.013393252061439489,1.0,3.417239735318358,37.0,2.938,1000.0,500.0,500.0,1072.0,1072.0,1072.0,0.0,2.0,92944.0
50.86424209999539,49.56961694615007,8.863585582347554,9.936448242937834,-0.02119581626110005,33.233212495552856,9.702661563116548,1.5404973025711663,1.1809488322862904,-0.15540412767076217,-0.25382834039180396,-0.022067860228424503,-0.03796263879211879,-0.13589672854823204,-0.07017369070467963,-0.043389750541755825,-0.0480259825529555,-0.0492797209777209,1.0,3.4495986644356433,38.0,2.994,1000.0,500.0,500.0,1056.0,1056.0,1056.0,0.0,2.0,94000.0
49.95555682740074,49.950607082040754,8.786693127092391,9.791713959732514,-0.04498366074264105,33.261421788501934,9.367014885884018,1.5770572155716853,1.0709209051226891,0.013119028221252736,-0.22646864339832945,-0.025406022353894463,0.0346613922859165,-0.13117839134841824,0.06110233113258039,0.05303440157249957,0.0013747195316084046,-0.10371737570971513,1.0,3.5767019751342484,39.0,3.194,1000.0,500.0,500.0,1030.0,1030.0,1030.0,0.0,2.0,95030.0
50.28384698149838,50.437494337601045,8.771688533066637,10.22010065181869,0.0035249048446253897,33.012409856915966,9.597413508009067,1.6037815431223148,1.1535081236380247,-0.028093812267949898,-0.32854603961503276,-0.07006455391889585,0.012298208107762503,-0.11801581081866751,0.0075086890118584455,0.02956404630437683,-0.01671545048720942,-0.030937483972136214,1.0,3.4628180330887184,40.0,3.216,1000.0,500.0,500.0,1069.0,1069.0,1069.0,0.0,2.0,96099.0
49.83989776429243,50.064479913354894,8.74973624775833,10.00263008122613,-0.02655841728713404,33.33401118887432,9.770606876709397,1.6054339611144166,1.2267236510142896,-0.015418822964933743,-0.3614941742010273,0.0749781486971116,-0.033709326324897336,-0.11939104829134127,-0.06439370962841226,0.006302300405179597,-0.06715821667518279,-0.024528273844902936,1.0,3.453707972315353,41.0,3.122,1000.0,500.0,500.0,1087.0,1087.0,1087.0,0.0,2.0,97186.0
49.811130417997134,49.249851848598325,8.635739852471989,10.89483013914683,0.038656984552747624,32.729095886430116,9.922967419086907,1.5122173646691912,1.2286101700166474,-0.1182849629741375,-0.24881009563378834,0.030637059543297037,-0.0914544245550664,-0.14637385187793978,-0.12340382917181628,-0.016981404974562072,-0.016155010154833168,0.0697943013605302,1.0,3.3863329281192027,42.0,3.194,1000.0,500.0,500.0,1072.0,1072.0,1072.0,0.0,2.0,98258.0
48.652271432867536,49.292226209229625,8.867066946571196,10.604330512985333,-0.020451053438334303,32.82126609250425,9.67159638295127,1.4882012816877959,1.0108291906734725,0.03481377037994853,-0.23577379124583922,0.035397281375409456,0.08430208613174203,-0.163713945715891,0.11610669869052957,-0.017829184911476278,-0.10420016751849498,-0.058399300327310666,1.0,3.3807342525188027,43.0,3.034,1000.0,500.0,500.0,1147.0,1147.0,1147.0,0.0,2.0,99405.0
49.30641127190389,49.29696638626219,8.426468997507952,10.266182142318192,-0.004336669320628508,31.827300547896776,9.781861489152098,1.3811486761258005,1.0810134750735814,-0.06345275529000206,-0.21656590253950672,0.04913423991468201,0.1440991531153416,-0.12869455012180897,-0.08468610105448443,0.03058999531037586,-0.0428595799950487,0.04036043503811019,1.0,3.394738175321429,44.0,3.046,1000.0,500.0,500.0,1039.0,1039.0,1039.0,0.0,2.0,100444.0
48.62793336853476,49.67263058111234,8.155999756696659,10.825857239260658,-0.013227852453100215,31.73874330731076,9.467621453085366,1.5933553932070477,1.0548904293288446,-0.016017915764720565,-0.2045803084141647,-0.039932132577519035,0.08845128230488498,-0.05014933371823074,0.004513514803331515,-0.046070577537956445,0.010308185234591401,-0.024017464063525257,1.0,3.407044293834059,45.0,2.894,1000.0,500.0,500.0,1054.0,1054.0,1054.0,0.0,2.0,101498.0
48.15014342897918,50.165314192965816,8.383931064112634,10.973901868120718,0.050287922937360986,31.45133393102037,9.427965582798649,1.5914668540430421,1.1020896294211373,0.058434114695023895,-0.24302344881632332,0.02168293131187338,-0.0979123314281174,-0.11842424108979029,0.14062487351588432,0.04125653821094091,-0.17316465252039684,0.10700155890548074,1.0,3.445894266202338,46.0,2.952,1000.0,500.0,500.0,1114.0,1114.0,1114.0,0.0,2.0,102612.0
48.173583241494896,50.44923489128153,8.581223592195753,10.374381902205254,0.04222814718619049,31.221343114799676,9.786912852013375,1.5528730318239403,1.28102405757605,-0.03771193143567626,-0.3820238240381737,0.009260041020522773,-0.010357376385496084,-0.07041742293823182,-0.17723566461841253,0.003710915150051034,-0.03244287707346349,0.01571798623593264,1.0,3.3773652417659723,47.0,2.972,1000.0,500.0,500.0,1041.0,1041.0,1041.0,0.0,2.0,103653.0
48.321524765945895,49.45338819709961,8.994899894639447,10.305859989009893,-0.012826794675188102,30.962023993235146,9.783676953990925,1.5946611735224785,1.1038749253595823,0.004795887982754868,-0.2714479931364269,-0.05581365487621943,0.03106169976359964,-0.16728206647707228,0.027301643475049972,0.07621753632496224,-0.0691604524492902,0.02926304112724084,1.0,3.3479550901574764,48.0,2.964,1000.0,500.0,500.0,1085.0,1085.0,1085.0,0.0,2.0,104738.0
48.12173176718533,50.28808857257073,9.374654412918664,10.051893774442446,0.0744462762925347,30.64745884183908,9.91710555180103,1.4474902100391596,1.2187661362581954,0.047773983762094296,-0.4507259293250507,-0.03029719932743672,-0.02944173418091575,-0.109782341531685,0.04585815162124752,-0.017724215303128146,0.03704197575187537,0.006183727921869512,1.0,3.2937312141668706,49.0,3.01,1000.0,500.0,500.0,1060.0,1060.0,1060.0,0.0,2.0,105798.0
48.49148745509012,49.999575990979096,9.18813197016109,9.947063860283427,0.009081660549930346,30.510814161031725,10.15513059514969,1.6512183305925077,1.2638604460637934,-0.0032158176305933954,-0.33702764825503134,-0.024797668633910572,-0.009920103295806075,-0.12602626775606718,-0.18214611928156482,0.07223214397289207,0.015875938923838075,0.0510805675492025,1.0,3.396211931281734,50.0,3.026,1000.0,500.0,500.0,1097.0,1097.0,1097.0,0.0,2.0,106895.0
50.0343186988265,49.06362535134031,9.689398670604222,9.855275912138485,0.04409250789235913,49.66364746308986,10.001815199949263,1.5400607303240392,1.1303991788364116,-0.22580491622448562,-0.202501984605489,-0.02702222176360903,-0.03911172132943022,-0.14319873364675786,-0.03491676756132699,0.06778858384670243,-0.06175968845179285,-0.05579929507197491,1.0,3.844,1.0,3.32,1000.0,500.0,500.0,1019.0,1019.0,1019.0,0.0,3.0,107914.0
49.46855414744275,49.495353205095746,9.390180907142158,9.873110681631442,-0.01289326066356122,49.642765624665145,9.689574475671694,1.4899866929973435,1.1921036669707703,-0.14403201091390902,-0.32340734416531763,-0.08153883289103571,0.008569666993170914,-0.1635309391740486,-0.06978417344959402,0.06580245655257826,-0.021178499621989248,0.025037285930320556,1.0,3.7922346613746116,2.0,3.318,1000.0,500.0,500.0,1029.0,1029.0,1029.0,0.0,3.0,108943.0
49.315515917270254,49.75970290311426,9.415945589810397,9.929641679911418,-0.049778172457717054,49.14140604830143,10.176728680938945,1.5578497686009252,1.0550299104328336,-0.1540591730229012,-0.24344334687807231,0.10045901859124555,0.10763876935648774,-0.20661764816727018,0.031009676768286,-0.033598637220195245,0.03380197141063238,0.0046105002786249565,1.0,3.917640568517043,3.0,3.24,1000.0,500.0,500.0,1060.0,1060.0,1060.0,0.0,3.0,110003.0
48.383069451461594,49.56626496265826,9.310274260620481,10.376987981162243,-0.047674878729565516,48.55335973493963,10.324494609705349,1.6266395037425323,1.1590414994108218,-0.07474606482246375,-0.21308442708678504,-0.12103662511497519,-0.013943467398207305,-0.24664324990685085,-0.10201480063513615,-0.08504005761767307,0.027105103668015353,0.018796181541320216,1.0,3.9615194207400317,4.0,3.308,1000.0,500.0,500.0,1106.0,1106.0,1106.0,0.0,3.0,111109.0
47.902453739096046,49.60880478668527,9.887562998506285,10.68254722148798,0.058031627090713606,48.09281242979911,9.906014133303954,1.6646655207166956,0.9655300731352972,-0.06365242100114837,-0.16804563837157888,-0.12023544005393332,0.22022104653499697,-0.3650207897609987,0.03044658405719629,-0.02721833672810671,-0.056214323252825556,0.03272422868678868,1.0,4.0095948517040485,5.0,3.3,1000.0,500.0,500.0,1027.0,1027.0,1027.0,0.0,3.0,112136.0
48.500594767063895,48.65471835964891,9.870479428804167,10.473222126436728,-0.002453731489668141,46.532313623334474,9.798558741382937,1.5047691865130428,1.0910425623515003,-0.06368900362602346,-0.22648959191208065,-0.044708913721944236,-0.003980282730213373,-0.17332271758371165,0.07187926727278961,-0.029698255276807032,-0.0765089570758416,-0.04118983586980103,1.0,3.9507739501005528,6.0,3.316,1000.0,500.0,500.0,1028.0,1028.0,1028.0,0.0,3.0,113164.0
48.0530710345561,48.75057406609422,9.822962993443694,10.614384380550973,-0.07182943129504063,46.453026000023605,9.851647668398801,1.6836217692181015,1.1985163880095675,-0.058942175979878594,-0.3357281945231058,-0.005761936136158504,-0.07668643680058401,-0.19854355279022964,0.008221470469608172,-0.028212288605684654,0.056843407912636576,0.005440204519895772,1.0,3.9257482902403327,7.0,3.27,1000.0,500.0,500.0,1022.0,1022.0,1022.0,0.0,3.0,114186.0
48.052475714355175,49.67711816000245,9.467214786650722,10.467539743652864,0.06626999382061169,44.808485891039496,9.556023106755287,1.6325584118500687,1.1807320581299239,-0.0013174489460361038,-0.31952526893113015,-0.047264112675275735,0.09477698233605433,-0.19324634866783227,-0.12750621959447317,-0.07622224733749214,0.015335617800501144,-0.009375482623426185,1.0,3.842713882470819,8.0,3.288,1000.0,500.0,500.0,978.0,978.0,978.0,0.0,3.0,115164.0
48.258602430108326,49.252690641035144,9.685662096938506,10.19247515453786,0.030903556791665756,44.22356181833955,9.247038017306355,1.8187138696658578,1.1819548451077277,-0.10382417038082775,-0.40160582002166917,-0.019232480889820623,-0.019098398399219917,-0.14637685761502925,0.055361702987346516,0.020454616946458344,-0.07145798121527555,-0.04345833662116403,1.0,4.002154765500479,9.0,3.192,1000.0,500.0,500.0,1002.0,1002.0,1002.0,0.0,3.0,116166.0
47.797630709045094,49.00219325517044,9.182130947879557,10.378588681638002,-0.06658458261712795,43.73148907271901,9.537126392157921,1.6719117526283098,1.2079096223030708,0.0048545635752297814,-0.345894699779134,0.02764116706661478,0.04171060757988126,-0.14606650257532597,-0.11786432002169321,0.059383446497906375,-0.12377996898496031,0.017093004897768802,1.0,3.8867250431609626,10.0,3.218,1000.0,500.0,500.0,1041.0,1041.0,1041.0,0.0,3.0,117207.0
47.33968580138602,49.09294478998393,9.077067264734207,9.617763861730575,0.012203561141417003,43.76035085965299,9.542544496372038,1.6777649903851752,1.179911335489001,0.06269038592716539,-0.23940698456095022,-0.04709782982901191,-0.09391894665869302,-0.12606240963522267,-0.022657013360585895,-0.04951111237846282,0.013500871666881653,0.021670809459058533,1.0,3.8131892253959583,11.0,3.364,1000.0,500.0,500.0,1048.0,1048.0,1048.0,0.0,3.0,118255.0
47.814360825415946,49.284709599581184,9.832537092175372,9.994136761742823,0.03945229821770534,44.20802358874514,9.660553712155464,1.633298035023982,1.2238550614785253,0.01639126300321751,-0.26233264131891937,-0.02140389867388841,-0.0652338810754191,-0.0809637558144166,-0.1198329098960826,-0.08910591755607761,-0.09347081085992272,0.10392757617929252,1.0,3.7165937613549267,12.0,3.15,1000.0,500.0,500.0,1099.0,1099.0,1099.0,0.0,3.0,119354.0
47.74603480393771,49.65710991494227,9.598589669013338,9.746713647179602,-0.017010602041834955,43.61196520014128,9.403619378997083,1.5240597867167451,1.1256851503995022,0.021185287694906695,-0.2747665364496983,0.05164490253265243,0.013428253798161451,-0.202792121700685,0.00846633028407838,-0.004391135489010042,-0.050793810667111264,-0.019838727255681435,1.0,3.7527652672030194,13.0,3.182,1000.0,500.0,500.0,1111.0,1111.0,1111.0,0.0,3.0,120465.0
47.535036627531674,49.52075599699601,9.473219886579303,10.27279567695002,-0.034559994131345306,43.33420593386081,9.11954627000667,1.6537358003411817,1.1109488443408824,0.004918195918975272,-0.41253379393468054,-0.05763620448383961,0.17680908239497534,-0.1381710768093541,0.018237694548183653,-0.07561051971083337,-0.104299025727765,0.04812125307437063,1.0,3.7961823298481248,14.0,3.098,1000.0,500.0,500.0,1062.0,1062.0,1062.0,0.0,3.0,121527.0
47.742165555901096,49.43505347327069,9.507892953164827,9.970245715224612,-0.00438174457921551,42.61956100837558,9.133482287732813,1.670213688714598,1.2186811143110736,-0.027544971669866414,-0.41922992330580955,-0.027673180495862763,0.01780627038727766,-0.12457344553866646,-0.036592227517711615,-0.02991500519134105,-0.0026221201737555177,-0.003220317888758787,1.0,3.80474349521457,15.0,3.064,1000.0,500.0,500.0,1121.0,1121.0,1121.0,0.0,3.0,122648.0
47.59144243365765,49.18017943134908,9.933600894297607,10.77165414054921,-0.021666117291781504,42.234020045422334,9.629801949639957,1.50893820070812,1.2060687038399847,0.0012648717118837155,-0.38066345664095685,0.11353190860976342,-0.04133463738547725,-0.13261178896912734,0.005122853096659241,0.0792035451166723,-0.0652348162233825,-0.10522972290293248,1.0,3.779644584405508,16.0,3.05,1000.0,500.0,500.0,1074.0,1074.0,1074.0,0.0,3.0,123722.0
47.53458712499317,50.0165473098215,9.864830509492418,10.707199027991859,0.013019026562366654,41.75597608562236,9.47967029675132,1.5007563543338145,1.1953282229664917,-0.028192749554636826,-0.3512670596509049,0.11972413742390992,0.01155842340637122,-0.21776348301614046,-0.0345234998355892,0.03968346549323231,-0.017632545343525086,-0.18381396482556825,1.0,3.7990563795151098,17.0,3.1,1000.0,500.0,500.0,1022.0,1022.0,1022.0,0.0,3.0,124744.0
48.049227394258565,50.168362306588605,10.325715586267126,11.148476453008463,-0.06549960908964245,41.10968747646221,9.852047898249063,1.410884353741497,1.1568211703384421,0.02674635322733864,-0.3060917706503204,0.06122111153716621,-0.0027297407962591728,-0.09324963952067536,-0.014197112633773136,-0.05338540636412039,-0.02797753602220377,-0.004410845745358421,1.0,3.823354025553026,18.0,3.132,1000.0,500.0,500.0,1050.0,1050.0,1050.0,0.0,3.0,125794.0
47.96740529591463,50.41395267473474,9.600797352049696,10.913953476829183,0.016471928637088497,40.99780610837079,10.151935286874421,1.512495194156094,1.14682530637363,0.0775893967125293,-0.27715394990952036,-0.03876897656237853,0.04581089345981658,-0.13629407774436758,-0.0639035542559203,0.003791619630887974,-0.01104853233188943,0.013426766694694104,1.0,3.802756336606356,19.0,3.108,1000.0,500.0,500.0,1020.0,1020.0,1020.0,0.0,3.0,126814.0
47.73434412018767,50.211282111879356,9.317344847439662,10.983320215627186,-0.029204877812247364,41.18243917842836,9.738779285496344,1.4453194686093551,1.2286717625826284,0.01020319255516225,-0.4389424017983819,0.0213158933800236,0.011132836108843455,-0.15650547555949573,-0.034251204177361536,-0.025590241773291597,0.03632555283408565,0.031856122435717796,1.0,3.714196909048577,20.0,3.094,1000.0,500.0,500.0,1086.0,1086.0,1086.0,0.0,3.0,127900.0
47.319966907064995,50.11074488096979,10.05278559043786,10.85561575679757,0.07847944906678847,41.35366850536883,9.599825075867727,1.6074955383700171,1.1437480276561327,0.08643874696434606,-0.4149309074415915,0.057318785427804914,0.08546125586182737,-0.19999105871335882,0.05863322058009885,-0.06064960151006,-0.040970461767259804,-0.04995797822329598,1.0,3.6931205694439013,21.0,3.11,1000.0,500.0,500.0,1025.0,1025.0,1025.0,0.0,3.0,128925.0
47.42108841494385,50.562962155457136,9.767292460536506,10.664380388429242,0.0018608418614701767,40.57701155316375,9.093554184775233,1.518393960371015,1.1458877247802304,0.08156991511973494,-0.30725535167865464,0.06372326947558886,0.0956914625198428,-0.09137715554907473,-0.07316090320346089,-0.023613437428636724,-0.06316039045990166,-0.020694556530342648,1.0,3.775956802460351,22.0,3.094,1000.0,500.0,500.0,1073.0,1073.0,1073.0,0.0,3.0,129998.0
47.77477088313152,50.02857937449169,9.43666683406361,10.671998550928858,0.025848692649414154,39.92874768734599,9.115468730030566,1.3216024120892407,1.0519208421969761,0.0026564097918340517,-0.24456537643021545,-0.04743165154952692,-0.02488325264170537,-0.21448252297099696,0.17532433688010643,0.03508777536530454,-0.02610924491696066,0.10804017240770736,1.0,3.8577093505918523,23.0,3.186,1000.0,500.0,500.0,1093.0,1093.0,1093.0,0.0,3.0,131091.0
47.78746328836606,50.397899961332065,9.43932185437808,10.756235919320583,0.028309794762832994,39.78459444805059,8.80881279320987,1.4795259064159028,1.1920503390043213,0.06267287465480842,-0.2534980034684801,0.025474583571343096,-0.07079346852827452,-0.19258141001382734,-0.061181835790932865,0.03490560050990088,-0.02433593081274342,0.03745461490727549,1.0,3.7897687029022165,24.0,3.182,1000.0,500.0,500.0,1034.0,1034.0,1034.0,0.0,3.0,132125.0
47.90190520305622,49.75143659875509,9.692728308796225,10.868104774213649,0.006906837843791833,38.829082713196776,9.05158145427044,1.703983345109264,1.2401286952307826,-0.03288199246585588,-0.34802246432691647,0.04288937653571848,-0.03881617862128969,-0.06872507176584243,-0.09177476435364332,0.003563068355198752,0.013768709531299567,-0.017060357193014613,1.0,3.6926677889195854,25.0,3.268,1000.0,500.0,500.0,1091.0,1091.0,1091.0,0.0,3.0,133216.0
47.72992334009516,50.53019587004052,9.551505655396115,10.228416464770882,-0.005201029163509568,37.930362600883385,9.132148320109616,1.5309387153204461,1.1377301432912577,0.06472344611830616,-0.3472279893355409,0.07878034674426815,0.099861727033839,-0.05607945526141016,-0.02776836896600603,-0.05709821225607823,-0.02431955258671792,0.03545751542459105,1.0,3.597791045704915,26.0,3.136,1000.0,500.0,500.0,1052.0,1052.0,1052.0,0.0,3.0,134268.0
48.08779010299296,49.765636314206,9.792085671469222,9.772492637278633,0.00590710456646059,37.47454978972296,9.490375887919171,1.5930902461416336,1.1289426543624472,0.02275366865313248,-0.3136952429556575,0.06869649408303473,0.14380874413642186,-0.10122649570356668,-0.08882231336294603,0.002760153104946089,-0.0035350335887993673,0.005538487846521864,1.0,3.6545623774850897,27.0,3.182,1000.0,500.0,500.0,1073.0,1073.0,1073.0,0.0,3.0,135341.0
47.62556756182759,50.29361409799066,9.660849974676964,9.758368287072733,-0.02739069074215104,37.24228570266008,9.640408827593678,1.5711468019160328,1.1359533800570623,0.09258662578427533,-0.37123298577323305,-0.01946101549129826,0.15922504767200293,-0.14073045005152027,-0.07036098528873018,-0.05986135652656844,-0.06191893480580067,-0.04532196045246512,1.0,3.702844554870871,28.0,3.09,1000.0,500.0,500.0,1092.0,1092.0,1092.0,0.0,3.0,136433.0
48.17482572896146,49.52001821975895,9.109892282108738,10.074028769440316,-0.129327713224019,37.22143009451526,9.893119769588944,1.6072485207100589,1.196219803259254,-0.004773815130788729,-0.3181346862864106,0.041185363069334006,-0.03040279693732179,-0.0054946258927212705,-0.019336844650936665,0.028607802353236882,0.08991522226143,0.08050577229116182,1.0,3.6922586571140563,29.0,3.11,1000.0,500.0,500.0,1040.0,1040.0,1040.0,0.0,3.0,137473.0
47.6508775447042,50.385844691005474,9.501936891970336,10.318813605054611,-0.005278967944021192,37.24570949694206,9.89444253348669,1.4864442643254772,1.1106376287914836,0.08655906072931457,-0.36749259799756634,-0.012162137379245265,0.10063191796757934,-0.10948074561140679,0.03173211292809349,0.05497997785578555,-0.0853103969120299,0.031096243376957478,1.0,3.613567894405813,30.0,3.158,1000.0,500.0,500.0,1059.0,1059.0,1059.0,0.0,3.0,138532.0
47.40186439624632,50.81788014667043,9.88045098104555,10.973474853714292,0.013867501508781578,37.26023038849062,9.921123323273923,1.7033914502325382,1.2379881652719837,0.07008325344585659,-0.38599579609219115,0.006962078012169238,-0.052152433555299776,-0.12690196610207488,-0.03941115177422063,0.06372945044140724,-0.042419074400106435,0.058503311801284756,1.0,3.7692617947574196,31.0,3.298,1000.0,500.0,500.0,1085.0,1085.0,1085.0,0.0,3.0,139617.0
47.72536746466019,49.917243322239564,9.387517073997847,10.34603871803658,-0.07611034870208115,37.089588438502396,9.982052741950344,1.5677792347511033,1.2011130257419673,0.06343816236965234,-0.3338418270215982,0.06572131249388827,0.011622376622936132,-0.11313700276305663,-0.10505980139258261,-0.009330484984428834,-0.11944303098875118,-0.048061566546409945,1.0,3.7436334801907885,32.0,3.228,1000.0,500.0,500.0,1106.0,1106.0,1106.0,0.0,3.0,140723.0
48.18469201685289,49.07902564456429,9.070611580942696,10.432554928398925,-0.09897041153458866,35.52006040174827,9.520916796180517,1.547735471753672,1.161899223660886,0.044342677123478814,-0.2791968980381722,-0.05729090181176092,0.0012502853351468012,-0.17637963373785284,-0.0332117331382468,0.06374353355473415,0.03815431808788783,-0.007772724390250539,1.0,3.8247051997332786,33.0,3.222,1000.0,500.0,500.0,1133.0,1133.0,1133.0,0.0,3.0,141856.0
48.462376801443554,49.3332354220899,8.921301332701548,10.333365997334022,-0.06059265232700963,35.419488538591416,9.667991865494168,1.5983709435329427,1.3200627489125036,-0.07955991815450997,-0.32693836072800314,0.015355295565796378,-0.14710447858345144,-0.15358272311781068,-0.16267606337477555,0.04951557056445562,0.0025842720126738384,0.029469834543695426,1.0,3.857191014308405,34.0,3.28,1000.0,500.0,500.0,1112.0,1112.0,1112.0,0.0,3.0,142968.0
48.21932937726564,48.878903868617414,9.011157751909556,10.048193547175513,-0.016527071105493982,36.031919352890945,9.297506939246217,1.536787155326206,1.2010018401503402,0.05146384084193728,-0.3556948678127056,-0.08566553773057456,-0.06533118626556272,-0.1073427825299977,0.018592688133742152,0.009724498496130744,0.04720602767451059,-0.004213928501948417,1.0,3.8132599351194854,35.0,3.234,1000.0,500.0,500.0,1156.0,1156.0,1156.0,0.0,3.0,144124.0
48.13228390900974,48.96877856090473,9.069686500659348,10.094131659986786,0.011007231042774982,34.73688329162152,9.607984848445698,1.5957549008687903,1.2891323192838524,-0.04226716239762193,-0.3271317915971187,0.016121877867180695,-0.1018017290713578,-0.12517423527573945,-0.15162951683637163,0.02562496075042649,-0.00899577132534917,-0.008736243380546386,1.0,3.7669067030626295,36.0,3.112,1000.0,500.0,500.0,1072.0,1072.0,1072.0,0.0,3.0,145196.0
47.659240210667036,49.0330251295728,9.138739145901315,10.72221186244228,-0.07978100202938569,34.103490802419486,9.652110722827631,1.48083563473746,1.1291552232001523,0.057117783651343186,-0.25788185748102926,0.11044591799174504,-0.056655665657564594,-0.13186591039028836,0.05933896403697245,-0.004481307573916963,-0.027764967213428554,-0.051109688962937064,1.0,3.657290260432068,37.0,3.056,1000.0,500.0,500.0,1054.0,1054.0,1054.0,0.0,3.0,146250.0
48.51134242301329,48.8601765926758,9.301740122705967,10.153426658920818,0.005798044045638963,34.33292696438149,10.25272434172583,1.6468887086112602,1.1506023089343047,-0.012700188844280588,-0.20651900180018598,-0.01660564863453454,-0.02299535716066346,-0.05571240776167299,-0.07008792786167246,-0.06404096681068722,0.010315884300122341,-0.020883460324238403,1.0,3.675474777820168,38.0,3.152,1000.0,500.0,500.0,1032.0,1032.0,1032.0,0.0,3.0,147282.0
48.385981811069826,49.298159137621425,9.288429903191007,9.838670774147054,-0.04124374236780618,33.95750626948649,10.426738757544706,1.6461777823146975,1.199615090162198,-0.04341515601920296,-0.37961538886686313,0.012140087871000889,-0.005859255519746614,-0.10884004445318494,-0.02053828398137756,-0.014607914056233469,-0.013171078230286787,0.03324652091120027,1.0,3.6241835515755088,39.0,3.104,1000.0,500.0,500.0,1066.0,1066.0,1066.0,0.0,3.0,148348.0
48.660718328524695,49.41024636214057,9.37259612047249,9.844398907622972,-0.00718642991872714,34.243889112387016,9.59325770588645,1.385526259036963,1.2407740612758393,-0.014237404101610309,-0.3828225448902479,0.0174399587579258,-0.04378051300283093,-0.10306540555176616,-0.05560918761898258,-0.03853105067389633,0.0424052757249621,-0.01923151096241204,1.0,3.635431039387059,40.0,3.164,1000.0,500.0,500.0,1098.0,1098.0,1098.0,0.0,3.0,149446.0
48.23265442140977,49.49646739033171,9.604702274941216,9.72490984985633,-0.04330989321348113,34.08901411098469,9.62719534120636,1.5061165112742183,1.2784382322728098,0.04676484422210227,-0.3601870059291378,-0.048470494153796145,-0.12229311381529055,-0.11320385674291317,-0.06546319991390444,0.05798007180671353,-0.013351513914963885,0.02720504160618112,1.0,3.618984724053769,41.0,3.034,1000.0,500.0,500.0,1065.0,1065.0,1065.0,0.0,3.0,150511.0
48.555858135059324,49.386020616838024,9.282935435679596,9.806374727480824,-0.0576761019368919,33.8888688126743,9.232844627354538,1.4943492054846745,1.2028845123860226,-0.01152617987126188,-0.3429305788243457,0.015340495747188201,-0.08109280333842421,-0.062484251407408806,0.0203816051535085,-0.02432062671278048,-0.049910005880312844,-0.0039086812653241505,1.0,3.6287001397407486,42.0,3.086,1000.0,500.0,500.0,1084.0,1084.0,1084.0,0.0,3.0,151595.0
48.30233499871986,49.37952220555208,8.960954139502558,9.734118431975402,-0.0007762684348749104,33.63280203489854,9.279581256747987,1.6665441261731897,1.2382130956818782,-0.007009123487482824,-0.41981275973393123,0.0023563370235117113,0.03293547841636178,-0.15499815316740087,-0.09021289776738978,0.018598934496676503,-0.02252656206337696,-0.004742432026146444,1.0,3.7151980733965657,43.0,3.042,1000.0,500.0,500.0,1079.0,1079.0,1079.0,0.0,3.0,152674.0
48.197648131263826,49.653875862478046,8.960006319031987,9.802201262816943,-0.05749520821505184,33.265223162420334,9.02583914039958,1.4451528286271376,1.1410610516852004,-0.0033125817172425472,-0.2696694938531972,-0.07416027844532298,-0.028019723378882245,-0.2502778792843509,0.0022466289996276247,-0.10093703045952493,-0.04221280205397821,-0.004616266123844126,1.0,3.7321802284440224,44.0,3.248,1000.0,500.0,500.0,1068.0,1068.0,1068.0,0.0,3.0,153742.0
48.82345758366933,49.962006960973916,8.755429234426972,10.012439930845675,-0.002486860298120739,32.98414485010808,8.985012299276404,1.5583775991335747,1.1889718818382753,-0.018143889425010547,-0.342426986670171,-0.0029996167016287634,0.012586656544743382,-0.09625613218918806,-0.06388337432274345,-0.10533460974557754,-0.1447452304548973,0.013015138321032358,1.0,3.652356949934248,45.0,3.112,1000.0,500.0,500.0,1109.0,1109.0,1109.0,0.0,3.0,154851.0
48.89121141639592,49.697503587845006,9.116320631887168,9.358662559680152,-0.034801224103800536,32.68187135182326,9.111830093061384,1.6291766589721246,1.1716364414005447,0.047055977437415436,-0.30750864292001584,-0.04100749535226962,-0.03258393620135878,-0.12079898327205768,-0.003700638384909944,-0.0010763154532220473,0.0032761768884123975,0.003434171245714439,1.0,3.58049538396075,46.0,3.13,1000.0,500.0,500.0,1034.0,1034.0,1034.0,0.0,3.0,155885.0
48.16346057906309,50.42991132677866,8.752446646846668,9.407581838231348,0.033000609891245904,32.35220516769867,9.147543300080189,1.6296018031555206,1.1877588041780642,0.09361399419615135,-0.295815681034327,-0.09451633590130598,-0.0511254089284793,0.006142024654969154,-0.03886420618731003,-0.020029902372321558,-0.03825957816821854,-0.13590230499642048,1.0,3.5902536317283538,47.0,3.154,1000.0,500.0,500.0,1089.0,1089.0,1089.0,0.0,3.0,156974.0
48.21199591211528,50.298617640713275,8.922194504169296,9.662764800439392,-0.13170032541007543,32.402935193991716,9.420876360852814,1.5627878991770603,1.2647488545999808,0.02284189869456948,-0.3374092242753156,0.006580253759749118,-0.07385434303932582,0.00880994921111871,-0.12511973056551548,0.01594745029371622,-0.15829126235945146,-0.03790693350686603,1.0,3.7918298289108483,48.0,2.986,1000.0,500.0,500.0,1112.0,1112.0,1112.0,0.0,3.0,158086.0
48.64072956866595,50.07580827183499,9.075840640579822,9.570428708372425,-0.03881186846849763,32.44658187544407,9.02752301143175,1.6151293710265349,1.1857383013767704,-0.024135190162037516,-0.3084802068657249,0.005076299044753876,-0.0994433480820742,-0.12171796403287048,0.03532488465772614,-0.035036947629911816,0.00346479113582597,-0.013987876168891807,1.0,3.672576422917157,49.0,3.076,1000.0,500.0,500.0,1078.0,1078.0,1078.0,0.0,3.0,159164.0
49.06143488030235,49.95096803637804,8.952928867796413,10.170607837812698,0.034132372021374445,32.199250059573515,9.595897218258672,1.449994561189151,1.1500840954967637,0.028551379766024523,-0.30043006650606285,-0.09483360335092865,0.028775497440122994,-0.13686539391385322,-0.035769662428240145,0.04583503995050128,-0.0067571216205415405,0.061046967894516704,1.0,3.646483478921652,50.0,2.964,1000.0,500.0,500.0,1089.0,1089.0,1089.0,0.0,3.0,160253.0
49.93631550502965,49.730056185047424,10.442356372234379,10.383515474478934,0.04659760594874528,49.970444840993196,9.401848893195133,1.6699379419829707,1.2137337929159768,-0.08373053446929972,-0.4120226591033744,0.04307121162669679,0.05009840132240427,-0.17679537788247407,-0.05711974014069221,-0.049390325025099664,-0.05903949752442108,-0.11945527158412803,1.0,4.01,1.0,3.286,1000.0,500.0,500.0,1066.0,1066.0,1066.0,0.0,4.0,161319.0
49.579909625211684,49.973499095054855,9.54401796018867,10.272044140874701,-0.014477534526314721,49.96082982731447,9.577141097283741,1.4768279384756664,1.136340283620559,-0.17024942720463604,-0.2467238106754277,-0.07185898860817942,0.03966402156407857,-0.1583586444133028,-0.07045364409433537,-0.02936110246124086,-0.021428819011885748,0.03746794161462284,1.0,3.9895580183125317,2.0,3.288,1000.0,500.0,500.0,1056.0,1056.0,1056.0,0.0,4.0,162375.0
49.26044265958892,50.21305243658279,8.791749429094233,10.190743314493131,-0.023026120761310057,49.9051942362041,9.87921935885103,1.410229333342461,1.0621393288694332,-0.10074993856363404,-0.2788126153072247,-0.047264846591159884,0.08944582170716085,-0.32486648251066946,0.07515344609570164,0.027286180175283756,-0.0632819274977881,-0.0006818391901668904,1.0,4.025842573429869,3.0,3.368,1000.0,500.0,500.0,1081.0,1081.0,1081.0,0.0,4.0,163456.0
49.019361008979246,50.07102744077185,9.024488550385493,10.352437695692906,0.028580636888537167,48.495307914796534,9.987475112424221,1.6818979472334867,1.1483443214661704,0.042432405835688795,-0.3330924895211922,-0.0506297887241132,0.08085889630694416,-0.19581847645467348,-0.044112904012175304,-0.02379996560823901,-0.059528543167646476,-0.0669798001269447,1.0,4.036719257141856,4.0,3.154,1000.0,500.0,500.0,1043.0,1043.0,1043.0,0.0,4.0,164499.0
49.221853708260745,50.00278526570149,9.032622164161003,9.94854094125857,-0.03179104463799915,48.1737869483693,10.02898882488464,1.476000540832882,1.103025546705639,-0.07918099828295441,-0.25174523131125265,0.06838993055710717,0.03617513484658933,-0.21819456277589339,0.011935613995963957,0.05087306764283034,0.010064337639139262,0.0023412392382917316,1.0,4.017686739351154,5.0,3.224,1000.0,500.0,500.0,1032.0,1032.0,1032.0,0.0,4.0,165531.0
48.803471085774476,50.167110560430686,9.079460315218979,9.69191256847264,-0.04481311019811146,47.45067010775846,9.30465589095469,1.5521118265089993,1.189018470204505,-0.04799168947244407,-0.3817219857225534,0.019945734055181855,-0.01663870469142762,-0.11777982324920455,0.01782900483277881,0.002400711137556806,-0.02944447136620091,0.07312957588636883,1.0,4.081077872213149,6.0,3.338,1000.0,500.0,500.0,1068.0,1068.0,1068.0,0.0,4.0,166599.0
48.44304828419526,50.43388772881503,10.076342195559903,10.103034928073345,0.05742984194867808,46.76427226264069,9.363304060145351,1.690067190320667,1.0953550471294597,0.01525937807542076,-0.3706370662071927,0.019085925766797494,0.02148113948898814,-0.16623782825546396,0.1310406880128974,0.03881955892308022,-0.03985621451136666,-0.08900408878984586,1.0,3.887754220405571,7.0,3.24,1000.0,500.0,500.0,1087.0,1087.0,1087.0,0.0,4.0,167686.0
48.30137568580811,49.653943892959255,9.751749855241707,9.782445912735328,-0.022764484373948686,46.17191306106447,9.350111045289646,1.707317983103215,1.2049581602981345,-0.0680826991831697,-0.3995482917423136,0.06331953193272388,-0.06755736516955775,-0.19896624358166232,0.047262208653302724,-0.0036051189779114446,-0.06995132339512146,0.006666245402133236,1.0,4.017551236114945,8.0,3.126,1000.0,500.0,500.0,1086.0,1086.0,1086.0,0.0,4.0,168772.0
48.642243672072325,50.523527133752985,9.28496640473136,10.065863384213367,0.012241863651431895,45.93719313440186,9.10499711597628,1.6552731206057327,1.1964557943401748,-0.06065490628150122,-0.38239229472081704,0.08505709387772531,-0.024484885178152206,-0.2554379734346165,-0.00013678581613722223,0.04326002323962315,-0.07375689789758987,-0.0044831338010129385,1.0,3.9938210578186224,9.0,3.088,1000.0,500.0,500.0,1075.0,1075.0,1075.0,0.0,4.0,169847.0
48.29850264502578,50.48346709304682,9.40397876837087,9.99157460023225,0.0028384790327981167,45.088274225196685,9.143205090581496,1.4876596251659593,1.1623375595457892,0.03627774256535734,-0.3329378957143022,0.02545493292320712,0.003996230929587646,-0.11554363643726207,0.004939913814812696,0.029919987094595153,-0.15683100354649668,-0.0034543231029791417,1.0,3.966381917514718,10.0,3.278,1000.0,500.0,500.0,1107.0,1107.0,1107.0,0.0,4.0,170954.0
48.62827348699475,50.15538126156002,9.157210051918891,10.106656368961227,0.010970032840704545,45.17070970598644,9.347477157231424,1.7525362805697382,1.2235882687940323,0.01892098086276433,-0.29545157656393123,0.03050680108850449,-0.02324959969467496,-0.16329702488259204,-0.13188448189793947,-0.008485074987138524,-0.05128450431228685,0.010321178988545896,1.0,3.9325243504793472,11.0,3.298,1000.0,500.0,500.0,976.0,976.0,976.0,0.0,4.0,171930.0
48.981111717409476,50.49401668594312,9.283999214531265,10.384949725199437,0.05121954878750414,44.59649458482829,9.740320814846937,1.4590248890977175,1.1271439808644892,-0.06601917566099905,-0.250800078898976,-0.11378440035245561,0.05573374748758825,-0.08505448271724118,-0.06492416399925129,0.02502857677275528,-0.018238232445931944,-0.011038123312903818,1.0,3.948278194022548,12.0,3.186,1000.0,500.0,500.0,1076.0,1076.0,1076.0,0.0,4.0,173006.0
48.494401105275244,50.52873113454208,9.707474493015162,10.914079726881418,0.06233258383542532,44.60510803422976,9.719257809001098,1.5377488389460663,1.1014513048418602,-0.013394269659795233,-0.3233160252851944,0.0058104945835810926,0.09435732269343712,-0.1709117102252121,0.03068473913505019,-0.06952204821621932,-0.07001358687336334,-0.050216458996415934,1.0,3.9517304135451132,13.0,3.254,1000.0,500.0,500.0,1035.0,1035.0,1035.0,0.0,4.0,174041.0
48.96703514488637,50.468634791527926,9.567858561458571,10.858542445039863,-0.01985339886321383,43.64820023778181,9.984462475110371,1.523598797197594,1.1197780999356461,-0.012689426508850465,-0.3237022253958575,0.04531999549951807,0.03128119346998595,-0.24519006699638926,0.0375824527095693,-0.014813012912288316,-0.0561655254607558,-0.004052829559215239,1.0,3.7863746977143635,14.0,3.244,1000.0,500.0,500.0,1016.0,1016.0,1016.0,0.0,4.0,175057.0
49.3693433773362,50.85204125189911,9.143612149959157,10.282965239610647,0.023816661367457442,42.95569903885617,10.317182944086492,1.5145316633867247,1.192733718823805,-0.03820107049301122,-0.29495427568966076,-0.0532141766549817,-0.0553183051962567,-0.1476440586588778,-0.03652187264212369,0.004512179973341129,-0.0016287090776848391,0.0018708067735826758,1.0,3.730176253634265,15.0,3.274,1000.0,500.0,500.0,1108.0,1108.0,1108.0,0.0,4.0,176165.0
49.687574101486376,51.46094786491887,9.447199346361906,10.44844636659006,-0.06144854960889054,43.02322850683485,10.42143937522855,1.4870562130177516,1.0724957925654157,-0.050850567675740505,-0.3242688198895066,0.06801718782284434,0.050951143278095086,-0.17911871915444078,0.12073438381683742,0.018987059491766652,-0.04501066126031259,-0.009499765805475398,1.0,3.613928088978279,16.0,3.266,1000.0,500.0,500.0,1040.0,1040.0,1040.0,0.0,4.0,177205.0
49.79856635209908,51.16363074348355,9.81947013134601,10.300343980976951,0.049644915287892256,42.805643986599044,10.582950319407209,1.5214334705075443,1.123501731341751,-0.028851094276450398,-0.38247710591772516,0.03890388421230419,0.055709159921234264,-0.12152107347963241,0.0736295519495094,-0.030308267537448395,-0.05817881453103081,-0.003922896499281956,1.0,3.649608496178459,17.0,3.19,1000.0,500.0,500.0,1080.0,1080.0,1080.0,0.0,4.0,178285.0
50.328624347004535,52.25163883821929,10.05972150610752,10.210503277385394,-0.004234221502726318,41.61147467793849,10.886365964780527,1.8017055712672572,1.2203192522866333,-0.009304702064632351,-0.39627601616296193,0.07306113217255485,0.053335796725882095,-0.16277984444157398,-0.11955275270309836,-0.02903464253314654,-0.10657266109371627,0.005678545491488489,1.0,3.8044915663043817,18.0,3.006,1000.0,500.0,500.0,1039.0,1039.0,1039.0,0.0,4.0,179324.0
49.792950079396796,51.754008270894744,9.843591053589373,9.542504075969305,0.04226519962835844,41.24031508945462,10.339494418829348,1.5641344524975551,1.1666650370997036,0.011284411458229277,-0.3847215585780748,-0.037910475688118256,-0.023055050009581808,-0.21747523051653234,0.04791449240358827,0.026913805647323902,-0.08432812897810507,-0.07028991748473686,1.0,3.71903327673076,19.0,3.252,1000.0,500.0,500.0,1061.0,1061.0,1061.0,0.0,4.0,180385.0
49.50971740102887,52.42135133936238,10.094247897691721,9.960604899851484,-0.0205002262249134,41.25750685753689,9.937912346659612,1.6206241865582525,1.2780160172455324,-0.010459486276589259,-0.4650555219034922,-0.011659622057218995,-0.11542070487212973,-0.10938597557130475,-0.010554252824816396,-0.07910718432967802,-0.15009271740354016,0.016366860347050198,1.0,3.8315162056978163,20.0,3.216,1000.0,500.0,500.0,1092.0,1092.0,1092.0,0.0,4.0,181477.0
49.33861010592224,51.74758957967275,9.932157396166568,10.39707493259104,0.08145840459943479,41.25964714421306,9.998276747585269,1.533931586956271,1.284259281170589,-0.0036706992804997514,-0.3284626093873686,-0.011494104745750692,-0.032511095282366016,-0.13383643393995615,-0.2278093819195296,0.10292665129316969,-0.07510928769993105,0.07969629627261379,1.0,3.7924299829328847,21.0,3.234,1000.0,500.0,500.0,1061.0,1061.0,1061.0,0.0,4.0,182538.0
49.7273428426492,52.30882630551563,10.113280724203728,10.896473511614504,-0.04143169138374146,40.646989061646906,9.679631169325347,1.554825499892388,1.2561835305033853,-0.0027690808878461696,-0.36924328953763863,-0.03494591684965088,-0.10952821354215284,-0.22177571953401756,-0.04663990239238633,-0.015108317438340993,-0.07296059189899678,0.054319866428668796,1.0,3.832836831006803,22.0,3.196,1000.0,500.0,500.0,1097.0,1097.0,1097.0,0.0,4.0,183635.0
50.30188295313641,51.98193368530232,10.013487594106168,10.833148454739671,-0.06029551067731331,39.692071074750956,9.547828781730226,1.6528491528970315,1.2011570562217446,-0.05936357076618814,-0.3153626495323177,-0.06754042232590943,-0.08930862922419015,-0.15848320660241183,-0.010713366299350916,-0.0366116755418917,-0.017409749528041186,0.06452700187235362,1.0,3.9418795627462075,23.0,3.222,1000.0,500.0,500.0,1062.0,1062.0,1062.0,0.0,4.0,184697.0
50.83637157977624,51.2749656524715,9.497838974751366,10.621972673141546,0.0057617493124343154,39.28129070334922,10.24257700575742,1.6506436095450754,1.117746971764611,-0.1253977573696807,-0.28666226501754366,0.033747846211279894,0.04203719366814714,-0.2494991280634259,0.0067871880834404884,0.061603969418762054,-0.010973902218991827,0.051384162764015064,1.0,3.9479955804852236,24.0,3.114,1000.0,500.0,500.0,1043.0,1043.0,1043.0,0.0,4.0,185740.0
50.64921973963479,51.94912117670733,8.977923931479832,10.769237480761662,0.021476684394800313,38.5763377194293,9.828492538479733,1.665923173795635,1.1411469167670678,-0.05374441897650645,-0.3473019123263844,0.017175408578885838,-0.008812608718375269,-0.132847387850039,0.0709837577499486,0.0139324630500287,-0.020822685401721684,-0.051920550207192266,1.0,3.9529608014345525,25.0,3.232,1000.0,500.0,500.0,1057.0,1057.0,1057.0,0.0,4.0,186797.0
50.838416703540545,52.34355956190803,9.527609178917398,10.441437942161501,-0.03870125599556597,38.00451385814609,10.19204345064308,1.5342373791621904,1.1220947779941381,-0.005648393091519238,-0.36649736193988414,0.07133094328718337,0.12512719614133186,-0.2312998916538847,0.007931204988162223,0.024111357585801928,-0.07054149246314645,-0.04576601552829394,1.0,3.9614119087729054,26.0,3.22,1000.0,500.0,500.0,1064.0,1064.0,1064.0,0.0,4.0,187861.0
50.83450276138308,52.43972824886616,9.603010297670433,10.224159459736471,-0.011966614418693188,37.964625213394854,10.355481731876873,1.6145210331116986,1.226402903272632,-0.01770901333714125,-0.40005751185464156,-0.03689845686664303,-0.04163185819302774,-0.25047553087355057,-0.025678105306015154,-0.10267551803896291,-0.010022661107150603,0.16653425682122439,1.0,3.7879781172444145,27.0,3.166,1000.0,500.0,500.0,1038.0,1038.0,1038.0,0.0,4.0,188899.0
50.98839820142443,52.244201095260564,9.28186381766938,10.077568168260598,-0.04707695423937039,37.92117947379325,10.0743946171678,1.5291947676681599,1.1834945380606516,0.022368211338296393,-0.37817608017347754,0.054614020845606466,0.06365057731093804,-0.19434460554382493,-0.050329928328164,0.0023528780385111032,0.002157207428993023,0.045205915845142684,1.0,3.7015760382391183,28.0,3.124,1000.0,500.0,500.0,1093.0,1093.0,1093.0,0.0,4.0,189992.0
50.45502639315834,52.14637809992637,8.888011474207138,9.741405176745278,-0.011105125594222219,36.81559781395914,9.91046308769028,1.4790307866178292,1.1749719887284664,0.016018582407043108,-0.16553948496088175,-0.092939057858712,-0.033832536561661776,-0.13332016357820825,-0.15415008112148523,-0.029352673533204653,-0.08328895236355083,-0.04672115149601824,1.0,3.724998933041823,29.0,3.112,1000.0,500.0,500.0,1084.0,1084.0,1084.0,0.0,4.0,191076.0
50.78044936355129,51.18780539338835,9.381615631249433,10.167759913843135,-0.07218723210576852,36.33162648641516,10.257620100277103,1.6198370393815065,1.199557689362083,-0.04460789023770225,-0.39632006623043636,-0.00954822438664225,0.035633832844489406,-0.11286884482617707,-0.0382522523342596,-0.010526979410113194,-0.03500746891777545,0.06348182691088972,1.0,3.6483610703926854,30.0,3.028,1000.0,500.0,500.0,1018.0,1018.0,1018.0,0.0,4.0,192094.0
51.100729976192795,50.81293559345712,9.09490922351761,10.361778984980617,0.04833270802305016,36.623153267556276,10.085022604798443,1.4279102883588461,1.1422532257970204,-0.007080800369516335,-0.2373713630013339,0.011999719910104525,0.017545450064256677,-0.12932037914676583,-0.06535199268591643,-0.03964652063777203,-0.003563103934680537,0.06232922387445827,1.0,3.7456681130253013,31.0,3.178,1000.0,500.0,500.0,1060.0,1060.0,1060.0,0.0,4.0,193154.0
50.85527477671683,51.28026599798967,9.079323199830437,10.382547784483586,0.01893759357208061,36.09267597912312,10.280251393518036,1.3918513107702304,1.1990568850618282,0.00045877170129786414,-0.29852352165658697,-0.01907863892679262,-0.09118372507618527,-0.16275718334024258,-0.005552030248696569,-0.010391478923307615,-0.07266898912594363,-0.006926091448139219,1.0,3.756683586708693,32.0,3.09,1000.0,500.0,500.0,1110.0,1110.0,1110.0,0.0,4.0,194264.0
50.90133141938734,50.893898802891606,9.084668887852729,10.012839373566461,-0.06214460793614118,35.62357496178292,10.510936458712946,1.6633373426583646,1.1802827865555054,0.028834051685809933,-0.38151227122361187,0.014861598301039112,-0.0350993327124315,-0.11904969268501664,0.046886414852935064,-0.05373018261334319,-0.12808934390625046,-0.12872584552201946,1.0,3.769981727262337,33.0,3.154,1000.0,500.0,500.0,1046.0,1046.0,1046.0,0.0,4.0,195310.0
50.64176929307646,51.18234693370892,9.308701649497971,9.737553988926326,0.01792532486801671,34.53371894665559,10.387820868486699,1.5161022786739535,1.1433912711847105,0.0011020620736899539,-0.22994210854229988,0.05945684287393388,0.006666202370847705,-0.08247256164482733,-0.07355119674063508,-0.031236740385082052,-0.06676388882825932,0.022464348549344978,1.0,3.815932538622931,34.0,3.092,1000.0,500.0,500.0,1077.0,1077.0,1077.0,0.0,4.0,196387.0
50.720678665490965,51.14319805893387,9.281090630141483,9.956055904547101,0.04519720819536601,34.441500343550246,10.028301420371116,1.5494430828217143,1.0880575925224238,-0.008811307118321343,-0.29131050047278,-0.07233071627230614,-0.018792816203200224,-0.1736055735550799,0.1462235047448982,0.04020746426631299,0.055733144884592446,0.02166412426482041,1.0,3.755270289440148,35.0,3.022,1000.0,500.0,500.0,1015.0,1015.0,1015.0,0.0,4.0,197402.0
50.76300353956344,51.23750799149698,9.443764110511141,9.408395126517192,0.08577141335352292,33.62815633914295,9.842669889300575,1.6201200155936737,1.1812703131633882,-0.053456420525915024,-0.39596075754724097,-0.08364055254008372,0.12823908216964358,-0.10417691963582558,-0.11285202511633032,0.0495501536616278,-0.03513080308790062,0.013768172051549463,1.0,3.777598134924347,36.0,3.116,1000.0,500.0,500.0,1072.0,1072.0,1072.0,0.0,4.0,198474.0
51.14411183979516,51.2434363987704,9.220358360626756,9.540954273986904,-0.036911724851543835,33.79719331319874,10.109651367462055,1.704697776875129,1.0616953688339859,-0.047329476656250806,-0.2415697748815602,-0.06061543260189407,0.015594752829158197,-0.12060124234443019,0.11001658745599276,0.03739139795406422,0.04736285744623211,0.03001118353155734,1.0,3.888663762608301,37.0,3.162,1000.0,500.0,500.0,1012.0,1012.0,1012.0,0.0,4.0,199486.0
50.838477117937444,51.427099051387124,9.447026625374166,10.207708660800156,0.01537528558838212,33.17383957842231,10.616148016503042,1.7252960036956773,1.0334816673286285,-0.04972787420771962,-0.24815563905305224,0.006421586747861847,0.03948180581234537,-0.12938450777194896,0.1433355182156928,0.019499219788240926,0.008622366446369463,0.04906506819295822,1.0,3.725319181768088,38.0,3.234,1000.0,500.0,500.0,1063.0,1063.0,1063.0,0.0,4.0,200549.0
50.939178834746436,50.73811614838066,9.761557918200001,10.315741037365997,-0.0502829948910581,33.46796348201819,10.892838953340453,1.6058682244018327,1.1548432840790581,-0.07411665510692585,-0.30079774764489425,-0.01160578141076823,-0.10476995932728268,-0.14256996286026183,0.09724455246199394,0.04680040993733337,-0.020578906057071585,0.012069273830883935,1.0,3.726153566618413,39.0,3.216,1000.0,500.0,500.0,1049.0,1049.0,1049.0,0.0,4.0,201598.0
50.903720320243885,51.02622273766705,9.691233452351964,10.355208431926423,-0.02635550610568339,33.09585346593741,10.45398227634911,1.4602003423869288,1.1205304120002029,-0.025506704091147227,-0.30338089914816974,-0.01622718078534625,0.06712436937901077,-0.18658815618342015,0.0034384354860450364,0.06803009053260761,0.06668643869841052,0.054918549384962385,1.0,3.6842907629722017,40.0,3.192,1000.0,500.0,500.0,1073.0,1073.0,1073.0,0.0,4.0,202671.0
50.98423189864972,51.52851706308653,9.130865124617497,10.201680868903983,0.08674693468273019,31.93716527900508,10.5676991313271,1.6451737026802915,1.3573311927418321,0.010808383936335916,-0.5025096610895056,-0.012904748055189036,-0.04577774495569685,-0.07179997377210551,-0.18014246670897285,-0.0506992218990126,-0.08992782507354757,0.020846783807578317,1.0,3.7969574948686113,41.0,3.188,1000.0,500.0,500.0,1091.0,1091.0,1091.0,0.0,4.0,203762.0
50.34962261502696,51.53897212996085,8.936169437662201,10.05992904183997,0.0845111356578475,31.693137445421833,10.049971095634517,1.6952443592896558,1.2755577102967262,0.005723848723158359,-0.3352404146113902,0.02172577552705119,-0.1206306282244518,-0.16257595745218623,-0.10183997816496444,-0.022880363315037424,-0.024897382787797177,0.11575284846089179,1.0,3.7785038853151294,42.0,3.068,1000.0,500.0,500.0,1122.0,1122.0,1122.0,0.0,4.0,204884.0
50.63712334332564,51.239886878782315,9.555149857061751,9.882124962595212,-0.05018518104746978,31.10763534806064,9.795871714745179,1.618278528552656,1.1155936436999845,0.03555633648915509,-0.29446894706916044,0.07122754118220219,0.14997670649675524,-0.13875043695505004,-0.08188847180053244,0.0019526786319005135,0.04815792802636485,0.07804632073654642,1.0,3.7743722052151583,43.0,3.084,1000.0,500.0,500.0,1073.0,1073.0,1073.0,0.0,4.0,205957.0
51.070014701020774,51.030587530903915,9.39018517377714,9.731956416589156,-0.03053013319910718,30.820687295063,9.937339649522388,1.4505057132354964,1.1984187121422039,-0.053989258340386724,-0.2891885748105679,0.017618106478399537,0.0316785555514219,-0.08225778526173208,-0.1385635218091035,-0.056749640754421855,-0.02526856494528894,0.04188002761261855,1.0,3.7773038467741604,44.0,3.208,1000.0,500.0,500.0,1006.0,1006.0,1006.0,0.0,4.0,206963.0
50.46766128219725,50.54252213797204,9.203726764062349,10.131404374483084,-0.06097128842561643,30.575640475451856,9.873331080448642,1.4020807159073376,1.1842451954673934,-0.054545313911256554,-0.29211955158472824,-0.03048231331020966,-0.032256234665082414,-0.11529791472460468,-0.0340141282255592,0.06307528549920478,0.026823569559224714,-0.03485063107570549,1.0,3.6251605880597007,45.0,3.144,1000.0,500.0,500.0,1065.0,1065.0,1065.0,0.0,4.0,208028.0
50.454351474009854,51.3015357678591,9.411470137053845,10.404638743068022,0.008491880063103223,30.137849942701894,9.8621313326993,1.6008343476587281,1.1672549017599554,-0.0522141125336563,-0.24721270875883106,0.04964464250854727,-0.1067470541988407,-0.02143327428614925,0.018642039593370793,0.011130032309766058,-0.017145551137544797,0.060987104004897146,1.0,3.5814347163733253,46.0,3.076,1000.0,500.0,500.0,1074.0,1074.0,1074.0,0.0,4.0,209102.0
50.018180926599236,51.27269661798931,9.095259066211733,10.5622222543302,0.02967121768731232,29.74231715368134,9.76027206248805,1.5562811479635692,1.2223927825632377,0.02944975430420159,-0.4048311287776969,0.05404127482625853,0.09945430029515046,-0.11414345958280588,-0.1368265742125679,-0.07413887159285987,-0.007971394307521902,0.011456932903462117,1.0,3.5829568063485064,47.0,3.164,1000.0,500.0,500.0,1012.0,1012.0,1012.0,0.0,4.0,210114.0
50.41083067599697,51.32989016227054,9.179994812511902,10.448593722037531,0.02704477164012404,29.260439978052364,9.77901607806673,1.567965659456275,1.2138925975425032,0.007770661150073322,-0.40777139587918393,0.01335177317404522,0.012216220681659012,-0.05862101033008796,-0.03374716815723959,0.011844671866498761,-0.03834278378463472,0.01718255754644473,1.0,3.738689642586576,48.0,3.066,1000.0,500.0,500.0,1090.0,1090.0,1090.0,0.0,4.0,211204.0
49.702300317805545,51.39633353797823,9.28641474829833,10.64770331994194,0.056533159128468166,29.016503539101517,9.67690744644802,1.5022642681951306,1.0979488489012643,0.10731994027671038,-0.24199051682371975,-0.051033252627943504,0.11317441202906141,-0.08976702305646,-0.0672552310362406,0.058701639076417594,-0.0690981468152863,0.09118730010976159,1.0,3.7033497657393224,49.0,3.118,1000.0,500.0,500.0,1029.0,1029.0,1029.0,0.0,4.0,212233.0
50.24514957135254,51.00133556057677,9.321844334882734,10.740174184231897,0.011656678472280578,28.817256623619812,9.384274686983664,1.5502779609565247,1.1610138797810814,0.008820762575835753,-0.26844503474992504,0.026379755636335163,-0.06547151416660577,-0.045358537356077415,0.010803924391429489,-0.0038216782720744786,0.012464084811060351,0.016455352439299117,1.0,3.7103459642964713,50.0,3.062,1000.0,500.0,500.0,1042.0,1042.0,1042.0,0.0,4.0,213275.0
50.32158822670855,49.978576662086695,10.523430124572721,10.413476973206697,-0.014169293916403335,49.802468314700114,9.714584423800757,1.5623960678366215,1.1552350588671116,-0.18133268370752592,-0.26857823129649,0.050304178672572336,-0.04695835095422564,-0.17225605182677367,0.014641346857686144,0.03544902474002162,-0.08394824484249233,-0.030834929385264304,1.0,3.99,1.0,3.258,1000.0,500.0,500.0,1043.0,1043.0,1043.0,0.0,5.0,214318.0
50.29644772683637,49.80647166143218,9.722359055314142,10.01812093508594,-0.017332955124086336,49.40519531579593,9.87788463962023,1.6869846536398203,0.9943097094609139,-0.08688860885762183,-0.31035750474122303,-0.031011081679887507,0.07931638736883748,-0.2193628749974488,0.24042022622582424,-0.04995712497744059,-0.04632591533767702,0.04187413457337801,1.0,3.9038851758597266,2.0,3.342,1000.0,500.0,500.0,1037.0,1037.0,1037.0,0.0,5.0,215355.0
49.82181520017584,50.1034829745369,9.316508027124483,9.941614575555311,-0.019830765417667654,48.73316938272474,9.858038616059087,1.7430350980557194,1.2282301931464914,-0.15677193239575174,-0.33315956124909796,0.13200721849820823,0.042877285144795156,-0.123513985210755,-0.15967296735574577,-0.01365890120357124,-0.139408230652711,-0.07925770195937641,1.0,3.887888534748053,3.0,3.396,1000.0,500.0,500.0,1090.0,1090.0,1090.0,0.0,5.0,216445.0
50.2264363588342,50.52546019712422,9.407706438156271,9.586237451552522,0.02816698791266423,48.53213912722186,9.869922330747833,1.7983539094650212,1.2157932288463338,-0.08292025765479386,-0.4257904554390188,0.024839119532353505,-0.0090701990126119,-0.17181882476693103,0.0006167996264518625,-0.03306368360281648,-0.0670087280171138,-0.06453469974324037,1.0,3.8969534996836956,4.0,3.324,1000.0,500.0,500.0,1080.0,1080.0,1080.0,0.0,5.0,217525.0
50.15293854011355,50.26708175107602,9.047792088441492,9.885910761201616,0.005682473184336733,47.59485574473201,9.957454162391087,1.591330383885665,1.2211371012664898,-0.11771590905080144,-0.31227865425938994,-0.09789426427354865,0.007029408098166972,-0.20663190194045025,-0.136544923312973,0.012360448110582309,-0.035594180170280966,-0.0753813260821359,1.0,3.788418203758998,5.0,3.174,1000.0,500.0,500.0,977.0,977.0,977.0,0.0,5.0,218502.0
49.74959383775794,50.198684994920406,9.196196941698132,10.235506752696692,0.04013630854585131,47.866822136315875,10.153413104546669,1.7794774866927434,1.2219020372409326,-0.09449842130736653,-0.416607998533361,-0.020184835845997732,0.028093640331532575,-0.24173342813368595,-0.05400774043225155,-0.045252329609744506,-0.0897200361593654,0.05774590616977881,1.0,3.8123334901849963,6.0,3.226,1000.0,500.0,500.0,1093.0,1093.0,1093.0,0.0,5.0,219595.0
49.792410461991196,49.86540208942982,9.854869080337767,10.331417424353788,-0.006520110375031087,46.92551847333929,10.27289196352464,1.7312770526380845,1.206019742254675,-0.16144916993264974,-0.462087127869868,0.04548339407698255,0.06621750595240877,-0.1847585844181186,-0.01718437907369849,-0.025553398860997844,-0.03037856903274971,0.013496761699822639,1.0,3.7170188187264674,7.0,3.084,1000.0,500.0,500.0,1049.0,1049.0,1049.0,0.0,5.0,220644.0
49.12861363403268,50.46803383883786,9.91296698959603,10.548598717568549,0.04121719568646917,46.820049551240714,10.520409656741752,1.8139266892734975,1.1809898020282787,-0.10992999985919143,-0.44688167913560495,0.0002853408382670947,0.09779327549253218,-0.2902036404787146,-0.015529564440123756,0.029214183916148516,-0.06594862139071146,0.01780743140002236,1.0,3.7960572771357097,8.0,3.12,1000.0,500.0,500.0,1044.0,1044.0,1044.0,0.0,5.0,221688.0
49.623992344151446,50.93852484542394,9.845632900507791,10.195440989849132,0.0017607749252759328,45.67148883097128,10.194129362288919,1.6513381135316094,1.325930783087707,-0.044675362261320406,-0.4482849345124329,-0.08452991579655973,-0.09194344501152588,-0.23433271745539747,-0.11090730384087784,-0.033202361706838365,-0.06606389630688476,-0.012877989308629554,1.0,3.77018166143913,9.0,3.07,1000.0,500.0,500.0,1026.0,1026.0,1026.0,0.0,5.0,222714.0
49.35343862448254,51.072942327340144,9.59630620800365,10.582971750477066,-0.04921458385877282,45.1786274466764,10.03511338289379,1.626303897800465,1.3064208859617241,-0.006631565232328588,-0.3181669458136668,0.0701464689756803,-0.19530965331263386,-0.2042633413285778,-0.10534401633720306,-0.015428365530991785,-0.12220424373987981,-0.014761267508374629,1.0,3.7506999437055275,10.0,3.168,1000.0,500.0,500.0,1033.0,1033.0,1033.0,0.0,5.0,223747.0
49.112927622668394,50.16223068311614,9.45733876381014,10.263077507911893,0.0010694502660010703,44.345635728103424,10.15206897321928,1.5300041108389115,1.174386132855954,-0.009963860063436275,-0.37051295289684094,-0.038525096090611825,-0.004507982488565143,-0.14894284959099602,0.030164218617222478,0.008419087866121389,-0.03782096261070869,0.02240327578816287,1.0,3.758449624013788,11.0,3.312,1000.0,500.0,500.0,1094.0,1094.0,1094.0,0.0,5.0,224841.0
49.93199605466454,50.21638080365113,9.87954360078765,10.05674603632683,-0.06157692357072457,43.83521980264566,9.730021475168598,1.7742029047238017,1.2216560274925985,-0.05199851894265458,-0.40739230777542046,-0.04720482609334454,0.0028767187173574273,-0.1263139211481655,-0.03728373701142007,-0.04034199548315987,-0.08612305549042402,0.01820315235379764,1.0,3.710360524810921,12.0,3.18,1000.0,500.0,500.0,993.0,993.0,993.0,0.0,5.0,225834.0
49.483228611586796,50.352805996399276,9.688344879425825,9.912382695905295,-0.05082020145311594,43.65782886037633,9.67350493917955,1.724568709101725,1.230850504581583,-0.034482711332522814,-0.39041909107629036,-0.1067441458885372,-0.029667422169691725,-0.1010831856915349,-0.045871380188937064,0.009555932478649278,0.02761096552032472,-0.003772860938124865,1.0,3.7372996708053154,13.0,3.07,1000.0,500.0,500.0,1025.0,1025.0,1025.0,0.0,5.0,226859.0
49.14085264626145,49.442566240954925,9.939189789270019,10.2409606985664,0.03176151375742202,43.95191576003106,9.353661153686375,1.4925462556937408,1.1710974293746534,-0.09945878262775885,-0.30244948536693833,-0.06030698919715987,0.025603326316884212,-0.18151302219813548,-0.05722296955102147,-0.053270124391872425,-0.04867682136393148,-0.11360718067196801,1.0,3.8398501511808556,14.0,3.066,1000.0,500.0,500.0,1063.0,1063.0,1063.0,0.0,5.0,227922.0
48.868234541804796,49.90339425870983,10.190024077733142,10.98138121173732,0.019653820108663317,43.45142275979644,9.436288687020301,1.6448979591836737,1.200186766681582,-0.01648180440086465,-0.3612622309046925,0.020733229306050767,-0.008798119956565502,-0.12432251194940454,-0.03968965659158659,0.034295493471570175,-0.11889975046230139,-0.07037186787786642,1.0,3.7959501381396117,15.0,3.142,1000.0,500.0,500.0,1050.0,1050.0,1050.0,0.0,5.0,228972.0
49.07894977054975,49.773570667522584,9.931169063929245,11.269400762282265,-0.011826711681345602,43.72221011769633,9.354147568515048,1.6842509047088656,1.2516905700529752,-0.05058452506400369,-0.27501211592484776,-0.0010510574991440692,-0.111299067134782,-0.18479775893354353,-0.12452063524582133,0.0006518962777680593,-0.06325787873678616,0.06928149211342896,1.0,3.8553903018122013,16.0,3.16,1000.0,500.0,500.0,1047.0,1047.0,1047.0,0.0,5.0,230019.0
48.774715460825874,48.95052756030188,9.760970667670547,10.915719483433259,-0.029354221298029802,43.60470810907186,9.624601834630125,1.609471925286699,1.2141430984347807,-0.0476757273225931,-0.3945580632377364,0.038834334360570884,0.0030173487384862045,-0.1234147832144841,-0.04785544941976756,0.08611515290546896,-0.10065085065124826,-0.09722277529164979,1.0,3.7965898781560337,17.0,3.168,1000.0,500.0,500.0,1106.0,1106.0,1106.0,0.0,5.0,231125.0
49.010688218475835,49.876303658748014,9.473841927563688,10.733756831028062,0.040918182164179924,43.75616887703338,9.297000263475608,1.5791534076600824,1.208589102254319,-0.034599144091991524,-0.35664054763279396,0.07373321978932765,-0.006446376704976245,-0.13273739399880605,-0.04472715611765882,-0.10599530898460836,-0.05016333252208501,-0.05413695046265859,1.0,3.7881404221114683,18.0,3.19,1000.0,500.0,500.0,1045.0,1045.0,1045.0,0.0,5.0,232170.0
49.42628553350782,49.71942626669702,9.614856495185558,10.835273052893264,0.036126816944873255,43.045754328543445,9.299400498608227,1.595754900868791,1.215994310783917,-0.14590680216958077,-0.4577362421362166,-0.08124898014481131,0.01942405309449848,-0.05652336586003733,0.003339768271334659,0.04210693735934819,-0.007710455770055222,-0.07015134250131984,1.0,3.699761364616452,19.0,3.1,1000.0,500.0,500.0,1072.0,1072.0,1072.0,0.0,5.0,233242.0
49.233247136149096,49.12138210640199,9.355079002838911,10.608142731849497,0.040006392995786046,42.994532887034296,9.122893942748169,1.6079729579906041,1.1949394539773934,-0.05157871310734541,-0.39842496918223996,-0.03687230679320859,-0.015420105814635685,-0.25322724173666644,0.036817739527372564,0.007465551662322563,-0.05967422519463584,0.06316019553085382,1.0,3.761363501008867,20.0,3.042,1000.0,500.0,500.0,1087.0,1087.0,1087.0,0.0,5.0,234329.0
48.475489905432795,49.52840875907255,9.08131332244342,10.487157902958135,0.027667980804689917,42.142098685886374,9.1856101390393,1.4821463105583752,1.1472759733867492,-0.05610655005676836,-0.3075736982767257,0.050231475138306114,0.024588668479208788,-0.11880637240585412,-0.018866456953594627,0.07856774697783964,-0.04571417990070543,-0.07575181604873754,1.0,3.804702219195054,21.0,3.056,1000.0,500.0,500.0,1069.0,1069.0,1069.0,0.0,5.0,235398.0
48.662767323309694,49.243753437444,9.325078924300712,10.807811967992413,0.036208405449101144,42.29847932330932,8.983456830221847,1.5845619474963097,1.2162458061944115,-0.07465334940012457,-0.27672411961702087,-0.037501432537009355,0.019082098724143355,-0.12346882788734755,-0.18501983406850803,-0.015317454895204216,-0.04617364612683428,-0.04929123335060854,1.0,3.767586884893394,22.0,3.056,1000.0,500.0,500.0,1036.0,1036.0,1036.0,0.0,5.0,236434.0
48.963375998457145,48.58083906019758,9.137883476064411,10.97533462277407,0.025822470153057577,42.45375827307424,9.334031984492798,1.5478175956351912,1.2228100667984823,-0.07033293517744965,-0.2938117699872624,0.007956897816747407,-0.04888033199653128,-0.12824804390361025,-0.0992211286216205,-0.028176843178171238,-0.02790129629981142,-0.07864317667409393,1.0,3.7423724695320497,23.0,3.072,1000.0,500.0,500.0,1016.0,1016.0,1016.0,0.0,5.0,237450.0
48.28906194566217,47.95064646161593,9.166518121673434,10.829767791861105,0.02734168632175632,42.087269441053834,9.19725943362404,1.6473079703249056,1.1082622384647225,-0.04657246108473765,-0.23296702187019427,0.01706954053728521,-0.0616426908208176,-0.1420801203893828,0.08029370688435143,0.027832916463326682,-0.021738423286701402,0.026171310591743848,1.0,3.6646915461260106,24.0,2.974,1000.0,500.0,500.0,1007.0,1007.0,1007.0,0.0,5.0,238457.0
48.2858273542463,48.11498007179682,9.079989865169022,10.456246118223318,0.0883840666716733,42.07918935702878,9.662405854491256,1.416115197267558,1.2273112558845287,-0.11729721259507128,-0.25409407663476324,0.02813976357188218,-0.07886193291105521,-0.07946742013698506,-0.11558641630215107,-0.0426528179474662,-0.043404678945797866,0.04959075524053745,1.0,3.5169471111317554,25.0,3.05,1000.0,500.0,500.0,1135.0,1135.0,1135.0,0.0,5.0,239592.0
47.467493771574105,48.14286272064627,9.255731245096907,10.15601543167315,0.005303186798470188,41.61804496177872,9.126416737327503,1.5626808457587833,1.157718906744999,-0.00013176861622145745,-0.2666707684114229,-0.07002551570108867,-0.06357635521671501,-0.25495685453565425,0.001023965771700255,0.04749545345232927,-0.0803265007036902,0.03501144561666143,1.0,3.512135717767646,26.0,3.072,1000.0,500.0,500.0,1071.0,1071.0,1071.0,0.0,5.0,240663.0
47.73516252973227,47.93124078489356,9.324906621021846,10.235319893605334,-0.0222552789984415,41.35605725515091,9.605351250381723,1.6283789600550969,1.201783634844788,-0.09795223372487011,-0.41383308062921914,-0.05466969243187219,0.03885555739407534,-0.14527958990431103,-0.03106154184832892,0.013728543373260946,0.025001455489334898,-0.093086758762245,1.0,3.498999618641768,27.0,2.934,1000.0,500.0,500.0,1056.0,1056.0,1056.0,0.0,5.0,241719.0
47.03454209066531,47.835409355530366,9.15648534394959,10.357666814634358,-0.06689034366658338,40.45947205528094,9.252031579536439,1.6049995791600038,1.2355011199066066,-0.01244553315468498,-0.34062853856024355,-0.016855668027633906,-0.05347273518933249,-0.13401189523475465,-0.07549976426528282,-0.0006623817697485968,-0.051966301903520966,-0.01688901769048309,1.0,3.5670932973326432,28.0,2.96,1000.0,500.0,500.0,1090.0,1090.0,1090.0,0.0,5.0,242809.0
47.102326395593906,47.59457074704821,9.251829437663975,9.9000592231423,0.009051120359426412,40.641343503764986,9.677604036886223,1.5583218036670008,1.204187819447523,-0.013634397212301218,-0.3330492579816687,0.07578155201535958,0.016006795978332974,-0.14606349791213316,-0.09904182501414537,0.013893959341745253,-0.011716643790565414,-0.0678379513306565,1.0,3.648488413868817,29.0,3.026,1000.0,500.0,500.0,1071.0,1071.0,1071.0,0.0,5.0,243880.0
47.197792037461355,47.75162794687201,8.891962483981997,9.67642756771505,0.07330347338219236,39.98863446504578,9.54024927479033,1.4443061336586307,1.2248718600295159,-0.008204161852189952,-0.3202270188348115,-0.017283863153144768,-0.0985126851931412,-0.1665460494905956,-0.013141152819486407,-0.10528996510261399,-0.047583542734513255,-0.004231254851187027,1.0,3.7164822783564864,30.0,3.188,1000.0,500.0,500.0,1097.0,1097.0,1097.0,0.0,5.0,244977.0
47.407929771948815,47.48692744037964,9.070211855321634,10.118088335753912,-0.01756748426889633,39.609082964181006,9.150807021354526,1.521506704701152,1.1203788252505915,0.047805274158706154,-0.293717357556106,0.009562586650516153,0.00738730651859429,-0.13823006912920371,0.06305343846043054,0.05925917311857078,-0.057860088456148435,-0.11038228852652236,1.0,3.5882432793035233,31.0,3.062,1000.0,500.0,500.0,1055.0,1055.0,1055.0,0.0,5.0,246032.0
47.40886389167245,47.995504996647604,9.565590069703148,9.880458793904227,-0.07285510429705352,39.9046069436928,9.73886221655381,1.6706104252400549,1.1995892077088923,-0.006308402948062359,-0.4083039799336509,-0.06313466194341519,0.0695309143388001,-0.04973369125635912,-0.039136094102407024,-0.0184250452973803,-0.0013261498952237734,-0.10494550084604423,1.0,3.688243032976409,32.0,3.06,1000.0,500.0,500.0,1080.0,1080.0,1080.0,0.0,5.0,247112.0
47.01108313293204,48.50939295349496,9.296840132200588,9.656889539557534,-0.010924727077427993,39.562442906448986,9.65143092675617,1.580156873537911,1.186955832886849,0.022049458579435098,-0.34956704600117977,0.013807389700921761,-0.02145941728804107,-0.20148381784494468,0.0296556307995684,0.01072947963393049,-0.0833388154316902,-0.14637739877643652,1.0,3.663691496311376,33.0,3.076,1000.0,500.0,500.0,1118.0,1118.0,1118.0,0.0,5.0,248230.0
47.07306923521122,48.1247707031485,9.4741605544196,10.128933051993531,0.013248150750134757,38.49763629119681,9.41580761282113,1.5268974191954352,1.1501844896835989,-0.10067896995116449,-0.29934433462906274,0.0068508861078014375,0.0066617996961546655,-0.1512740115883075,0.0028216089219308686,-0.05252548326008141,0.0021368274063783017,0.06504922880700381,1.0,3.7080406565057453,34.0,3.208,1000.0,500.0,500.0,1055.0,1055.0,1055.0,0.0,5.0,249285.0
46.96670760794739,48.34873073953148,9.340788243811584,9.995192313415945,0.018007011580591117,38.11084142747049,8.947789976159598,1.5698880048477917,1.2187560063120502,0.029632508069365533,-0.30427114525042714,0.09659149603989448,-0.06527838269028338,-0.12310897168953013,-0.07965289648698662,-0.00784300480612277,-0.0036332678765942945,-0.12492702561262116,1.0,3.851736397547727,35.0,3.152,1000.0,500.0,500.0,1087.0,1087.0,1087.0,0.0,5.0,250372.0
47.50454888629456,47.95257415112125,8.69502485034577,10.060791227844552,0.024738628794621482,37.10023935522232,8.893298981060841,1.4847360921433463,1.2202701645855727,0.00900799375196667,-0.34970504852683937,0.08907813439371466,-0.05326898232639019,-0.08583465248829088,-0.04191089344129592,-0.0009528251123551396,-0.020461598582310503,-0.04126619096020541,1.0,3.6600567486779734,36.0,3.246,1000.0,500.0,500.0,1162.0,1162.0,1162.0,0.0,5.0,251534.0
47.90867633184311,47.91480838197991,8.87510644590374,10.171921138174927,-0.05589979216505948,36.75078248861145,9.842270984019372,1.390773552194795,1.126186240274859,-0.0647734245526477,-0.2541396816728853,2.862556846884962e-5,-0.02048614601560568,-0.15525201426182592,0.024653138805077794,0.025361045788245093,-0.004478690861433925,0.0006424830616182111,1.0,3.6589073495684956,37.0,3.026,1000.0,500.0,500.0,1063.0,1063.0,1063.0,0.0,5.0,252597.0
47.391747051684014,47.81554368913655,8.9225118032601,10.457604398263593,0.04159182836317719,35.876368633670964,9.622630394146084,1.491888267621317,1.0793864141850178,0.02790917413130729,-0.2232507831628558,0.06266381596118228,0.08678382316598741,-0.12208322318011129,-0.018745984467654728,0.011653668508290338,-0.041730314623224185,0.05432092749418766,1.0,3.720689744150345,38.0,3.118,1000.0,500.0,500.0,1156.0,1156.0,1156.0,0.0,5.0,253753.0
47.807961239912196,48.247836772562316,8.931002957782022,10.518555841365954,-0.04012934544289101,35.60805608354731,9.132765352030777,1.4755825572082428,1.122654202862729,0.014366775331931788,-0.19450902093609307,-0.0014656349130332022,-0.0689263528548597,-0.11508765172727935,0.018076623167969708,0.0031762391758498733,-0.07262594266633798,0.0397911338045712,1.0,3.6852438655894475,39.0,3.128,1000.0,500.0,500.0,1077.0,1077.0,1077.0,0.0,5.0,254830.0
47.69601168606883,48.717395443088506,9.013425547943854,10.454913037955915,-0.1080249974316176,35.57470370894373,9.073825615601253,1.6775764436263865,1.2139305349020664,-0.023909762058215173,-0.3134319135992893,0.0947551531820375,0.011890718673485816,-0.07855945103199384,-0.12641878628593423,-0.005472729836047311,-0.09357883963338832,-0.015724228548620916,1.0,3.6564421199861044,40.0,3.174,1000.0,500.0,500.0,1039.0,1039.0,1039.0,0.0,5.0,255869.0
47.643801710953994,48.48378869621453,8.9105510078268,10.51862615532498,-0.040973604327209,35.921320408361694,8.93904563187212,1.4079223481003347,1.12704460205655,-0.06098368559585465,-0.22009329321353083,-0.05570965452495742,0.028353972893738533,-0.10583657551781589,-0.06996247817631482,-0.08650593341162184,-0.004561289311008764,-0.002410586899131715,1.0,3.70811030439086,41.0,3.164,1000.0,500.0,500.0,1103.0,1103.0,1103.0,0.0,5.0,256972.0
46.93104682266985,48.84546646005038,9.110286124452129,10.577472001845692,0.0010922908829000156,36.40053296231831,9.220136852990734,1.693936810698492,1.1605294871426524,0.07609502181116932,-0.26354493677725527,-0.08836471947213824,-0.05685742224564559,-0.022556085993320076,0.002146249213132594,0.0008052974146674213,-0.05361073545932165,0.05570484205644668,1.0,3.7421210232060447,42.0,3.156,1000.0,500.0,500.0,1096.0,1096.0,1096.0,0.0,5.0,258068.0
47.50340980343512,48.44585155045597,9.417390881679276,10.468955369030697,-0.04893295495885963,35.99028210541844,9.135694672737179,1.6282450883790138,1.2391658137855672,-0.05220799882594387,-0.38347201372061446,-0.017309853744476144,0.015324780418931414,-0.022963957988461865,-0.11146608847279482,-0.0017582860455963298,-0.022617183386634838,-0.009344513187216227,1.0,3.8418587783429876,43.0,3.136,1000.0,500.0,500.0,1115.0,1115.0,1115.0,0.0,5.0,259183.0
47.33985941249067,47.950974110396615,9.031330733335368,10.167449000137156,-0.016123792175881963,35.94309656790289,9.068026396551712,1.5090497066873951,1.1908046352516495,-0.029363278502918706,-0.37625722300658326,-0.0012021864876565643,0.08785465318922454,-0.15043207621707946,-0.09547632810929485,-0.08130869243812273,0.017964376056056375,-0.01131667488859679,1.0,3.765068054404168,44.0,3.204,1000.0,500.0,500.0,1102.0,1102.0,1102.0,0.0,5.0,260285.0
48.153124889796146,47.269845578127594,9.036142324710289,9.711140714778075,0.008693552774996645,35.589095704402105,8.609077987546872,1.6273061931404618,1.1615237735023753,-0.1369080175182333,-0.3308098547910335,0.03155368691309059,0.07123552209413393,-0.15713110805018513,-0.06053595517144477,-0.06748494758585773,0.029464873235109726,0.04305139639899737,1.0,3.6595734319836244,45.0,3.158,1000.0,500.0,500.0,1137.0,1137.0,1137.0,0.0,5.0,261422.0
48.011746034362446,48.40772441556236,8.975553148524257,9.346808983132041,0.0159137910842183,34.72087692258761,8.73402778693335,1.5384410638602806,1.2491521016556901,-0.12871245763594538,-0.4150482206429523,-0.05609085289866468,-0.07270533064399795,-0.0717371565101032,-0.019040191292925463,0.1085696582929248,-0.0316192211419514,0.05775331216301669,1.0,3.6938577231287244,46.0,3.204,1000.0,500.0,500.0,1105.0,1105.0,1105.0,0.0,5.0,262527.0
47.98953630254271,48.1990163797317,8.463655864764894,9.473061226715107,-0.04754756762120204,34.170933243163525,8.7818213361358,1.39281353877962,1.167493779015306,-0.08346822591435928,-0.2987233149492615,-0.061513090065494255,-0.020660512844680255,-0.05260066420245609,-0.013230899217621375,0.020789221429231085,0.06825398101981996,0.044752774936273075,1.0,3.622578428853147,47.0,3.206,1000.0,500.0,500.0,1111.0,1111.0,1111.0,0.0,5.0,263638.0
47.52123106797572,48.83879979555666,8.472171944826421,9.703782562279406,-0.03492467173811346,34.03677975400343,8.486086174168834,1.6370343405138952,1.273464563968483,0.05094454362365761,-0.3959855635004807,0.0749111418338268,-0.05555328723930431,-0.200603615879018,-0.09885602070777749,-0.0046998659992573254,-0.11014901565575597,-0.022246792518554756,1.0,3.638235189937549,48.0,3.116,1000.0,500.0,500.0,1069.0,1069.0,1069.0,0.0,5.0,264707.0
47.509023302695965,49.36982632135639,8.539366335301652,9.549685589285884,-0.016852447883228445,33.54439339401305,8.619416946153898,1.5234917697350414,1.1889553311644685,0.1238072285448024,-0.42577604559369203,0.018551951563191987,0.024233400214004615,-0.06039315913975594,-0.0007834507683177579,-0.10465001032730362,-0.13520940725167865,-0.05965265521630939,1.0,3.7013010895738336,49.0,3.222,1000.0,500.0,500.0,1108.0,1108.0,1108.0,0.0,5.0,265815.0
48.20263612033528,49.89070870914267,8.680360452519196,9.854158994977286,0.025299619175491415,33.38443017373008,8.929439418621747,1.3623013858613597,1.118070468322646,-0.011028477459206293,-0.3575909828141061,-0.054201850579283055,0.027364602528519216,-0.08393418961859395,0.07132921388121403,0.10370728758328927,-0.04921132013203931,0.10634381201380662,1.0,3.601118781843663,50.0,3.178,1000.0,500.0,500.0,1098.0,1098.0,1098.0,0.0,5.0,266913.0
50.25572793311933,49.547124847851464,9.347440620809175,10.131110504954366,-0.008767851136579618,49.52417297119793,10.301703097270453,1.6988539920883643,1.2142529479292936,-0.11217571181435038,-0.3658748660173323,0.006397507527892546,-0.10046784702949949,-0.2455563570083122,0.021123818275433776,-0.038238025460700535,-0.08538185215735009,-0.04176114801430335,1.0,3.92,1.0,3.294,1000.0,500.0,500.0,1058.0,1058.0,1058.0,0.0,6.0,267971.0
50.191267324516026,50.06212443636428,9.703110290613097,9.958257723641163,0.07685866534655009,48.39777766393325,9.853038707292189,1.713456890662354,1.1349552778211975,-0.12268898969092071,-0.3000137776001018,-0.0018600919803178871,0.014953390381791467,-0.28894314366675555,0.01439252877469667,0.017736524255144694,0.027316941123607677,0.012339930675930033,1.0,3.854629516608582,2.0,3.246,1000.0,500.0,500.0,1033.0,1033.0,1033.0,0.0,6.0,269004.0
49.542434004219125,49.87423236702388,10.03667879577993,10.061416889099196,-0.030860233971894697,47.53009964691004,9.381683962774375,1.7312622342915491,1.0606079759274254,-0.018201351274034095,-0.34630682364414067,0.08570314084843614,0.0647600371447886,-0.2381948315856363,0.15722406933729918,-0.0041333479729921295,-0.011543650465871342,0.02052926733594636,1.0,3.736728417174493,3.0,3.064,1000.0,500.0,500.0,1057.0,1057.0,1057.0,0.0,6.0,270061.0
49.57806283630885,50.884183978967876,9.733629615427837,9.718553594072514,-0.035570854935976226,46.84539726296635,9.477613793720502,1.536037528913733,1.1363462301309497,0.005818845901507985,-0.33530586451078315,0.013175307445745792,0.023378952271920217,-0.15673608227651045,0.036797662493467304,-0.0024856952866145966,-0.057269716522830166,0.008621613167094824,1.0,3.732721154582788,4.0,2.946,1000.0,500.0,500.0,1082.0,1082.0,1082.0,0.0,6.0,271143.0
49.24692884404826,51.445858879625355,9.713661266625433,9.742422842401888,0.05020397360032985,46.93120830290346,9.765165988395642,1.4872645811442973,1.2083803570052234,-0.006146108596162388,-0.31986601484885574,0.0009158380207897459,-0.07688295197531961,-0.10796572273230925,-0.01242856038594467,-0.07760773675247465,0.004696162436779656,-0.0036093021953979895,1.0,3.765772700738567,5.0,3.018,1000.0,500.0,500.0,1074.0,1074.0,1074.0,0.0,6.0,272217.0
49.197773416563976,50.76982704238287,9.845210576321653,9.663431381783695,-0.04984130730588844,46.506713631063285,9.722009146587329,1.4922839506172834,1.1880974392484949,-0.0030200638045738736,-0.395873860325685,0.01842850392653383,0.008695849858987843,-0.15976355134085224,0.014318742229688208,0.0762149759577327,-0.029627112187287495,-0.009371211133162591,1.0,3.7133649030960996,6.0,3.014,1000.0,500.0,500.0,1080.0,1080.0,1080.0,0.0,6.0,273297.0
49.36532218872503,50.412823580941385,9.971304143600612,9.761988819811776,-0.06671883075152707,46.38177456164609,9.508089390130996,1.468439121972318,1.2315081840120405,-0.04177214085873001,-0.29592795377683656,0.019559824649127724,-0.12524486653744443,-0.24671099226523038,-0.058599109888136165,-0.003209184365026966,-0.07879111421813244,-0.0025073729182356415,1.0,3.6995764245815908,7.0,3.102,1000.0,500.0,500.0,1088.0,1088.0,1088.0,0.0,6.0,274385.0
49.22767921536882,49.76671015783557,9.873932978812245,9.4302872187102,0.02176930589585391,45.06635094135015,9.865778160221833,1.633165059406468,1.154251597803168,-0.07706793641295587,-0.37694306205341427,-0.010487553957030845,0.16992896841736818,-0.20004936562700937,-0.08824473437285102,0.036762987805124325,0.002106006698616537,-0.09545725220478588,1.0,3.623797306238699,8.0,3.148,1000.0,500.0,500.0,1096.0,1096.0,1096.0,0.0,6.0,275481.0
48.59465986689765,49.686186129566735,9.620245117985245,9.54243209397495,-0.040762525733202756,44.882436327656016,9.48284835913228,1.9243088755592712,1.2845704160125961,-0.06778024709036748,-0.3824810588435366,0.12539757168940294,-0.1274966198010667,-0.2019023361170445,-0.06441971251626871,-0.06310177895947666,-0.028199784185611542,0.01447997344472111,1.0,3.647563984233091,9.0,3.036,1000.0,500.0,500.0,1053.0,1053.0,1053.0,0.0,6.0,276534.0
48.846192469517106,50.154085530752624,9.609931457249418,9.9782129815211,0.040756363410142514,44.1983291571896,9.917174851057245,1.87400074376131,1.0781830790213873,-0.034983332451393984,-0.3763816071855563,0.008527659117253112,0.10781768403742854,-0.2623382782087805,0.10684192498628536,0.04110716381922402,-0.06132773553489452,0.011513770735622897,1.0,3.6777266619587423,10.0,3.046,1000.0,500.0,500.0,1041.0,1041.0,1041.0,0.0,6.0,277575.0
49.26562877867231,49.85078396787265,9.566763233199461,10.980410710307316,0.048666800443341346,43.788798840866455,9.76833540111374,1.664249024334252,1.122098813359404,0.005543106061652001,-0.26600927020570014,-0.013184026426685971,0.042259024859893496,-0.21714003332339257,-0.005235011995770182,-0.016436452997644797,-0.024598229943007345,-0.10677311920064861,1.0,3.7201946260445715,11.0,3.026,1000.0,500.0,500.0,1056.0,1056.0,1056.0,0.0,6.0,278631.0
48.95939827446075,49.495574944834615,9.68475340555542,10.919551474850747,-0.08408947511126283,42.82324711809034,9.961430105884796,1.5073051182957866,1.3175350330360156,0.04171960106823281,-0.398459661420308,0.008616179366601386,-0.19898314276746193,-0.14591161772431913,-0.05996874331200049,-0.10615869105755507,-0.04085958929582721,0.0730015662830419,1.0,3.819013233924532,12.0,3.176,1000.0,500.0,500.0,1030.0,1030.0,1030.0,0.0,6.0,279661.0
49.406333576849704,49.1846125655109,9.654103065787266,9.990359499518744,-0.0009926623945758183,42.123982399437196,10.227179501172838,1.544559578437112,1.2935715082086485,-0.07559926405078113,-0.3950564167270042,-0.10841794651802507,-0.1350466076746171,-0.1771306138343029,-0.052815833956054735,-0.029830190507434903,-0.12898381404356837,-0.0155619346342349,1.0,3.8445408758811404,13.0,3.268,1000.0,500.0,500.0,1084.0,1084.0,1084.0,0.0,6.0,280745.0
48.53110360309782,49.39896519173227,9.896627269845464,10.079865048217394,-0.03168244432589517,41.96047299773719,9.972931750208899,1.559065691638339,1.2402670354741854,-0.011714803991736838,-0.42819357234636757,0.12626904700808148,0.06380824906198956,-0.24987153972999207,-0.11409769873031171,0.05346587031075951,-0.07870291157920534,-0.12169651551437867,1.0,3.93082535899282,14.0,3.262,1000.0,500.0,500.0,1083.0,1083.0,1083.0,0.0,6.0,281828.0
48.05284763362135,49.600741333472534,9.571185192396758,10.630297919897378,-0.07821406965719975,41.02776051656092,9.807083606924557,1.5726281176142445,1.239410293755019,-0.03867290959793603,-0.37334116947872775,-0.005640904428933438,-0.04138436364788909,-0.188649405671596,-0.07910628158556078,-0.06481214307444035,-0.08102867625248779,0.0514961166789358,1.0,3.939638050593717,15.0,3.2,1000.0,500.0,500.0,1044.0,1044.0,1044.0,0.0,6.0,282872.0
47.29065639866815,50.19047702301032,10.327973117144479,10.444611363709678,-0.035395857410056956,40.57530575399663,9.508521710662626,1.5033212731075805,1.1208964891057758,0.011526816770933089,-0.3035859926546032,-0.07384071108769626,-0.020586881902666693,-0.1809762111547932,0.08442200475193874,0.022950290149935347,-0.0018413615063441755,-0.0315018817673744,1.0,3.786066285643752,16.0,3.242,1000.0,500.0,500.0,1064.0,1064.0,1064.0,0.0,6.0,283936.0
47.51886116823675,50.29427153929757,9.58721926732396,10.008168919854196,-0.05137737856752947,39.899014207501615,9.732864574180349,1.6429841685389974,1.2505744221329518,0.015006395693197653,-0.3088451610212086,0.07255198747558543,0.037148783951284514,-0.19145970162848858,-0.22653342103522964,0.02063836121916543,-0.07745328878153031,0.03110970385286223,1.0,3.9021216323916144,17.0,3.052,1000.0,500.0,500.0,1029.0,1029.0,1029.0,0.0,6.0,284965.0
47.776693240642466,49.88278706417112,9.635926802770276,10.139399418497034,-0.05639369695494387,39.08077327774458,9.911159096382287,1.4600569867967892,1.1956690185121595,-0.004369391616250402,-0.32417718162540715,-0.04163158946581179,-0.08922600669580213,-0.16848610796627814,0.015211020833028237,-0.061553400059955035,-0.06844337460051485,0.01294728938354382,1.0,3.891289526932491,18.0,3.128,1000.0,500.0,500.0,1111.0,1111.0,1111.0,0.0,6.0,286076.0
47.457439448892885,49.326151727982236,9.784714437866938,10.052426110763244,0.07423544762024231,38.85654809354666,9.581826357472258,1.5818472185254189,1.2739369719140035,0.06141006123707776,-0.353245429289862,-0.07163640253618754,-0.0840899904392075,-0.18859648450019548,-0.12742998753649354,0.013910621768997683,-0.0951583262833574,0.05708671176191128,1.0,3.71482850618495,19.0,3.196,1000.0,500.0,500.0,1105.0,1105.0,1105.0,0.0,6.0,287181.0
47.6285703010692,49.54334917385012,9.872135234777478,10.102649868416943,-0.012867271893170556,38.025696815830095,9.76963512718916,1.6166292607721402,1.1463161870854015,0.027971203564787557,-0.31122229547725816,0.03368674421846797,0.020679709845910506,-0.2185404557920082,-0.003160730129327482,-0.06817544987329205,0.0064268854909588545,0.013271845912508028,1.0,3.6676441330539715,20.0,3.168,1000.0,500.0,500.0,1059.0,1059.0,1059.0,0.0,6.0,288240.0
47.30719644357578,49.83704002808153,9.94325038840159,10.347164170119447,-0.033066109759657805,37.88402638860818,9.975649287158511,1.6138245600622891,1.155063511365345,0.0431737880915691,-0.31355373724643604,0.03943421487677796,0.011254768393617675,-0.09003067647103735,-0.03223463898365311,-0.029819950514915407,-0.09269081509162252,0.005135724467758723,1.0,3.628159827253101,21.0,3.036,1000.0,500.0,500.0,1097.0,1097.0,1097.0,0.0,6.0,289337.0
47.29625986989739,49.80034943579086,9.467164959520135,10.55279995874666,-0.014326080354473985,37.35672104715925,9.327631760861372,1.304940140360534,1.207459552181927,0.035611464473183974,-0.401002204250582,-0.0727174463409447,-0.015900530936216194,-0.12316526810796337,-0.004187553727571894,-0.042160062889125625,-0.050375147032131674,0.07682832492125849,1.0,3.6592231704216944,22.0,3.118,1000.0,500.0,500.0,1118.0,1118.0,1118.0,0.0,6.0,290455.0
47.56005035402439,50.57545349423314,9.020569592627492,10.460036395208308,-0.020388062849022694,36.624677708339675,9.622519685129522,1.4983367888232213,1.267085275597691,0.13022255662136986,-0.36734540850438474,-0.022381969881424862,-0.13604843851546963,-0.1494961802738555,-0.04876411701975093,-0.053672446868900874,-0.1352341700031483,-0.0037626168569598957,1.0,3.5920844899602598,23.0,3.058,1000.0,500.0,500.0,1066.0,1066.0,1066.0,0.0,6.0,291521.0
47.77091940065107,50.130675542927804,9.268039697195968,11.001142009947017,-0.07838229647301596,35.768844140583404,9.529811514401091,1.7468102850021205,1.131881239420966,0.11475116690879097,-0.29593101238991515,0.02850850853772028,0.08197550667208603,-0.04333499251623495,-0.03703763560653493,0.08168765990082984,-0.013126256697053232,-0.027356520591390713,1.0,3.4464572958060686,24.0,3.042,1000.0,500.0,500.0,1089.0,1089.0,1089.0,0.0,6.0,292610.0
47.71512777651017,50.09276986875221,9.056098212241974,10.979311668634674,0.05218491951841047,35.514817355242286,9.773013556672366,1.358358503430489,1.2288525239777066,0.020902228096829123,-0.3416254220441181,-0.09359808091152536,-0.05750553221433047,-0.10952877571860502,-0.04768949380996598,-0.0071106596556281655,-0.025292177956207106,0.05875555082272337,1.0,3.522422536304829,25.0,3.142,1000.0,500.0,500.0,1102.0,1102.0,1102.0,0.0,6.0,293712.0
46.925244547206844,50.08784644399943,9.550612905605318,10.164310110081006,0.03607359989141389,34.970621965478706,9.281656272047801,1.6373405506248282,1.0717096886637407,0.16518760103366523,-0.33877810684363713,-0.020298900440431714,0.1559976929509387,-0.1844512745384865,0.039760923525414396,-0.01213271662566908,-0.09463570659984172,0.07649114325466237,1.0,3.514487801306192,26.0,3.062,1000.0,500.0,500.0,1079.0,1079.0,1079.0,0.0,6.0,294791.0
47.68992787704618,50.076851435211466,9.819429059459406,10.057572339303944,-0.06852904554486403,34.814657198360436,9.747486062179197,1.7305328382501861,1.2145998505858622,0.06705091784017403,-0.4848768798376074,0.023302933528632247,0.13440659622098874,-0.13473325091599392,-0.0747438754308144,0.08219852701465545,0.02130365408961304,-0.009030870194105586,1.0,3.4175182569062903,27.0,3.072,1000.0,500.0,500.0,1094.0,1094.0,1094.0,0.0,6.0,295885.0
48.6222817081546,50.45548744146197,9.309194864604603,10.146193780174784,0.03801620210780349,35.28335548212969,9.304347874435553,1.5382933363984432,1.035513007045833,0.06447026207648304,-0.2637769322296193,-0.026686683791173504,0.16339808181634027,-0.1363153290087721,0.06306317484629828,0.03511257240997388,-0.12446753860772848,-0.02482451353351213,1.0,3.396553063884326,28.0,2.93,1000.0,500.0,500.0,1047.0,1047.0,1047.0,0.0,6.0,296932.0
49.36365258152504,50.131651132387425,9.341885736080224,9.867439232980532,0.03672808783746895,35.32543188411218,9.636180635359002,1.64122826249281,1.2062143008310098,0.068107302994853,-0.32040029424696,-0.0634608816105888,-0.09926380372174642,-0.16145502066910897,0.004720571102247227,-0.03012228365943039,-0.013929104475018734,0.04883499937774464,1.0,3.4553280372594593,29.0,2.91,1000.0,500.0,500.0,1122.0,1122.0,1122.0,0.0,6.0,298054.0
49.59983326255955,51.345633922495296,9.400402212116388,10.193534724979811,0.02157187832379142,35.24947586065369,10.15393884635206,1.438849712121096,1.2554930606990227,0.052696595623945665,-0.30645338490357854,0.01355235450684548,-0.08320786952366001,-0.11021359868522099,-0.12452472767825587,0.03752175769595405,-0.03745664529160079,-0.11771115794587214,1.0,3.319381818283149,30.0,2.904,1000.0,500.0,500.0,1083.0,1083.0,1083.0,0.0,6.0,299137.0
49.428026243261755,50.741019620692036,9.448169961617028,10.075250133065863,-0.04259682962231858,34.92255446658767,9.8908614010053,1.6060360163540455,1.1572868452197618,0.06884175337444558,-0.2970554170883942,-0.07110496294744227,-0.01116828108881864,-0.22957990832593997,-0.0222075642335714,-0.050125082855823934,-0.009073284434597342,0.08657543239470845,1.0,3.3463377156420817,31.0,2.932,1000.0,500.0,500.0,1074.0,1074.0,1074.0,0.0,6.0,300211.0
49.343225859548255,50.76975093928036,9.651591679086879,10.289961097376036,0.017314617227384945,34.06024481854005,9.650823938757538,1.6923727806602846,1.2062524847998566,0.051193582836601546,-0.31162338393783845,-0.12352524118141052,-0.10888242205343343,-0.10461751678227482,0.0026080555212407183,0.0782172213772033,-0.04396315044763886,0.03208747544539625,1.0,3.391915969491018,32.0,2.952,1000.0,500.0,500.0,1054.0,1054.0,1054.0,0.0,6.0,301265.0
49.6797025314952,51.86490121541919,9.56412538070706,10.401056312062261,-0.10574277404412995,34.04708138632971,9.922971790879538,1.5756509500351876,1.111550224694717,0.013122997951133824,-0.3383659443200539,0.08791206637438094,0.07297583785014194,-0.1103283981227343,0.023603670415416153,-0.10453542206794503,0.07366257176486661,0.20926144287227466,1.0,3.5351365445210607,33.0,2.784,1000.0,500.0,500.0,1015.0,1015.0,1015.0,0.0,6.0,302280.0
49.57843409148538,51.030769057338134,9.765261551534204,9.951633996728676,0.05959831543110429,33.65976927553598,9.827182394693171,1.6999223621250934,1.2000669998385998,0.04317662871390466,-0.3760978134383185,0.05955202735855295,0.04454667089500112,-0.11907889632010153,-0.07153686341462799,0.05978328769018449,-0.05410709478593386,0.035962379075025114,1.0,3.5261606924792224,34.0,2.924,1000.0,500.0,500.0,1017.0,1017.0,1017.0,0.0,6.0,303297.0
49.98106956664516,50.61672115358046,9.593053111708883,10.479122358338836,0.023616696195305466,33.471700986491,10.172323656513447,1.7989108100671456,1.2177951204398518,-0.014012114456685796,-0.3380215421425796,-0.05027295959072389,-0.10314221070888074,-0.12792326698400225,0.005645843109667109,0.07818088533288156,-0.06271718732798784,0.018822374012480235,1.0,3.462915806515046,35.0,2.93,1000.0,500.0,500.0,1058.0,1058.0,1058.0,0.0,6.0,304355.0
49.93572526347364,49.991436861775284,9.05544703244342,10.866040327714588,0.031650422645238784,33.18022480633705,10.410806990870586,1.8337587985353803,1.10840580846743,-0.10000134911689842,-0.2502323510013124,-0.0957074765679296,0.10814817694538344,-0.05103385984784723,-0.06600784080710767,-0.045829781795419314,-0.0911162282664655,0.014386720694018947,1.0,3.566143435446598,36.0,2.974,1000.0,500.0,500.0,1029.0,1029.0,1029.0,0.0,6.0,305384.0
50.21464994373449,50.271050816532465,9.082691325249419,10.307157145916182,-0.0350355674693066,33.22150940972797,10.169919120499118,1.5274348422496564,1.2608303940202434,-0.010670321555233734,-0.27692531291842093,-0.01919880153442944,-0.09619458545168884,-0.05517576034540109,-0.14522938526572185,0.04525854496489705,-0.06839280631398068,0.05211731099645789,1.0,3.5992159726814057,37.0,2.948,1000.0,500.0,500.0,1080.0,1080.0,1080.0,0.0,6.0,306464.0
49.27572412536238,49.82861794769037,9.335179347885457,10.276366400786289,0.08673358452011422,32.81051881288272,9.673885540748895,1.6442088929621677,1.1809858701839229,0.005220739252641115,-0.35925022241855376,0.019056119507605516,0.07959158681524463,-0.0537852379544645,-0.07589948465599008,0.01002525044229169,-0.04648734155636206,-0.0348596300136098,1.0,3.604647879785653,38.0,2.968,1000.0,500.0,500.0,1043.0,1043.0,1043.0,0.0,6.0,307507.0
48.66968012346799,49.38313153647483,9.26864237120038,10.083956744093934,0.005076828580951097,32.35956999417075,9.709923549342092,1.4299751688422109,1.1161907475042854,-0.03419850737855283,-0.22070029871296853,-0.101904660702213,0.04608715296910844,-0.069540876939589,-0.06246411752781943,0.030218675926466657,-0.009470725963712866,0.0341320386160639,1.0,3.5855471054544448,39.0,3.11,1000.0,500.0,500.0,1067.0,1067.0,1067.0,0.0,6.0,308574.0
48.28927663922584,48.73184577314196,8.978856865802953,10.676081423913642,0.04466844967309367,32.14340600384958,9.67522866633007,1.6845191604846483,1.1529217432273364,-0.02896137218068154,-0.19811965861845454,-0.009688019055602268,-0.09696369138438038,-0.1441442070030973,-0.008376737545881658,-0.03753373258754216,-0.014177599980464634,-0.007410666426435773,1.0,3.5249842315011732,40.0,3.06,1000.0,500.0,500.0,1019.0,1019.0,1019.0,0.0,6.0,309593.0
48.3965575972192,48.90214180148059,9.746363709506753,10.530224794131346,0.008340136344856003,32.39811545902843,9.670110206518391,1.3550832342449466,1.104711601186828,0.07878924984863386,-0.32121577694283315,0.0008849100517460166,-0.013717549704912292,-0.10591826589845013,0.12834926014236647,-0.07026771534714539,-0.004849174366797905,-0.03553058404670573,1.0,3.5487943672865585,41.0,3.01,1000.0,500.0,500.0,1160.0,1160.0,1160.0,0.0,6.0,310753.0
48.62453193816571,49.03535734937241,9.802436879679062,10.15832572258464,0.08344725740127161,31.970776967488067,10.484636194059739,1.6311781018623768,1.254248811779814,0.01141309754139488,-0.3279930147292816,-0.04722287206355169,-0.04222381156169847,-0.18584252103596172,-0.1434820460398271,-0.0057141142126083165,-0.08093719897457242,0.035067443587840405,1.0,3.6265890642704366,42.0,3.08,1000.0,500.0,500.0,1143.0,1143.0,1143.0,0.0,6.0,311896.0
48.617325913794936,48.623851978191325,9.507175798428433,10.311602096342417,0.056353130471186515,31.508395689965955,9.939253814552115,1.6781558428994967,1.2819131038773564,-0.07069155717098134,-0.33783674922382584,-0.04463060449459204,-0.09161993111751392,-0.1424582986025903,-0.13735503313577624,-0.005253304046310343,0.03256569193970678,0.07456014728421849,1.0,3.5267052123141642,43.0,3.09,1000.0,500.0,500.0,1123.0,1123.0,1123.0,0.0,6.0,313019.0
48.52558727103101,48.37910733032967,9.146145111819672,10.408604262383587,-0.03002146272267052,31.710198852190125,9.802891683107607,1.500143480257117,1.1441376634291278,-0.04269542813005094,-0.18220456767426035,0.03504567210575108,0.020059241134410075,-0.055112697751343295,-0.11610964019580312,-0.01354249208047481,-0.11282760324759226,0.01754341004385756,1.0,3.4946054522395085,44.0,3.04,1000.0,500.0,500.0,1056.0,1056.0,1056.0,0.0,6.0,314075.0
48.337561303780525,48.66995720976496,9.73209375271109,10.430393801077154,0.09794747418101751,30.881706171620795,9.764390171155199,1.4999248017272204,1.1047176319710807,0.03424835826490404,-0.3098754280552352,-0.08886630861666654,0.12787594969432287,-0.056891910306495624,-0.013178949547765424,0.021386622240814203,-0.0195853905137452,-0.1194451162990352,1.0,3.545715298515697,45.0,3.028,1000.0,500.0,500.0,1094.0,1094.0,1094.0,0.0,6.0,315169.0
48.80972693040759,48.82965451521062,9.45910856651886,10.139383767914191,-0.036263947330742036,31.181249999937393,9.772432884667761,1.725,1.1862936986529224,0.011701727326896111,-0.3213632208255716,-0.019668516341630797,-0.004894621781175733,-0.10348143627531062,-0.04012222380353574,0.07943379231555692,-0.015459311946568214,-0.0538009885559924,1.0,3.7212302487010374,46.0,3.136,1000.0,500.0,500.0,1000.0,1000.0,1000.0,0.0,6.0,316169.0
48.90127579360997,49.22982036929532,9.726403386407076,10.466393267500038,0.019479589284089046,30.572365690081075,9.63662405751144,1.4453883312742175,1.2618430263232494,0.004051129943458839,-0.3613447878055389,0.004864080845052036,-0.06582811705938905,-0.12603676458875826,-0.10135524474449316,0.10308714379043869,-0.007684531533253704,0.10271085866066675,1.0,3.630262278535211,47.0,3.112,1000.0,500.0,500.0,999.0,999.0,999.0,0.0,6.0,317168.0
49.409769210565344,49.0501497807494,9.307386777984153,10.201349306746428,0.12947788514044853,30.357279797313073,9.80095319891352,1.5275333605267754,1.22669552404032,-0.01041977241559545,-0.2791242157190233,-0.09050381097083429,0.039483096107429796,-0.08651195596036595,-0.22478136474968088,0.051535807729767215,-0.04882134690418669,0.035429530677914614,1.0,3.597236542299735,48.0,3.156,1000.0,500.0,500.0,1048.0,1048.0,1048.0,0.0,6.0,318216.0
48.95238830429856,48.6724427848425,9.455315981902467,10.439169218498398,-0.03748584808715043,29.907682103172817,9.923600510246859,1.6733855370680015,1.1859995743829084,-0.02492556288089477,-0.3586919113852199,0.10805903400389878,-0.033288201583658104,0.03764252882086622,0.0070485448064045815,-0.04053968373333901,-0.007738209504699177,0.0612961397266201,1.0,3.620023517836774,49.0,3.11,1000.0,500.0,500.0,1146.0,1146.0,1146.0,0.0,6.0,319362.0
48.80440064125287,48.795986798769306,9.375631590300674,10.639447189257648,-0.06590054614970708,30.274893174967076,9.639881416446826,1.5819735527042393,1.1831299615597572,-0.03320634283167346,-0.23943658389452066,-0.007749741981906265,-0.14115787640258606,-0.061952301089239374,0.01583008217041286,0.008718988229725323,0.009447424124924426,0.021510796594415817,1.0,3.5936386578149513,50.0,3.124,1000.0,500.0,500.0,1117.0,1117.0,1117.0,0.0,6.0,320479.0
49.79917458150583,50.60493824939188,10.12514954185342,9.971216046990936,0.004124282234691883,50.295910711301495,10.574776931486866,1.5452462560397637,1.2250749107793593,-0.06476674187147834,-0.35230259433456534,-0.04994408444395927,-0.07675437356188285,-0.2038340728151827,-0.017376695575796273,-0.043375356744810314,-0.03398479502812978,-0.023602121608598287,1.0,4.032,1.0,3.214,1000.0,500.0,500.0,987.0,987.0,987.0,0.0,7.0,321466.0
49.58080505841538,50.83855201781953,10.32775369286398,10.310862739900678,-0.038086012576474315,50.00589451051397,10.331403788045803,1.6155118798059511,1.2163650319057655,-0.059250701213548085,-0.3915452816544988,0.08269565175845718,-0.15963389508922665,-0.17796878764177237,0.1218642791407975,0.03369992758420327,-0.03042504615397953,-0.016205766764696383,1.0,3.6518779931995087,2.0,3.042,1000.0,500.0,500.0,1039.0,1039.0,1039.0,0.0,7.0,322505.0
49.441731734941825,51.078130386660135,10.306908505998527,10.207738011545775,-0.03611278410850283,49.35332239772308,10.025092328790311,1.6158442083511146,1.2266663079697344,-0.05751773590467192,-0.4398921969791857,0.055747463746390294,0.017971923431322295,-0.25293128611610777,-0.04251293151546175,-0.061877211634275814,-0.12652417282120657,-0.01014424343676955,1.0,3.5703297165843124,3.0,3.002,1000.0,500.0,500.0,1055.0,1055.0,1055.0,0.0,7.0,323560.0
49.40520480474392,50.31426513144456,9.897400827414456,10.505483654491035,-0.03651240389978978,48.917632039913464,9.57914117223561,1.604961609372447,1.117490285105609,-0.015837414861176045,-0.3109163687915056,0.07557114307189315,-0.06614676152855588,-0.19305875712407466,0.14617347481004872,0.024660629882942153,0.004013616309021278,-0.03728931952985872,1.0,3.735461750226515,4.0,3.004,1000.0,500.0,500.0,1035.0,1035.0,1035.0,0.0,7.0,324595.0
49.958901194082664,50.1379657050239,9.875136803368557,10.509027559124132,0.03358826680091234,48.63117743100068,9.693644430100253,1.5945553564054353,1.045440248765323,-0.0737209463284212,-0.2896888021073772,0.03874566892710266,0.2289970479702124,-0.2103312759182718,-0.03361352216636152,-0.006814512855071446,-0.030241551032154493,0.03211907319184301,1.0,3.753473827398316,5.0,2.966,1000.0,500.0,500.0,1077.0,1077.0,1077.0,0.0,7.0,325672.0
49.85161103874638,50.05507726451046,9.472329296025885,10.540133155923243,0.024594545754850705,48.54882828619273,10.311739396961679,1.6083889880755582,1.2213996969088,-0.08656902612881785,-0.42886933262962884,0.07181905507626345,0.014992659745350773,-0.2181832692415465,-0.03953845869766884,-0.013372712502235045,-0.06414864668540238,-0.12276201865946834,1.0,3.7515654954015845,6.0,3.126,1000.0,500.0,500.0,1065.0,1065.0,1065.0,0.0,7.0,326737.0
49.324419033341115,49.12108782431242,9.593784275913261,10.52382896986032,-0.06642901685934963,48.35097256806027,9.825940291205418,1.704440210056127,1.203156360013903,-0.03714163904620188,-0.2710459128651444,-0.06207756341494407,-0.007348580761258575,-0.15208312694528742,-0.1482404184775064,-0.02282592085821499,-0.04383516680939404,0.025308381182501376,1.0,3.6798636970038157,7.0,2.986,1000.0,500.0,500.0,1039.0,1039.0,1039.0,0.0,7.0,327776.0
49.51591022912082,49.44121634183006,9.765741116431222,10.25294524290106,-0.016314740302059125,48.4338237554454,9.468365530995758,1.6196413688114337,1.2423059624470734,-0.104145308084015,-0.4488361643796312,-0.00886479649189227,-0.0011135594024361856,-0.1680115501517779,-0.03766152280901091,0.008054676373131708,-0.005074564360044089,-0.0364613090052686,1.0,3.569256153909956,8.0,3.196,1000.0,500.0,500.0,1097.0,1097.0,1097.0,0.0,7.0,328873.0
48.83281444357278,50.0951969883384,9.244504040412542,10.437279682777348,0.018722589029203842,48.2440143874636,9.914483580249597,1.6906365483224468,1.1367957892223608,-0.023605956521314524,-0.3668322973630865,-0.08146788179242002,0.005344481638648244,-0.15626427511074195,0.07883034499711895,0.04236369592196021,-0.04151414669024595,0.024737865282431198,1.0,3.651510551946664,9.0,2.918,1000.0,500.0,500.0,1047.0,1047.0,1047.0,0.0,7.0,329920.0
49.12426836766916,50.201279103439,9.522199016001716,10.55904906659401,0.03920276691306948,47.60798960248094,9.819216987602925,1.392485822306238,1.2336317959250502,-0.08786176180101268,-0.3699246579185314,-0.01738866233835496,-0.05372603783303854,-0.10121948278464413,-0.0519801777906119,-0.021100944763614463,-0.06902215460295306,0.0290807338356698,1.0,3.67902749277453,10.0,3.158,1000.0,500.0,500.0,1104.0,1104.0,1104.0,0.0,7.0,331024.0
49.66855685786669,49.05847273865561,9.194443307549719,10.610002708468977,0.024016104418273395,47.870509134553224,10.083716691890432,1.6296483982605554,1.0676382025919398,-0.19838161496419476,-0.24978895635937187,0.0023065822592209717,0.030819779804038397,-0.19062540920456814,0.08555950370829361,-0.029177112259163706,-0.08338983313436156,0.16842122148628624,1.0,3.6201185738139867,11.0,3.136,1000.0,500.0,500.0,1107.0,1107.0,1107.0,0.0,7.0,332131.0
48.82926426311544,49.91136230363473,9.806577677921263,10.716350875434893,0.04987349667262875,46.72370051379544,10.111407714341583,1.8014042863122801,1.2575753845693294,-0.07297384172260125,-0.42061262942376904,-0.039901380408020146,-0.05861056308233855,-0.25878354030285744,-0.03815906014033973,-0.049207110960857996,-0.06217524700636326,-0.03986150343826183,1.0,3.5846771384836176,12.0,3.29,1000.0,500.0,500.0,1063.0,1063.0,1063.0,0.0,7.0,333194.0
47.97468558771797,49.362967655778014,9.811191881322925,10.996162775303517,-0.0031352793238558275,45.36391480787056,9.921847998399725,1.4916789940828403,1.1525741029943297,0.009541007677920287,-0.287234687411034,-0.043036166061764615,0.053659054964603506,-0.14426594472060336,-0.06508115194177973,-0.02765539093137998,-0.06784591684176448,0.022927696282792058,1.0,3.459186955143606,13.0,3.104,1000.0,500.0,500.0,1040.0,1040.0,1040.0,0.0,7.0,334234.0
47.68815312211692,48.97336717655892,9.60676607996657,11.485710755303243,-0.016963722482222693,45.54558282815216,9.910067173488406,1.4526345555660285,1.1171137748379238,-0.03372588726504568,-0.366775337977462,0.01613115386276,0.11866929660469674,-0.1162610909203063,0.013614558266698254,-0.04320505611886396,-0.04764396598461738,0.01774182994767275,1.0,3.4662356080065817,14.0,3.064,1000.0,500.0,500.0,1030.0,1030.0,1030.0,0.0,7.0,335264.0
47.776029859118616,49.026611001675455,9.464481872080428,11.666938534156793,0.014397699002181193,45.516951366414055,9.592047255023731,1.8435603928191662,1.1779166231251152,0.025666157554485182,-0.3121799641342146,0.013506265031621821,-0.13519324533346957,-0.19156452768970425,0.10074459635438718,-0.05530471297887386,-0.10543788420440514,0.02483721723498135,1.0,3.4035019272805753,15.0,3.002,1000.0,500.0,500.0,1095.0,1095.0,1095.0,0.0,7.0,336359.0
47.794638877648865,49.32737736542323,9.678527998600257,11.013453094948403,0.012412373274355333,44.6630842974898,9.8970715012287,1.5674777463540512,1.1786888952547303,-0.031423121826855485,-0.2885656899446008,0.11270091803414098,-0.08458764591203553,-0.2504722423005937,0.01174917497851016,0.08413272697613804,-0.11381305140119008,0.043120069629473234,1.0,3.4601832155014143,16.0,3.196,1000.0,500.0,500.0,1108.0,1108.0,1108.0,0.0,7.0,337467.0
47.39298479318923,48.92465215526322,9.42369716117198,11.010977036085363,0.02056654542114964,44.63156594039002,9.958619666582006,1.69588444796201,1.1718628530493977,0.04781784545251894,-0.31751242002456703,0.0011834292628769346,-0.016694467627641905,-0.22036863860789496,-0.026813619379648757,0.03145750809316319,-0.10738931150094977,-0.024761492245210872,1.0,3.399317189146655,17.0,2.778,1000.0,500.0,500.0,1064.0,1064.0,1064.0,0.0,7.0,338531.0
46.71995795080807,49.03979164444359,9.299806026497278,10.855348797177381,-0.05851295013085885,44.084202283931404,10.299078168501202,1.6677143281870497,1.1920224681454,-0.009781616828124935,-0.3601408477030729,-0.00787059209263516,0.06143872105225449,-0.17955567042501286,-0.08498202773641164,0.06605871670920622,-0.044112975276576774,-0.014883953811655415,1.0,3.3132309984199892,18.0,2.876,1000.0,500.0,500.0,1085.0,1085.0,1085.0,0.0,7.0,339616.0
47.33388791391495,48.85944308836646,9.256934998884446,11.031906747320527,0.11071047821757611,42.65971329187816,9.947246855672084,1.6118065327121935,1.139512654225477,-0.08635846977219237,-0.21001356115587888,-0.027120567054175863,-0.06616639840323979,-0.1870706621304008,-0.015301109407107326,0.05938910921180219,0.0005411587761082389,0.03418703618322186,1.0,3.3410537439987515,19.0,2.928,1000.0,500.0,500.0,1039.0,1039.0,1039.0,0.0,7.0,340655.0
47.01496987822923,48.57490753507832,9.637865767079852,10.656850091146351,0.06677302340608135,42.42523540065285,9.853518242515802,1.6227620339589446,1.0799156137198167,-0.025732048306278357,-0.2665256701348065,-0.07994804987855379,0.10824652531635719,-0.2040956371309094,0.0075010615243507545,-0.03695769731104085,0.04546353661748672,0.057603243473386835,1.0,3.4072546200437874,20.0,2.818,1000.0,500.0,500.0,1036.0,1036.0,1036.0,0.0,7.0,341691.0
48.01441779219129,48.61070219293612,9.765502588537666,11.14193572371111,0.04284472810209831,41.40589428024822,10.118042523700074,1.7495522669431616,1.0496450303272795,-0.027214361563129928,-0.2509908871897655,-0.10034204711498643,0.1751654576211549,-0.23602669133922868,-0.014202245232719993,-0.09646898004260894,-0.05921125209651753,-0.051284493149959406,1.0,3.445737363063584,21.0,2.998,1000.0,500.0,500.0,1030.0,1030.0,1030.0,0.0,7.0,342721.0
48.21938404215351,48.65867274637038,10.067323365138842,10.80458698792435,0.03633633067672095,40.82783865990567,9.99065023124243,1.5978039295059916,1.2343692845546512,-0.05556753799535849,-0.36388843858969827,0.0588308801919118,-0.08096700657383092,-0.16917062141583517,-0.01960893335548082,-0.05411704597111477,-0.01725645631480503,-0.031734662247512285,1.0,3.4114792871704562,22.0,2.956,1000.0,500.0,500.0,1052.0,1052.0,1052.0,0.0,7.0,343773.0
48.44571829190122,48.395167460328835,9.93555947032798,10.72493151175378,-0.0011875890971298657,40.796540052973725,9.896897979670854,1.45135207212645,1.1414416477632938,-0.0954954357598598,-0.24494846627495423,0.016359293109876768,0.05807470463519602,-0.06449252340675128,-0.09625940214715392,-0.01830404734336953,0.010975933207148758,-0.04678698780010578,1.0,3.3696762939491993,23.0,2.97,1000.0,500.0,500.0,1157.0,1157.0,1157.0,0.0,7.0,344930.0
48.60535973740612,47.998978228576526,9.739779494975142,10.613819924723686,-0.03771044203766615,40.33026303474363,9.615327196818512,1.6314793078641474,1.1516913942945335,-0.09552767051026487,-0.2601620932402927,0.14530448113722863,-0.02151165655359035,-0.17041049436163372,-0.016725543899967842,0.03151368943127838,-0.10771629747811809,-0.02942971958388303,1.0,3.4588069884250223,24.0,2.832,1000.0,500.0,500.0,1078.0,1078.0,1078.0,0.0,7.0,346008.0
48.94317616862182,48.5274652782129,9.730718417884894,10.845981720908437,0.02245178246468183,40.22458521607603,10.118857090604843,1.578922193877551,1.1847498942797334,-0.1663736984378253,-0.31150915779240096,0.016864718558552573,-0.07197904978053007,-0.14934032727586807,0.015410304128471398,-0.048072374265553254,-0.0185578103306796,-0.0003467324823727294,1.0,3.4256118800616897,25.0,2.916,1000.0,500.0,500.0,1120.0,1120.0,1120.0,0.0,7.0,347128.0
48.08424019289389,47.99232902192748,9.271718850444799,10.32442983584029,-0.00573366817570974,40.888443739954056,9.865478872241532,1.6959726746618091,1.2567916744737186,-0.063026097931502,-0.32171217168359145,-0.032674280975777736,-0.06364859211629646,-0.14626158621290358,-0.12892350145100537,0.04386115181206815,0.01114195366163453,-0.0127672018081789,1.0,3.366850198992948,26.0,2.916,1000.0,500.0,500.0,1102.0,1102.0,1102.0,0.0,7.0,348230.0
48.06839577724429,48.027636903031954,9.192051632684462,10.645075692862687,0.040178381328091775,40.63189536567993,9.59510516629075,1.5599182872377526,1.1373167951115615,-0.09498232361823501,-0.3606598754283143,0.029070881445636475,0.07201383547641442,-0.13272368941884705,0.011209814850351099,0.0005194898928118028,-0.009083325796453792,-0.04668340689174307,1.0,3.4985178996117434,27.0,2.944,1000.0,500.0,500.0,1083.0,1083.0,1083.0,0.0,7.0,349313.0
48.42705792445208,48.83211591183829,9.311578759528478,11.336518405949532,0.026445463368720834,40.472089767509445,9.697780476969832,1.7238095238095243,1.269600829634349,-0.056617387152007134,-0.36183585219474423,-0.0003583580544450099,-0.19298168640425883,-0.2318865387386946,0.015425129412960002,-0.08252721478642172,-0.09333778464920406,0.0021049605771818855,1.0,3.3346556582867497,28.0,2.912,1000.0,500.0,500.0,1050.0,1050.0,1050.0,0.0,7.0,350363.0
48.7424169645404,49.24957388523446,9.631576638409756,11.426098527048731,0.04704911870739749,39.79188681715706,9.6707667616441,1.7340690637237448,1.1858970431198368,-0.021005512614630562,-0.39252753406236457,-0.029872423985412646,-0.041382676261767455,-0.1332566811851573,0.05264532039509238,0.027146721468745756,-0.08550368275152856,0.010123128163923484,1.0,3.4159469338007464,29.0,3.0,1000.0,500.0,500.0,1060.0,1060.0,1060.0,0.0,7.0,351423.0
48.02396025254499,49.719394373083155,10.008906867842509,11.459157509508323,-0.06524760270325428,39.640314580824274,9.967685789067358,1.6949080209339407,1.1008609522606057,0.003265280321055215,-0.22769535428748733,0.07348710540346212,0.051363630757020225,-0.1490196624802427,-0.04400275916094274,-0.0221583954528633,-0.0675128796820383,-0.026751159249975804,1.0,3.4792923339328206,30.0,2.968,1000.0,500.0,500.0,1055.0,1055.0,1055.0,0.0,7.0,352478.0
47.7882253940486,50.23875203668734,9.928436477650049,10.644684257883863,-0.02587942887631013,38.98852852143185,10.13960250093649,1.6655197143554683,1.1624785564855735,0.04691153487929433,-0.47687548167985055,0.014043958861000305,0.05014174995473044,-0.24694911423623542,0.10548095974920263,0.005876649182391632,-0.02795615307136394,-0.0717628710004695,1.0,3.484885674005874,31.0,3.0,1000.0,500.0,500.0,1024.0,1024.0,1024.0,0.0,7.0,353502.0
47.83797064119067,49.548841601333386,9.533747833805593,10.667340865501842,0.005748937638861934,37.974403302461845,10.43865599283655,1.4781603248267186,1.141573353637624,-0.001932270671611148,-0.32350575656108244,-0.08599294812432656,0.03555186867802897,-0.1665747420265486,0.0022306430972603777,0.05309726348809745,-0.05118825301452727,-0.06038352842867115,1.0,3.490858453469399,32.0,2.936,1000.0,500.0,500.0,1126.0,1126.0,1126.0,0.0,7.0,354628.0
49.12009632676121,48.97765311000839,9.876056051131238,10.699217620010518,-0.008054543590571348,36.76349763736646,10.556916879054521,1.6081146620812676,1.1851005823621876,-0.09294685241828188,-0.39540117858808815,-0.0651175433947854,0.02167646430209227,-0.14416406963228243,0.0005583043893997142,0.007015135667861235,-0.11592257046909929,0.08256069319217724,1.0,3.469449281760109,33.0,2.85,1000.0,500.0,500.0,1086.0,1086.0,1086.0,0.0,7.0,355714.0
48.62046649979835,49.934539416964036,9.453922137752526,10.774600344120046,0.002038116490426027,36.77260650977,10.512923606605781,1.6047458689012455,1.1464384514444874,-0.04197328903878192,-0.28685198217823,0.02392110199834222,0.06254710538032957,-0.1716498929611447,-0.07253790244781959,-0.0655631364528705,-0.06142987831442236,0.07236676593661646,1.0,3.4821318526945304,34.0,2.804,1000.0,500.0,500.0,1130.0,1130.0,1130.0,0.0,7.0,356844.0
48.757638576017605,49.28601734435282,9.450397760795484,11.180902135912753,0.09119450424999753,36.799874814648845,10.453567055563916,1.3259198473817844,1.128151643317618,-0.05142695373166971,-0.3065779758880697,0.04491151905008945,0.0621728984482898,-0.07548456222098925,-0.02069397128980896,0.041203124497921066,-0.02662136438191006,0.010597305015136543,1.0,3.2858798954857367,35.0,3.086,1000.0,500.0,500.0,1068.0,1068.0,1068.0,0.0,7.0,357912.0
48.879579130753214,49.66153014975099,9.902259524477332,11.119541800567825,-0.018116609271687498,36.664419237574926,9.73694098950259,1.6303382955679664,1.1942813728745585,0.0016943909985088666,-0.22917783931383057,-0.05233080621220861,-0.1078899246256411,-0.14753417812668043,-0.06498841853378258,-0.05666594994139152,-0.10719828487362613,-0.019979238884210663,1.0,3.3602599923969154,36.0,2.954,1000.0,500.0,500.0,1085.0,1085.0,1085.0,0.0,7.0,358997.0
49.10015178082896,50.10293393676235,9.685189711896069,10.950493077262998,-0.01794096894765109,36.582622713562344,9.543400026031822,1.6031809717028258,1.2241918359643997,-0.007034384194666329,-0.3131022519379973,-0.03821295558337496,-0.10692660958266882,-0.09570579548739136,-0.03830666291037757,0.09404712316400905,-0.022967500616826068,0.055306471205411226,1.0,3.373364925414637,37.0,2.946,1000.0,500.0,500.0,1028.0,1028.0,1028.0,0.0,7.0,360025.0
49.173102819924765,50.46351916237716,9.26488889123461,11.037140496146044,0.014597567667621714,36.328166347199705,9.901975065701427,1.5687179558049225,1.2295648903002487,-0.03831372262035287,-0.30296768633219257,0.07751867998447762,-0.028970297730215516,-0.16350931952537745,-0.13518887014043188,-0.026605960524370413,-0.042813605400057596,0.0983134676699162,1.0,3.424581571962673,38.0,2.856,1000.0,500.0,500.0,1076.0,1076.0,1076.0,0.0,7.0,361101.0
49.255888375158534,49.24724823718084,8.950813955876388,10.32893050712797,-0.002247955267170283,35.14345682470108,9.734453498696762,1.7485627479200123,1.2069920879749962,-0.060363705861876976,-0.3700059032466197,-0.1122954081529832,-0.08151469868623537,-0.07890791954245278,0.037894546095062494,-0.03195609858925183,0.014792265551331656,-0.04744969669750375,1.0,3.3970964403933652,39.0,2.916,1000.0,500.0,500.0,1073.0,1073.0,1073.0,0.0,7.0,362174.0
49.00511241469497,49.37333547265768,8.991369685667626,10.429611709952733,0.014083548270229587,35.19997074767001,10.042739205323844,1.6851865654954452,1.2392708173027542,-0.059986379965006435,-0.3121134536117202,0.003254733426130327,-0.004070815410480816,-0.10012696639664968,-0.16856620193102587,-0.015254020087486431,-0.010960073711914075,-0.06197037759457325,1.0,3.385092551759684,40.0,3.026,1000.0,500.0,500.0,1036.0,1036.0,1036.0,0.0,7.0,363210.0
48.46523203500237,49.16561626085978,9.040258430873806,10.596137515922704,-0.07198239970014737,34.81522685147237,9.582279429796767,1.6301672774922702,1.257349254623224,-0.06978729566908087,-0.36516642306002534,0.03859983896315676,-0.014460104243616219,-0.24051413901221672,-0.14548349469180463,-0.04006971992256312,-0.07491507460647939,-0.06878551311851079,1.0,3.5246290335932207,41.0,3.034,1000.0,500.0,500.0,1105.0,1105.0,1105.0,0.0,7.0,364315.0
48.47531741066673,48.96340107902657,9.089416575726599,10.401824104219193,0.0134733166588274,34.29281805422666,9.673614014520563,1.6293396594348404,1.2510636645520252,-0.12001866680085668,-0.300649739472817,0.06387677156536979,-0.11011627235298545,-0.019382464896384413,-0.10174185509237232,-0.003118788895020323,-0.05607547535094085,0.04317482299298394,1.0,3.409607463898104,42.0,2.88,1000.0,500.0,500.0,1114.0,1114.0,1114.0,0.0,7.0,365429.0
48.67705959108266,48.2758037432241,9.000053714205468,10.60048526941965,-0.01836540099552165,34.37559793606004,9.634502458118332,1.4955166752145281,1.2915441486871828,-0.1094623966705217,-0.3641557222685756,0.08443411597665863,-0.14174514053287365,-0.07964935276153551,-0.08056481847996125,-0.030367019607330986,-0.006569232658767438,0.009747055769293309,1.0,3.403893288164948,43.0,2.996,1000.0,500.0,500.0,1078.0,1078.0,1078.0,0.0,7.0,366507.0
47.687732396183144,48.30971657423453,9.079085757921508,10.175832452369102,0.012874000991145202,34.21764569465363,9.286001330977879,1.756318974724101,1.08874673223893,0.008468761954798676,-0.2748225139081667,-0.018393891433231554,-0.07394151777673075,-0.26039121739994386,0.1740933873840503,0.08960664524892527,-0.07267983883371049,0.1004771866075912,1.0,3.566159361517141,44.0,3.066,1000.0,500.0,500.0,1060.0,1060.0,1060.0,0.0,7.0,367567.0
48.40219864083254,49.003985885079906,9.006946080093616,9.998964489222168,-0.0059862310043793205,33.477951375399556,9.427664454747136,1.4236905439677023,1.0892074044742346,-0.050677563833584,-0.26725741176990725,-0.023224014932995737,0.11529504116423239,-0.07302536852205427,-0.035200829128621026,0.052460815501358414,-0.020690784089412755,0.12601258639343252,1.0,3.5679163793775523,45.0,2.966,1000.0,500.0,500.0,1112.0,1112.0,1112.0,0.0,7.0,368679.0
48.703331844240005,49.396894593427405,9.105366767746737,10.342556435892543,0.0805598579109775,33.28302811818508,9.326281009997217,1.4964299235773588,1.1243868178643086,-0.02163367247654451,-0.23482630966892934,-0.020346591706699675,0.08067296605016397,-0.08785652455607658,-0.060838918775012324,-0.139007610810009,-0.09978878758747635,0.023197558128431987,1.0,3.5263589468235166,46.0,2.978,1000.0,500.0,500.0,1113.0,1113.0,1113.0,0.0,7.0,369792.0
48.857541441734234,49.13946997661228,9.272303601745865,9.89091480429743,-0.10534181330511053,33.01710280768349,9.296542918054415,1.8176747920544378,1.1556184828433256,-0.115716912166413,-0.4028186114251712,0.017261248437014386,-0.09777609061878877,-0.21934167042725197,0.1913967566891174,0.05539724330547371,0.018924337974832287,0.09273842636250426,1.0,3.4596691996389954,47.0,3.056,1000.0,500.0,500.0,1098.0,1098.0,1098.0,0.0,7.0,370890.0
48.92781617474996,48.94656121215573,9.399209756978143,10.042690022177888,0.008307415600371501,32.598205479042505,9.648619253497719,1.7037456793179295,1.2196022422907093,-0.06351812986984286,-0.2711682358883583,0.03361266821080295,-0.10488006486566621,-0.13673742448196666,-0.0632293555325743,-0.010958883297148161,-0.006390773722485327,0.0008136294178456597,1.0,3.4652333012582752,48.0,3.136,1000.0,500.0,500.0,1013.0,1013.0,1013.0,0.0,7.0,371903.0
49.313780567799625,48.04207260003202,8.871658864536876,10.43884624634882,0.04542472140286617,32.612635390625634,9.416529714083204,1.6306829667932796,1.1701752894888384,-0.05956448954353547,-0.23663986328180567,-0.07474194145792858,-0.044093904462464216,-0.1730164363931519,-0.0582156391270248,0.04153099469851564,-0.0584778808940188,0.002938622698694417,1.0,3.5115419121915323,49.0,3.042,1000.0,500.0,500.0,1062.0,1062.0,1062.0,0.0,7.0,372965.0
49.69164087978425,48.22748970346257,8.96333681589693,9.760223767075157,0.002223450171704142,31.781621685989354,9.247642134420268,1.7576024010772173,1.1420686603994126,-0.1335300392077168,-0.2986965446802047,-0.13832669884766247,-0.0634256794040366,-0.09026775438399999,0.08062940178847733,-0.05458065381241754,-0.027328351347824752,0.032447846155087376,1.0,3.5087442716527484,50.0,2.942,1000.0,500.0,500.0,1067.0,1067.0,1067.0,0.0,7.0,374032.0
49.73457493042486,49.43404892259202,10.061649391483092,10.173927264427338,-0.04103238602628718,50.17912615981191,9.93180791073443,1.616798166183304,1.0824581441328338,-0.15905370403675342,-0.3010375599117719,-0.043114255551199264,0.16610407076259293,-0.1596890821855891,-0.07589885739339813,0.048863212373480285,-0.13094730912473698,-0.11672018807980865,1.0,4.146,1.0,3.132,1000.0,500.0,500.0,1124.0,1124.0,1124.0,0.0,8.0,375156.0
49.51622008758269,49.85927145786181,10.068621312525043,10.521082274842605,0.017231897943955375,49.36117700407474,9.550867341859401,1.532359467455621,1.1773649292408468,-0.16081020337139995,-0.3957806120251366,0.0002820515655017596,-0.06252808924259486,-0.19276573396657848,0.11587420657940857,-0.10548157867913514,0.02630126328756994,-0.06949056631879096,1.0,4.213395418617813,2.0,3.24,1000.0,500.0,500.0,1040.0,1040.0,1040.0,0.0,8.0,376196.0
49.8079311802473,50.055596593628174,9.600686853146685,10.134570127137515,0.05465165955406856,48.8931918136007,9.40432091553465,1.5308664108907923,1.0419412696519654,-0.08951226493388284,-0.22733048116239585,-0.016923124400404638,0.04701654985022748,-0.15113015940662106,0.09545042419675545,-0.10782228783698776,-0.16328410271315796,0.026842848013584348,1.0,4.179447898417663,3.0,3.206,1000.0,500.0,500.0,1002.0,1002.0,1002.0,0.0,8.0,377198.0
49.36996003158222,50.19253497425118,9.71616428212343,10.168599369254093,0.019777562915119694,49.1633072696752,9.036376970458036,1.488357393509202,1.1235211020101712,-0.045895191375231924,-0.30072822944215444,-0.03493370308994875,0.028041504240106627,-0.1404197436976864,0.022313135134381358,-0.06474931077298168,-0.05045694064163805,0.09315023036854102,1.0,4.023130461752325,4.0,3.268,1000.0,500.0,500.0,1113.0,1113.0,1113.0,0.0,8.0,378311.0
49.29441261523095,50.14507495888853,9.870380905453024,10.47408270343667,-0.031478936452258896,48.656755095017495,9.167857873890933,1.6873834823858178,0.9640430818035852,-0.08696594249625364,-0.2512270150216026,0.02384056048716051,0.1348169515714553,-0.21053625288302472,0.18636304164447376,-0.1065096458119757,0.0348864671578503,0.02882516243059814,1.0,3.909753086467347,5.0,3.152,1000.0,500.0,500.0,1018.0,1018.0,1018.0,0.0,8.0,379329.0
48.18672199069664,49.48709055451741,9.955542180493666,10.218899478711643,-0.006977361612642305,48.621228575132854,9.65547610403217,1.5652140158376888,1.1335871327524953,-0.09899217054298959,-0.2719419610140769,-0.038284454900281796,0.06099158327979098,-0.19246382989856017,-0.07006592667349328,0.08061214467693206,-0.05017227451022365,-0.027128293067061892,1.0,4.024905801165591,6.0,3.348,1000.0,500.0,500.0,1112.0,1112.0,1112.0,0.0,8.0,380441.0
49.16009398447364,49.81317849767225,9.878085102716717,10.408132644319425,-0.022817084527436138,47.38986220732895,9.344714317573116,1.6560356652949244,1.1074938426782197,-0.09892116734170768,-0.3150692419023969,0.05312017980650356,0.10427449077962604,-0.20282527950141382,-0.006221933871463261,0.08253845137019482,-0.03538010381378721,-0.004545054000916344,1.0,3.8933068384747975,7.0,3.316,1000.0,500.0,500.0,1080.0,1080.0,1080.0,0.0,8.0,381521.0
48.52157101354299,49.82567237335202,10.504390468610104,10.159273436571159,-0.06439274430657449,47.3987381397104,9.099205679319118,1.7004328281563441,1.207848415397784,-0.05465445205075845,-0.3610324665834152,-0.05156939477085538,-0.0816167441249045,-0.24657393987173687,0.026969109431372408,0.0071679719488552665,-0.0430758319970796,0.09961507420023807,1.0,3.930717471044847,8.0,3.202,1000.0,500.0,500.0,1089.0,1089.0,1089.0,0.0,8.0,382610.0
48.271011885640114,49.68678475101081,10.296424855092734,10.521664836042463,0.0730823053057529,47.26947864479973,9.329926298688562,1.5283885682746075,1.2836449543920405,-0.04529189911947902,-0.396644073285687,-0.0059998709042311015,-0.04743856787743075,-0.09843442818646674,-0.14836307158437592,0.024807246005272166,-0.11789196339843422,0.00776965521743051,1.0,3.930836129176752,9.0,3.192,1000.0,500.0,500.0,1053.0,1053.0,1053.0,0.0,8.0,383663.0
48.34525895793543,49.25191920690784,9.806535978760826,10.11093541620931,0.0002689147250779306,46.22410587204027,9.29982309932503,1.5834162440243649,1.2724661805148307,-0.04982426841365693,-0.2973867717243708,-0.06008731361173209,-0.10958789016114852,-0.11288237575114364,-0.14073644638928376,-0.02477378516243304,0.029927232973021613,-0.018919027047673894,1.0,3.7794391934492877,10.0,3.128,1000.0,500.0,500.0,1015.0,1015.0,1015.0,0.0,8.0,384678.0
48.344799841287994,49.13362542791729,10.07588341106624,9.93736379559901,0.013121938773735714,46.16537848774612,9.377984843161064,1.6551589936127853,1.254156327381107,-0.082644447708422,-0.40210917465707646,0.03035213471726857,-0.006792261639744284,-0.12254711364509889,-0.09775201896675202,0.003229542511975416,-0.024150240212596465,-0.07316961950884704,1.0,3.770703916237997,11.0,3.102,1000.0,500.0,500.0,1045.0,1045.0,1045.0,0.0,8.0,385723.0
47.62958762763364,48.89179853351693,10.178298868567188,10.041491364110536,0.010699965553724456,46.166478896625314,9.094341087505892,1.534329608322864,1.2818008089958113,-0.08541201524215035,-0.3455620348998034,-0.035633224979724404,-0.09119752727986905,-0.17368553859800814,-0.12912492415470714,-0.04849735515932579,0.011658405126213162,0.05781056396911604,1.0,3.6076504195597385,12.0,3.244,1000.0,500.0,500.0,1065.0,1065.0,1065.0,0.0,8.0,386788.0
47.126664975306156,49.68366607536444,10.084502042956414,9.554125942022106,0.010506355201930082,45.40784885330009,8.93759412149245,1.6293396594348404,1.1294124576670934,0.12629210565701451,-0.3505379041866766,0.0857988007233719,0.16430326972199577,-0.10625011698904813,-0.05494839435395292,-0.10761915252081072,-0.10865556924264692,0.07075358408196236,1.0,3.646491661461284,13.0,3.08,1000.0,500.0,500.0,1114.0,1114.0,1114.0,0.0,8.0,387902.0
46.48452047088606,49.13332320284079,9.558846125909707,9.848989858047036,-0.013311941248919686,44.93875936317076,9.03245644257195,1.4759914632099806,1.237633061458855,0.1141721314653266,-0.35504068570486685,-0.02495181398262031,0.0005003615893360033,-0.2050562897093576,-0.12490043103908183,0.007847676294998659,-0.08367440325327714,-0.01959630493871778,1.0,3.6684017425668203,14.0,3.074,1000.0,500.0,500.0,1027.0,1027.0,1027.0,0.0,8.0,388929.0
47.309294440633465,49.525013887624354,9.425703795044537,9.833867952645404,-0.031189308267022955,44.9943484197097,9.023788251308217,1.6574902429372835,1.1194735059086522,0.061807295158504506,-0.41113547116769944,-0.08373053598807727,0.20128918624594686,-0.12582231382251274,-0.052062311315939545,-0.010523917169906208,-0.10859876280364436,-0.019817496956425713,1.0,3.7918846103815183,15.0,3.298,1000.0,500.0,500.0,1077.0,1077.0,1077.0,0.0,8.0,390006.0
47.39237622842333,48.7367345220056,9.278124037919477,9.858108942032919,-0.018046787060301793,44.51718504845347,9.41657320594651,1.5189285231182061,1.2082898412318288,-0.03544219883928144,-0.3491111768094156,-0.11187170046496556,0.034189609663032625,-0.17528194131326938,-0.11021091701940021,0.01210388671392055,0.012036257549952514,0.062257692583475785,1.0,3.6032577085612614,16.0,3.1,1000.0,500.0,500.0,1046.0,1046.0,1046.0,0.0,8.0,391052.0
47.07910780358135,49.071384049011435,9.347653446105282,9.109113967767279,0.00915255455958355,44.15840254372621,9.767902274979297,1.560598949264939,1.1864988360241653,0.018155579221189808,-0.3362506361153949,0.02324939194192812,0.002033025404430784,-0.10175260195911555,-0.04634422768682785,-0.04095003313409379,-0.09535847421683687,-0.011738671772738149,1.0,3.558107096807744,17.0,3.008,1000.0,500.0,500.0,1028.0,1028.0,1028.0,0.0,8.0,392080.0
47.307619755358985,48.941066133165684,9.305777574968468,10.072898804343211,0.002904010966942797,44.527148105574234,8.811675422453524,1.6705673826797636,1.141337578007074,0.011519737004416802,-0.3924598274064346,0.01389567887043262,0.16374732049156257,-0.0840912409283866,-0.05819750675241168,0.03302774040832799,-0.10390061966482073,-0.018194786116165245,1.0,3.482750369336537,18.0,3.1,1000.0,500.0,500.0,1047.0,1047.0,1047.0,0.0,8.0,393127.0
48.13735524118912,49.737735720489,9.605359507171478,10.131753836742913,0.08882989385023089,45.06404635041459,9.516770231552853,1.601359969885549,1.0483882754538278,0.008558986994469085,-0.22316171597875822,-0.10541699084131625,0.08700161287447082,-0.2511976555476525,0.044053458237340415,-0.017705003350241614,-0.045625816639241965,-0.028360097263503213,1.0,3.521171297749053,19.0,3.114,1000.0,500.0,500.0,1097.0,1097.0,1097.0,0.0,8.0,394224.0
48.590688018587315,49.51904524548336,9.336928086260967,10.222796039216414,-0.06378945190545099,44.505923367442044,9.107564772388306,1.764123582195232,1.2331376822481424,-0.08544555559473674,-0.3718058685616017,-0.0770420310781729,-0.0557318784980537,-0.22226585077718147,-0.03820354343330623,0.014317010400962603,0.007978707858390341,0.001978383029926789,1.0,3.5288077907137074,20.0,3.036,1000.0,500.0,500.0,1084.0,1084.0,1084.0,0.0,8.0,395308.0
48.51479705121058,49.45810612784926,9.528393917314867,10.686946515289602,-0.03519280949236334,44.048508614597694,8.997648824983168,1.5519184125429204,1.2002123580719959,-0.05436782740561464,-0.3785002894278402,0.057583752163885886,0.03532457666849719,-0.18421353336809512,-0.05818483828313926,-0.0279366851515135,-0.007014205543357289,-0.04469164359139823,1.0,3.620327839421866,21.0,3.04,1000.0,500.0,500.0,1091.0,1091.0,1091.0,0.0,8.0,396399.0
48.38346071048199,49.525452023355676,9.906809143040457,10.650051075973703,0.01664322809521537,43.640427911017234,9.254405381758641,1.6706015476032294,1.1780498039494096,-0.0739588346475644,-0.3800816889745904,-0.0020490693640973254,-0.07481089194200206,-0.23656361628813008,0.07889633813094304,-0.03706329626912529,-0.14348769134106254,0.13648599882415385,1.0,3.6577490051173975,22.0,3.036,1000.0,500.0,500.0,1087.0,1087.0,1087.0,0.0,8.0,397486.0
47.98907687004255,48.87578370645278,10.180968635945327,10.87841623564217,0.006405759059919332,42.772756308301716,9.56468978177111,1.5403407762161516,1.2241308405206333,-0.08002432676948049,-0.39660657248755643,0.0508636624286883,0.0037157800032990573,-0.27176718594352955,-0.05894166511376353,-0.06840827219901616,-0.0026135370355988264,0.09138668517373402,1.0,3.712612805231683,23.0,2.922,1000.0,500.0,500.0,1102.0,1102.0,1102.0,0.0,8.0,398588.0
47.96393055919521,48.80779815609878,10.191106985353594,10.476315575835386,0.03184814705047714,42.36458790654033,9.369493591009093,1.879518866653481,1.2304445702393432,-0.07230039912485861,-0.4695148532518319,-0.08305127060169618,0.04706840320627143,-0.1290420658994067,-0.03657647223526503,-0.01800076822139679,-0.04581444331365146,-0.02763899875111468,1.0,3.594983700955893,24.0,3.022,1000.0,500.0,500.0,1023.0,1023.0,1023.0,0.0,8.0,399611.0
47.52911013006103,48.59500917027589,9.87099455020851,10.74071164400739,0.039180974912720073,42.961286930123705,9.221966002420828,1.58406757279785,1.1803774403035425,-0.013297658480087314,-0.3816509439088188,-0.030114712103722425,0.052178032065883645,-0.16455302664830088,-0.034028125585647766,-0.01759296507461455,-0.08631091849489271,-0.011826800173468434,1.0,3.489691880699495,25.0,2.894,1000.0,500.0,500.0,1089.0,1089.0,1089.0,0.0,8.0,400700.0
47.25077697078298,49.59702939426616,9.194327574314274,11.041439044467316,0.0239540289343214,42.886258995062626,9.300588609842121,1.6267349329645602,1.1530269371948296,-0.038676976113745584,-0.3911655206264314,0.010601295763017682,0.02192982142908666,-0.15161747435472692,0.07763611996556011,-0.03440206763736907,0.014007363541390275,-0.15244119688360935,1.0,3.402759188240192,26.0,3.096,1000.0,500.0,500.0,1081.0,1081.0,1081.0,0.0,8.0,401781.0
47.657906473895494,48.800229202227364,8.986341969060803,10.714603037427427,-0.010972861654282542,41.91604889760143,9.941730364058808,1.4783865752069312,1.115506943532832,0.029473262965466974,-0.2070182345683655,-0.0017024373083256578,-0.04706106218640523,-0.21662989557544957,0.012235508699005485,-0.016309496186883314,-0.08928326635410799,0.011421903095335618,1.0,3.35631428038736,27.0,3.128,1000.0,500.0,500.0,1063.0,1063.0,1063.0,0.0,8.0,402844.0
47.69787356074451,48.85880702864067,8.917036547555949,10.525100600084553,-0.058290064961015686,41.603043440749914,10.010723978777708,1.7543315166264055,1.1471630391258871,-0.034074779014380586,-0.22457589243932946,-0.061458307368522425,-0.05027268359436733,-0.1068287516780013,-0.02459085059984934,0.006152893982258037,-0.04865076273070974,-0.07235894019774577,1.0,3.3981677796405614,28.0,2.908,1000.0,500.0,500.0,1109.0,1109.0,1109.0,0.0,8.0,403953.0
47.270451631850335,48.834685299680125,8.87860021817624,10.790360601478632,0.04897932902389946,41.97358517301475,10.204447171181402,1.5652962710138525,1.1253693308982913,-0.006764178902855042,-0.26131762772639155,-0.031029338046020094,0.05602062829840205,-0.21471159852178207,-0.046166082672842786,-0.0309756672164537,-0.05803902749620152,-0.018266997644039887,1.0,3.4473571937011327,29.0,2.932,1000.0,500.0,500.0,1071.0,1071.0,1071.0,0.0,8.0,405024.0
46.86187608003099,49.35731894616902,8.79689381501205,10.369631648105793,-0.014332414494672535,41.45516095167397,9.793963437419512,1.7748776495465735,1.2181824115617634,0.022121189993935236,-0.30041763482952155,-0.05978954411970123,-0.07770004371282178,-0.10134798855608697,-0.052801705950327155,-0.029951707562467112,-0.06656835911823351,0.031747068717773295,1.0,3.536057221285844,30.0,3.088,1000.0,500.0,500.0,1099.0,1099.0,1099.0,0.0,8.0,406123.0
46.91756805478945,49.53533814698785,9.01274743525061,10.429978111901322,0.02591282548905903,41.38471890440909,9.608371392520803,1.5634179165420126,1.1499249836095455,0.03790928759945882,-0.3232563950765051,0.019954555640795003,0.037820290013073646,-0.1833618193085799,-0.021614043625434946,-0.04196345911382176,0.030562688452974104,0.04671263890621708,1.0,3.557589171221456,31.0,3.07,1000.0,500.0,500.0,1013.0,1013.0,1013.0,0.0,8.0,407136.0
47.178729043309765,49.8032009327672,8.410972597256126,10.80674353121385,-0.008254142209874759,41.15297949903451,9.491080006438828,1.5407284851040413,1.160013755540003,0.07739176208184602,-0.35341401739574907,0.007225109319068577,-0.027679516463273712,-0.08367584686666325,0.07007413874348402,0.06668167853741871,-0.15644411769817235,-0.034639184486705575,1.0,3.715215219258229,32.0,3.092,1000.0,500.0,500.0,1058.0,1058.0,1058.0,0.0,8.0,408194.0
47.97406207045607,49.674230269220935,8.484125340485523,10.848983987103853,-0.04403562703281007,40.79007815063843,9.508047879916587,1.6149720250401185,1.076420138784587,0.021357129837268674,-0.31546506383342265,-0.11887972276067661,0.12309123535252976,-0.16656185520771513,0.041041392426412665,-0.028447078927176375,-0.1500121267253107,0.05738882302034272,1.0,3.7343584739731694,33.0,3.08,1000.0,500.0,500.0,1052.0,1052.0,1052.0,0.0,8.0,409246.0
47.75160053360346,49.47907427784949,8.683756312209022,10.318285764358441,0.027111079544731912,40.656790877109195,9.900569160680691,1.4812712369428072,1.2344208762479947,0.05447221832485456,-0.4024105074708076,0.006677293935275923,0.02119269905117109,-0.12087072739756953,-0.09381240435493018,0.07284871425933691,-0.10017173115296281,-0.01539034755921871,1.0,3.6175712983032478,34.0,3.094,1000.0,500.0,500.0,1069.0,1069.0,1069.0,0.0,8.0,410315.0
48.40925965043207,49.90451641097479,8.874513866215558,10.759070749707341,0.012888006010050142,39.866547632772665,9.722875539947323,1.7029509864887773,1.186648163960656,0.04309687776260349,-0.31057038336660514,-0.04814400464538575,-0.09219901819183436,-0.2528599541514681,0.02914934002730094,-0.003557140023854178,-0.09099649431600002,-0.05465225917312013,1.0,3.572191633783854,35.0,3.032,1000.0,500.0,500.0,1064.0,1064.0,1064.0,0.0,8.0,411379.0
48.72916294549395,49.82755708588991,9.533465179130296,10.393005131227108,0.05119211860331385,39.097755754806045,9.675188303657869,1.5369093214636913,1.1130290366845825,-0.09237756332105906,-0.32665448029034866,0.013638508695690001,0.18169288261973016,-0.11822719525597318,-0.08030383603398687,-0.004148306903219686,-0.011612844383248182,0.04686953170456187,1.0,3.454391185144676,36.0,3.14,1000.0,500.0,500.0,1112.0,1112.0,1112.0,0.0,8.0,412491.0
48.10530539633235,49.23163752656091,9.280201408423599,10.463934933604278,0.11607491063360763,39.03298340559197,9.54741233906708,1.6079123075292576,1.1292959233538735,-0.04266840621281576,-0.3842792571216586,-0.07368221553783647,0.09669348110046158,-0.22102270410562233,0.019493140571792883,0.03382425751795317,-0.009207925163356596,0.021763339597755022,1.0,3.488194064109674,37.0,3.132,1000.0,500.0,500.0,1028.0,1028.0,1028.0,0.0,8.0,413519.0
48.06240607346561,49.483234292236276,9.11357698199034,10.14205938022199,-0.06532413348650698,37.99193847852251,9.38898933974965,1.5267023398969688,1.2292171365860292,0.07307080485798777,-0.3675223761319049,-0.0506666050435941,-0.0294531183918812,-0.21602150930541505,-0.060972123377375356,0.024487316520846382,-0.061661915799072806,0.05146743984876516,1.0,3.5511002450367624,38.0,3.028,1000.0,500.0,500.0,1133.0,1133.0,1133.0,0.0,8.0,414652.0
47.25828078591058,49.647593300325525,8.766413896712386,10.091918749510125,0.015500557091493072,37.59441507219989,9.477704052038527,1.7736640774891166,1.246238511508438,0.06484455281776819,-0.38306945979767326,0.11351088142162993,-0.04949340888305298,-0.06917660343782694,-0.06148930924591302,0.03748227903096132,0.020868403485281278,-0.05294535498937134,1.0,3.5308513828200847,39.0,3.108,1000.0,500.0,500.0,1121.0,1121.0,1121.0,0.0,8.0,415773.0
47.45807949898852,49.54303817248475,8.34214011683049,10.296569723825955,-0.003220903163689879,37.39109884772996,9.330858208494806,1.405645836085788,1.0296627896262116,-0.01838732791294154,-0.07884698947975037,-0.046472758959246345,0.05429887603910224,-0.12873184552577782,-0.03471498684378905,0.009986563513357976,-0.11103902330022047,0.003051266785952829,1.0,3.5490062759204504,40.0,3.058,1000.0,500.0,500.0,1044.0,1044.0,1044.0,0.0,8.0,416817.0
47.614275559535635,49.894720639619294,8.790615934706134,10.0129983378532,0.032424357449149406,36.89892717336474,9.291728999866406,1.5385802469135796,1.1289859035169414,0.048494692944558,-0.27012503116795916,0.0767084168671288,-0.01616640180042732,-0.10560488889380924,0.016954666842869417,0.07752881737443737,-0.027173351001537126,-0.03753636405180272,1.0,3.4652198069263336,41.0,3.092,1000.0,500.0,500.0,1080.0,1080.0,1080.0,0.0,8.0,417897.0
48.00996739219795,49.80548584749176,8.959431115085057,10.44643344707462,0.08298484833245226,36.824788508232146,9.060924941012958,1.3509510362832327,1.2369401815405747,-0.006741017739117082,-0.2880244680012913,0.04806183218121247,-0.10042042012837987,-0.0690030468336771,-0.08525368277273669,-0.0015775266283196774,-0.06935571719895654,-0.01319989005920143,1.0,3.6018394193476437,42.0,3.086,1000.0,500.0,500.0,1096.0,1096.0,1096.0,0.0,8.0,418993.0
47.837298738820756,50.276866256737236,9.086603641813154,10.348549227433775,0.12209816361925863,37.02579367783959,9.476669178023954,1.5478175956351907,1.1931393779319566,0.1406091394392752,-0.3287732113026461,-0.07324800284140559,0.06843656851320322,-0.12459190118860435,-0.1304774585229639,0.023462251845402564,0.0036324890670459977,0.01741248094031346,1.0,3.631352002426501,43.0,3.124,1000.0,500.0,500.0,1016.0,1016.0,1016.0,0.0,8.0,420009.0
47.99156282940618,50.32298303439017,9.323558689731719,10.932292256237911,-0.07055557659559542,36.14117646430674,10.147789524604754,1.7340835859748256,1.1821621049104312,0.10444412996786749,-0.2583668840593865,0.11569702013042199,0.06718333195039478,-0.187823883029911,-0.15163216312485325,0.09083824452929921,-0.09226402934958854,-0.06616149200497749,1.0,3.6115433089813784,44.0,3.084,1000.0,500.0,500.0,1004.0,1004.0,1004.0,0.0,8.0,421013.0
47.77486916893294,50.90994196648971,9.597791352802819,10.52850552090286,-0.037917605036315055,35.75675721398387,9.5219399313592,1.5941130229714395,1.2044703287343617,0.021910269442362476,-0.37665822404436905,-0.027451187702836794,0.06019925505323197,-0.16140228218459687,-0.09154280377965084,0.0019800556023845174,-0.02194287550784552,-0.0884028895640802,1.0,3.651712559381464,45.0,3.17,1000.0,500.0,500.0,1070.0,1070.0,1070.0,0.0,8.0,422083.0
47.748258293963495,50.72071365158733,9.422097486533639,9.608876661239547,-0.01598965315205733,35.03905753630206,9.207712970920197,1.6080028091634784,1.0676429510755472,0.10782592595962287,-0.2712301272510053,-0.08327935172445274,0.11139834945547127,-0.18476333875133294,0.027808482379461062,0.04099774439559722,-0.047937952606327765,0.013020094534352334,1.0,3.6579469899600228,46.0,3.118,1000.0,500.0,500.0,1127.0,1127.0,1127.0,0.0,8.0,423210.0
48.534863774519685,50.29369231188113,8.673504716362714,10.086851337304608,0.03237125904238063,35.12486446891378,8.881097594302522,1.4835691324911444,1.1264640093685923,0.0831808514447181,-0.3007280624377136,0.0040879095749848885,-0.04552843661766196,-0.0250349660324126,0.0899241273575988,0.05845323899194956,-0.015214067211254635,-0.005571858305697496,1.0,3.8196716743461794,47.0,3.322,1000.0,500.0,500.0,1105.0,1105.0,1105.0,0.0,8.0,424315.0
48.816110819687275,50.3307064768182,8.824422311966739,10.16091298537261,-0.01547458324153253,34.7069786742272,8.944693504323382,1.4870532812457866,1.130198378989542,0.03381403044704558,-0.30680651641871737,0.13068356514709978,0.05476884976920636,-0.21200635658882205,-0.0011206327848760117,0.12742261067043756,0.012064050905683198,-0.03320749249823217,1.0,3.787574655178185,48.0,3.174,1000.0,500.0,500.0,1037.0,1037.0,1037.0,0.0,8.0,425352.0
48.55618741984902,50.0854468933726,8.979650473524751,10.485629418569728,-0.007518664182213051,35.01641017473805,8.792741897186955,1.4038388323906812,1.0841334396000553,0.03973865314867474,-0.19741868724797232,-0.023210582629541905,-0.02641222938460461,-0.11009016271293087,0.053311000917269244,-0.0824813025140971,0.01998338804791128,0.014666428057197969,1.0,3.7786176719605873,49.0,3.238,1000.0,500.0,500.0,1146.0,1146.0,1146.0,0.0,8.0,426498.0
48.94723746713015,49.97034157517548,9.1991229510829,10.81459887938256,0.03826291252550409,35.02765196768221,9.261997356174257,1.466784253061342,1.1807181356870864,-0.08813439047107949,-0.3730686234844812,-0.01126966400621028,0.03648005439645413,-0.12911476456642906,-0.028935624136418613,0.09692037025837165,-0.033116932545354076,-0.04196534288650774,1.0,3.9004990472688146,50.0,3.116,1000.0,500.0,500.0,1052.0,1052.0,1052.0,0.0,8.0,427550.0
50.76557768419535,49.588956885772156,9.667255238474615,9.704937726653059,-0.06533662506888899,50.35823246062622,10.15109409607129,1.5894796044306283,1.124678420325186,-0.16334395919136013,-0.3357168529529833,0.009025933314628103,0.04206287008935507,-0.24248874950283802,0.046635464355469884,0.014438401675292404,-0.04588498955491767,-0.09304521254904832,1.0,3.964,1.0,3.294,1000.0,500.0,500.0,1012.0,1012.0,1012.0,0.0,9.0,428562.0
50.72061515499101,49.844504241615645,9.48108631477649,9.891882891962782,0.0016525617923572227,49.24628449120244,9.83195624688651,1.6346814831726681,1.3171078286741065,-0.14478694519935661,-0.38356511920719466,0.07273988553912701,-0.1085183524141439,-0.19408537610813098,-0.14201031589140722,0.020304157243238148,0.017424537115667268,0.008755239834800619,1.0,3.924246833002593,2.0,3.426,1000.0,500.0,500.0,1021.0,1021.0,1021.0,0.0,9.0,429583.0
50.14454923035208,49.98055000783917,9.37999464995676,9.604859745086435,-0.05570198796593965,47.86506192752466,9.517153569442799,1.4666565759321903,1.1230699089486889,-0.06677015420123006,-0.3180841836240856,0.03277140532584182,0.10315394407536202,-0.2382511741963672,-0.03329564571694928,0.0296872789306977,-0.013246309627079157,0.052361524439400044,1.0,3.9141823683242887,3.0,3.254,1000.0,500.0,500.0,1066.0,1066.0,1066.0,0.0,9.0,430649.0
50.37143637976476,49.745467438560524,9.51576998749304,9.704644687760917,0.028032133671729558,46.93781993278561,9.371228553607066,1.6059912642924217,1.1089908979334473,-0.17667163685166554,-0.31998863651829834,0.028539947691540394,0.05104862605155936,-0.1836161810572434,0.03685436339427643,0.015562940243479022,-0.016391201902554175,-0.09052434880370067,1.0,3.8043245102272567,4.0,3.156,1000.0,500.0,500.0,1036.0,1036.0,1036.0,0.0,9.0,431685.0
50.16548755858656,49.64023655492245,9.227573388082321,9.663918463391617,-0.05047420412708166,47.369810639457285,9.507980634153805,1.5394542180736028,1.1688896191722218,-0.10857156024971668,-0.32482951150268596,0.15677873613023138,-0.09761760541732327,-0.18088543118464911,0.10277583126670084,0.04218216073256395,0.044588165926857666,0.06397355619499857,1.0,3.758713315465696,5.0,3.264,1000.0,500.0,500.0,1082.0,1082.0,1082.0,0.0,9.0,432767.0
49.40399046092676,49.4024922727098,8.92710230781716,9.146056751946052,0.05274693602020667,47.755031514997796,9.91396808594852,1.4531828167868777,1.060858981656089,-0.11264979251456367,-0.3579717270783313,-0.0253965279517807,0.08576126954295676,-0.17446105548225638,0.16648507659779901,-0.0005561082668027633,-0.008720420227123441,0.0858534187014455,1.0,3.736737413885926,6.0,3.142,1000.0,500.0,500.0,1082.0,1082.0,1082.0,0.0,9.0,433849.0
49.176083607454444,49.380859110612384,8.85007409052626,9.516187591744387,-0.007339246294340933,46.791256301185435,9.810825792569524,1.5058060407796332,1.2107168102833714,-0.12948906794423648,-0.3879016024262524,-0.06900553083576856,0.004755155746540582,-0.19489226705041623,-0.055554043614522035,0.011240897423683043,-0.07232133081363074,-0.06198586129217481,1.0,3.6961760521350984,7.0,3.158,1000.0,500.0,500.0,1132.0,1132.0,1132.0,0.0,9.0,434981.0
48.469117831198595,49.05637940506488,9.208659259305644,9.721088941478822,0.021896829370132195,45.6818672836054,9.721687554194274,1.554548816568047,1.1039550723734841,-0.038157406882323205,-0.3365008181720101,-0.09590703461270772,0.0985819955890248,-0.17444294757244333,0.008741540212045124,0.056720416945690855,-0.11204144293815425,0.032889164626082545,1.0,3.638378009260939,8.0,3.032,1000.0,500.0,500.0,1040.0,1040.0,1040.0,0.0,9.0,436021.0
48.64760439091218,49.27051656587438,9.3912535070408,9.869030154428234,-0.02032598632740312,45.704750011079966,9.961638482174665,1.509165769718685,1.160050775323538,-0.06262845680040986,-0.3758146135611934,0.024460336364164628,-0.11438852815790242,-0.19181871400313055,0.16762341419821136,-0.05778327932086807,-0.0018060352231353115,0.03687960060403827,1.0,3.57258730468128,9.0,3.214,1000.0,500.0,500.0,973.0,973.0,973.0,0.0,9.0,436994.0
48.81990626315568,49.55096124685037,9.598055378404652,10.262428983128604,0.048367862312550226,45.3017887956163,9.922534547411647,1.4729535360976185,1.1004817620217915,-0.04442163152029844,-0.32016471973659066,-0.055399070746896005,0.10076960631156243,-0.15061228226388798,0.018667002223511985,-0.02057866303973292,-0.09325252356810024,-0.031273510251937975,1.0,3.5356298389383674,10.0,3.156,1000.0,500.0,500.0,1083.0,1083.0,1083.0,0.0,9.0,438077.0
48.67796697510387,49.37505400350371,9.591184742856676,10.325233603457887,0.045973796901085814,44.30656785222311,9.36455465404598,1.5350490021960645,1.182966744338792,-0.011830368993377971,-0.3250802322734846,-0.037452644250322756,-0.006478320964949028,-0.15547322691716972,-0.035228889340242237,-0.027245913112622852,-0.003969951490114362,0.021299457215707047,1.0,3.6269564571655555,11.0,2.906,1000.0,500.0,500.0,1138.0,1138.0,1138.0,0.0,9.0,439215.0
48.824252642306305,49.966158077997584,8.944682650366031,9.938190129753695,-0.03444327068780841,43.93662154508898,9.460923581243605,1.613919544321822,1.2156058036127233,-0.03758120866142548,-0.34038989956954896,-0.05381123221431699,0.020079019558406592,-0.22414364292140576,-0.11378766644242343,0.023264879126247622,-0.027442220599085007,-0.041759700622975786,1.0,3.5866112932353666,12.0,3.036,1000.0,500.0,500.0,1060.0,1060.0,1060.0,0.0,9.0,440275.0
48.56500088909589,50.975253398330175,9.533735028724777,10.582542096137,-0.0673622813236651,43.68671653510567,9.237625870070234,1.7497136182924906,1.3320281411778148,0.14892538539632083,-0.44762743590975057,0.0027503959470064855,-0.11774516825211732,-0.19134535688533985,-0.10945505950297901,-0.049361931175272,0.016090470932037384,-0.04924902817105758,1.0,3.5647285301633227,13.0,3.024,1000.0,500.0,500.0,1055.0,1055.0,1055.0,0.0,9.0,441330.0
49.17214778029877,50.85355036220232,9.679444709225866,10.72447777989038,-0.010627351826013279,43.46825400955396,8.942731268438353,1.7038925450910802,1.1080546930057482,0.028725086961954534,-0.3223974479774622,0.014081197284885561,0.00863365388710661,-0.21498438934202135,0.09587629623494849,0.0025491948918473515,0.0038314425901812372,0.029745795961472032,1.0,3.560980225088765,14.0,3.088,1000.0,500.0,500.0,1055.0,1055.0,1055.0,0.0,9.0,442385.0
49.26677594860176,50.587865297910135,9.248232425475528,10.75021817624914,-0.03288001573848705,42.975036379350406,9.599158453242588,1.3774770832121186,1.279523585364302,6.446561901457633e-5,-0.32807281929319343,-0.006701237332537938,-0.07597686603512725,-0.17009744148849726,-0.15879515268219577,-0.07376951775738909,-0.0026903464775870152,0.023594365013095326,1.0,3.4505610469930117,15.0,3.206,1000.0,500.0,500.0,1089.0,1089.0,1089.0,0.0,9.0,443474.0
48.82270190785715,50.65198150892069,9.159934662053638,10.779535484156629,-0.008637307356573129,42.83000834313974,9.678787476412928,1.4456301362456752,1.3074805119059925,-0.017480188551641875,-0.3929527097927388,-0.07249104689914525,-0.12046949094642143,-0.04911338154543932,-0.09704526272675672,-0.03623809761442179,-0.03616188319493759,0.006459415132290113,1.0,3.4558263237180187,16.0,3.056,1000.0,500.0,500.0,1088.0,1088.0,1088.0,0.0,9.0,444562.0
48.85331422934337,51.34240455105234,9.516396227650882,10.54833546963737,-0.05346237557010739,42.32549934243355,9.6537396434285,1.5649160905434696,1.246923525076222,0.05443797075876173,-0.33435598077911227,0.09204561661742003,-0.10036874209625764,-0.20792035191564495,-0.06336719755645762,-0.02621822038289514,-0.03775350086136457,-0.021174492213145036,1.0,3.355778179180629,17.0,3.142,1000.0,500.0,500.0,1103.0,1103.0,1103.0,0.0,9.0,445665.0
49.24892939644927,50.51659438715838,9.361798216356442,10.403477034407794,-0.05668912903143637,41.74969881248108,9.406122483201674,1.5732733340160419,1.0677544334367375,0.07954139333840807,-0.23105765346384816,0.026532027568595448,0.06111317680823566,-0.14801903785011852,0.029358871891773677,-0.05449022668991734,-0.1579467764764305,-0.00543909886599466,1.0,3.3138263311460405,18.0,3.038,1000.0,500.0,500.0,1087.0,1087.0,1087.0,0.0,9.0,446752.0
49.65858595439126,50.75165725677833,9.399288942010722,10.710793815618931,0.04679251461545792,42.14195006673457,8.996122894270696,1.528683574879227,1.2303327121339842,0.02027376756656653,-0.3073190625369597,-0.07002827970281102,-0.16280585180731408,-0.12373417918455186,0.004893456866886136,0.04569463061698148,0.006303967791159271,0.002787842500092273,1.0,3.3108734164570603,19.0,3.064,1000.0,500.0,500.0,1104.0,1104.0,1104.0,0.0,9.0,447856.0
49.93549702037792,50.581979849255625,9.653059648782675,10.192478882313198,0.028628760105218105,41.80018149247892,9.387279195838985,1.4731890675104586,1.1156598875349402,-0.06300242108919597,-0.3438762776147313,-0.028474694148938818,0.08478190312106618,-0.1605381449240462,0.02990432855804656,0.014833386773238968,-0.08719867778949651,0.022403406878272972,1.0,3.277839004181835,20.0,3.082,1000.0,500.0,500.0,1085.0,1085.0,1085.0,0.0,9.0,448941.0
49.39100731835901,50.52183551674069,9.923736352649918,10.720228241876312,0.0011498740302630787,41.88390497992305,9.3507383455257,1.5588645238171237,1.2648522393447181,-0.0646716291769459,-0.3791649190366161,0.030232173414316353,-0.06536756888156636,-0.18767241337355986,-0.0867055032868416,-0.011955755006857246,0.008173858427433334,0.00431513264629062,1.0,3.311165428450741,21.0,2.858,1000.0,500.0,500.0,1062.0,1062.0,1062.0,0.0,9.0,450003.0
49.50415438238116,49.79953612452884,9.799325064123378,10.63492008535015,0.06816926395153278,41.60608633933871,9.571593411714431,1.6409282117973574,1.2166534383354284,-0.08203408633084376,-0.3723659617043962,0.07553376408218655,-0.12730902711566133,-0.20579489717731303,0.0761424414025519,-0.047590191014526655,-0.008934918532786594,-0.023753517848418726,1.0,3.4442134037462937,22.0,3.006,1000.0,500.0,500.0,1113.0,1113.0,1113.0,0.0,9.0,451116.0
48.63591639285233,50.139546740686114,9.841378099797643,10.702851796603897,0.0021311503558081226,41.04096445245531,9.932882423230502,1.650081124932396,1.3260379485979226,0.012689725596504255,-0.4607050943616704,-0.03816282548937644,-0.08654239710302832,-0.188905853789633,-0.10519178679723817,0.042633396467386064,-0.018446378187982934,-0.033740316122217964,1.0,3.5267405156280596,23.0,2.876,1000.0,500.0,500.0,1075.0,1075.0,1075.0,0.0,9.0,452191.0
49.08739229228693,50.37327679673152,9.531020982693693,10.679555745722757,-0.02880559032257305,40.966136735340726,9.55896070888453,1.6512993948024208,1.179588786545503,-0.11340156161731499,-0.4562882651068489,-0.04329225647118219,0.01714492939217804,-0.1609041655136728,0.08405809453104,-0.045326109731458654,-0.06019993787313176,-0.05126872539319245,1.0,3.4902080395704456,24.0,3.048,1000.0,500.0,500.0,1060.0,1060.0,1060.0,0.0,9.0,453251.0
48.72199585935643,50.88427246230809,9.297654311231483,10.374134287957881,0.03827551605853986,40.03599286718987,9.308759260803765,1.6091057100863615,1.3063443302065225,0.07205247747537157,-0.39417046253686006,-0.008072361265695523,-0.14730391692765857,-0.10524552283301929,-0.07141216649488046,0.015079345890986024,-0.007393145567385119,-0.13121062965811142,1.0,3.415037105007575,25.0,3.072,1000.0,500.0,500.0,1078.0,1078.0,1078.0,0.0,9.0,454329.0
49.96145982975105,50.62739312579974,9.132278464594137,10.505392619865876,0.030964841706360588,39.366607372214986,9.452813611952765,1.408653326122228,1.1720404901356734,-0.052098298345983986,-0.3920261144848866,-0.061175514558185096,-0.06916291496027983,-0.19958172166007399,0.11259795848866204,0.02930674836842784,-0.012707850900457531,0.027080922052460134,1.0,3.2983905810998917,26.0,2.932,1000.0,500.0,500.0,1075.0,1075.0,1075.0,0.0,9.0,455404.0
50.51229251454292,50.423233544680805,8.825339263147967,10.22121169897368,-0.04791014072068662,38.765974375394045,9.675147899425584,1.7835640842205676,1.0068424894083745,-0.08686014701552647,-0.2624732832660011,0.07435558763016756,0.14773759053737381,-0.17173994515785954,0.09482214690907448,-0.04023305588665858,-0.0018516432945666478,-0.09543023271347639,1.0,3.2434508306213057,27.0,2.868,1000.0,500.0,500.0,1068.0,1068.0,1068.0,0.0,9.0,456472.0
49.545338261061616,49.80892872117708,9.600464130476313,10.368236241965771,0.02374359454818517,38.32311986951484,9.858326046428875,1.5537155173143706,1.1398714598512716,-0.009856805477475781,-0.323709930251643,-0.08232658541121389,0.12255530447979439,-0.19975133964592007,-0.08891165062393531,0.14347000440584767,-0.023072913887106816,0.010011179334734334,1.0,3.3676186826312566,28.0,2.898,1000.0,500.0,500.0,1031.0,1031.0,1031.0,0.0,9.0,457503.0
49.269036786603884,50.03118700331402,9.798069230221985,10.562433598911408,0.03789983364080587,37.4374098407853,10.154401592794002,1.5710472777330744,1.269445981312968,-0.02377216534865703,-0.3407947773814858,0.03548063190358616,-0.06182968298317588,-0.13605573283082606,-0.14726339259061746,0.0769182098127949,-0.04677378074372791,0.028086341752395456,1.0,3.229374537258041,29.0,2.858,1000.0,500.0,500.0,1057.0,1057.0,1057.0,0.0,9.0,458560.0
49.42271131478116,50.35053011515309,9.522991042525122,10.632435685523225,-0.01552846850489298,36.82219447385749,9.972779831019812,1.470597827359258,1.1177336972980365,-0.1318621460653748,-0.3575817101307412,-0.07477777615545181,0.004602106592988842,-0.13132048419289838,0.10239714804050137,-0.02179702187834943,-0.11697648648664774,-0.001890422833866339,1.0,3.294871817202031,30.0,2.832,1000.0,500.0,500.0,1113.0,1113.0,1113.0,0.0,9.0,459673.0
48.8460165003792,49.77057369801798,8.83872720258793,10.19156691147763,0.0034501164801754567,36.67831373778809,9.647166177489591,1.6478618928083841,1.1256132616824908,-0.03221125166695341,-0.41437708032731885,0.005381302779153517,0.10508474978221359,-0.23023245475159124,0.0570202605028285,-0.04520446374561332,0.0007043734219725276,-0.010743082749606581,1.0,3.352500033376725,31.0,2.792,1000.0,500.0,500.0,1044.0,1044.0,1044.0,0.0,9.0,460717.0
48.77897286530588,49.76837285624489,8.603554742493133,10.187991234039059,-0.006308286117353537,36.013599938763285,9.55870892516743,1.7487024534112092,1.0983262621934424,-0.06045508725157385,-0.3010858691756153,-0.01901385383163925,0.005029551490970063,-0.19267541445836264,0.10056508242273322,0.1428907214607049,-0.018874933271710515,0.028146514494647185,1.0,3.3611465910610967,32.0,2.806,1000.0,500.0,500.0,1052.0,1052.0,1052.0,0.0,9.0,461769.0
48.48989520728075,49.729447603841514,8.302659653583296,9.58429547643138,-0.02583475044232317,35.783154956294005,9.382349198653364,1.4732076477436917,1.1163632871138378,-0.001871233150048129,-0.29980447016170036,-0.006447460202784059,0.05352356090502913,-0.09277864240466534,0.0016908746115600647,0.01929984894163736,-0.14522449915829974,-0.08679756160560391,1.0,3.290382762384333,33.0,2.96,1000.0,500.0,500.0,1068.0,1068.0,1068.0,0.0,9.0,462837.0
48.5491985707768,49.49534230243301,8.461323463385032,9.532825954525055,-0.00728095441879251,35.195757504025124,9.044501752332334,1.429625590828209,1.1124873716689436,-0.00511401821827,-0.2671910839479835,-0.10587143472325815,0.044956977167584,-0.15365616362200013,-0.012977047442686821,-0.049500448689517244,-0.038281348794353465,0.021672318379005562,1.0,3.2623183205820845,34.0,3.012,1000.0,500.0,500.0,1042.0,1042.0,1042.0,0.0,9.0,463879.0
48.70299777236889,49.32112798982516,9.073011049119815,9.68183719434655,-0.05820409694432752,34.453458863098824,9.371330834349626,1.6260136844833752,1.2507866484426442,-0.06973236205790696,-0.354981653413027,-0.09226436780949016,-0.023661444878910393,-0.15617028988987616,-0.13239781546239307,-0.02360734884649982,-0.03913053515567738,0.05775639354953106,1.0,3.2611070214204516,35.0,2.962,1000.0,500.0,500.0,986.0,986.0,986.0,0.0,9.0,464865.0
48.88627668014154,49.426786481822056,9.305933165728092,9.541214149788583,-0.04774283315747714,33.558764318351244,9.563597864353454,1.4277513379213584,1.127044007392419,-0.04779171380825504,-0.2671953532298215,0.05385419816989974,0.10606695833455436,-0.12139524752140966,-0.08957868393655828,-0.010375262243490968,0.003871886041525749,0.09132127277862746,1.0,3.3575145232612855,36.0,2.934,1000.0,500.0,500.0,1049.0,1049.0,1049.0,0.0,9.0,465914.0
48.44202457202692,49.42851247631461,9.342367196292084,9.294303140598448,-0.009210971373917671,33.02263914686597,9.672541730555066,1.5037571728844108,1.2467953796994116,0.06396584909310998,-0.3224191467888053,-0.12469056217620854,-0.10004766024166688,-0.08721343199455614,-0.07342372112737305,-0.02546335364664443,-0.0074816452088744285,0.010796133712757342,1.0,3.423545291718655,37.0,2.808,1000.0,500.0,500.0,1067.0,1067.0,1067.0,0.0,9.0,466981.0
48.50752814966308,50.07607983436039,9.37223207997985,9.440515123179592,0.06458320401917066,33.15322489605052,9.41525274233061,1.4683659649586729,1.1618311491403117,0.02215153570352442,-0.31504888706659046,0.06938897727425909,-0.0077726905582553366,-0.06287427623159522,0.0009291673958499857,-0.03921470287268443,0.012381232333254099,0.06146032445687872,1.0,3.403712855919644,38.0,2.924,1000.0,500.0,500.0,1058.0,1058.0,1058.0,0.0,9.0,468039.0
48.64622132577049,50.09629131695482,9.495071989890558,9.430422208844213,-0.04306017094813239,33.53116747508266,9.551211374855551,1.7303200692041516,1.0793555182568908,0.0404648795926513,-0.2725450243474623,-0.07446500402099555,0.09419714124079724,-0.10105759775582875,0.0366526167348326,-0.046173751554410475,-0.014154805294927754,-0.1392343142513605,1.0,3.4455141976861494,39.0,3.09,1000.0,500.0,500.0,1088.0,1088.0,1088.0,0.0,9.0,469127.0
48.53640459926777,49.93538241634001,9.524011715689959,9.711073333319021,-0.031281544739227674,33.11740194083286,9.895103576635533,1.573973897947796,1.1782116793629829,0.08028201492583194,-0.33433750472357077,0.032252502829553664,0.07902983343705232,-0.15149205269422472,-0.10780424887147359,-0.034454321820091206,-0.09939164628788683,-0.023632129228775018,1.0,3.4221851126006673,40.0,2.95,1000.0,500.0,500.0,1016.0,1016.0,1016.0,0.0,9.0,470143.0
48.76803095963204,50.81555550443728,10.040915023142766,9.445477477456473,0.007214675277007663,32.38530032518839,9.73958256076969,1.589043102988971,1.193841148590847,0.03671113854870691,-0.3513921106660605,-0.11753783846599124,0.028112116858887558,0.01893148578322783,-0.06873414003829971,0.01089724692853858,-0.05276708943010518,-0.022539478168688766,1.0,3.4746985861360336,41.0,2.964,1000.0,500.0,500.0,1096.0,1096.0,1096.0,0.0,9.0,471239.0
49.76688672094289,50.17178921794608,9.458413123521009,10.42783950869216,-0.05576465309012544,32.01009525799126,9.736837128418427,1.4844084433494786,1.0964299089877625,-0.03790590318033241,-0.35202058413530013,-0.044751823575541284,0.03518033975335612,-0.10930188151567796,0.11434681642095364,-0.043315875997605495,-0.12142776473968851,0.0992423920194706,1.0,3.533847274703162,42.0,2.982,1000.0,500.0,500.0,1087.0,1087.0,1087.0,0.0,9.0,472326.0
49.38576035570697,50.450005242793246,9.118603575253863,10.469973127548073,0.04397606016683303,31.741346531448894,10.013831265524184,1.5323703570628937,1.1701764940342982,0.005496075878005287,-0.27291461791226307,0.03005641486684207,0.046346735173569575,-0.09541464794559233,-0.12037171149947598,-0.013351969839891382,-0.03829741020218644,-0.039730174615095926,1.0,3.4193918380325217,43.0,2.874,1000.0,500.0,500.0,1063.0,1063.0,1063.0,0.0,9.0,473389.0
48.69728993864304,50.56566054812549,8.977626431258228,10.063240079435463,0.06573527421461893,31.58210010473612,9.189910860173983,1.6502664072446207,1.1737508565477635,0.05355710622815379,-0.3019523377768204,0.04917161009233062,0.06043618046152406,-0.23518672282480838,-0.10320375343619682,-0.0739251339123297,-0.04943966044841751,-0.016700957132108497,1.0,3.4862653891937576,44.0,2.86,1000.0,500.0,500.0,1007.0,1007.0,1007.0,0.0,9.0,474396.0
49.30195664159928,50.74014098286067,8.934232411629422,9.939511697249428,0.05275276772851647,31.154657198788748,9.132346894570055,1.7212241924483844,1.1491548478825386,0.04569378575164921,-0.38850950348781477,-0.03271381692178247,-0.02938364007518105,0.007300504574446001,0.12425542808980047,-0.04629503797435296,-0.008455620579950082,-0.008614226394153629,1.0,3.3755703866307396,45.0,2.884,1000.0,500.0,500.0,1016.0,1016.0,1016.0,0.0,9.0,475412.0
49.29784658323028,51.12980066721438,8.680783112599062,9.839834766873064,0.004515197185697606,31.949534281920073,9.835908774703094,1.5487687651201936,1.1002730813205157,0.04054407476038993,-0.29437441442339934,0.09472800373897122,0.06282399447565326,-0.052394474373919114,0.0316197562218159,0.006115065954481285,-0.08698521196642021,0.053596376417607984,1.0,3.423697411095989,46.0,2.994,1000.0,500.0,500.0,1058.0,1058.0,1058.0,0.0,9.0,476470.0
49.33310782838426,50.81831449914604,8.75386439726403,9.44734449661267,0.010252131954440651,31.17312928175502,9.527780259998979,1.640522972688813,1.2297688296607039,-0.0814946502854889,-0.37192929429735433,-0.04490582823435448,-0.08590455977486039,-0.11721415686744775,0.00037625824445323167,0.0629028875925229,-0.034593303670178405,-0.046354868564225285,1.0,3.3496996178402387,47.0,2.964,1000.0,500.0,500.0,1039.0,1039.0,1039.0,0.0,9.0,477509.0
49.353595477826154,50.70473255548018,8.692125040493899,9.98694435631853,-0.02984384290954485,30.523837781052446,9.82622703116242,1.4449686762798994,1.1627853866376328,-0.01232646831148433,-0.21947318410680045,0.07359218494012815,-0.05177357058656023,-0.156458808776448,-0.051087612485671674,-0.03931888712458059,-0.025148796372486765,0.036591642487144804,1.0,3.2005144092987536,48.0,2.952,1000.0,500.0,500.0,1012.0,1012.0,1012.0,0.0,9.0,478521.0
49.57120227321411,50.741516047569434,8.97120468721431,10.658574526544093,0.005380693809391338,31.382765065481284,9.369160598771002,1.6552815082644639,1.2784587824985505,0.04281875332668472,-0.35142804582452486,-0.0685633934671044,-0.07518468219666422,-0.12492024123759744,-0.12187470193741257,-0.038899498567455386,-0.09198726182755156,0.008495859192106903,1.0,3.34561516373429,49.0,2.692,1000.0,500.0,500.0,1056.0,1056.0,1056.0,0.0,9.0,479577.0
49.555808604280045,50.77715991637592,9.17202492811037,10.387895991972508,0.031017620138039107,30.932592009596597,9.343060618782923,1.5546571672961647,1.2555589698693332,0.0270471911628311,-0.34543397388646163,-0.13097047163897343,-0.14854155928468177,-0.07809451616891991,-0.020119685811522747,0.040932862586595065,-0.023674719623404387,-0.00979991381346094,1.0,3.3936392263618136,50.0,2.886,1000.0,500.0,500.0,1066.0,1066.0,1066.0,0.0,9.0,480643.0
49.91011097949239,50.33055509650652,9.909760091070817,10.199202367179044,0.059053289691944455,50.89134663983685,10.107106440268293,1.626942429485246,1.1346024088335187,-0.07686995586887786,-0.3591362828486923,0.06657297760135564,0.049058127548436865,-0.22585501161828841,0.053537169826875196,-0.13841529676606248,-0.07562436738352898,-0.04170203088953823,1.0,4.184,1.0,3.248,1000.0,500.0,500.0,1004.0,1004.0,1004.0,0.0,10.0,481647.0
50.375228211253365,49.36705112852047,9.94801098837415,9.890231240102267,-0.051517900685342025,50.40373367119183,10.10097908483047,1.6536724171544013,1.1768802527038906,-0.1266400050563034,-0.2926005119310783,0.020393682177237867,-0.04043927634282747,-0.23334504399859976,-0.014335576465656044,0.026056932750941925,0.017391105634543456,-0.04405214901808773,1.0,4.111330744227553,2.0,3.116,1000.0,500.0,500.0,982.0,982.0,982.0,0.0,10.0,482629.0
49.488738100712276,49.73679127373808,10.223464486713837,9.79757047283394,0.07486550052551756,49.6004767567882,10.042673359087816,1.6158766830737985,1.1821985145358866,-0.13402921311494137,-0.4055284316971556,0.03611698226360399,0.17363916962468126,-0.25969726481032657,-0.1455773890610001,0.07326180737274446,-0.03328065947140113,-0.02844841137665378,1.0,4.015810569523346,3.0,3.17,1000.0,500.0,500.0,1051.0,1051.0,1051.0,0.0,10.0,483680.0
49.573618620212756,49.94981101220101,9.704244829084407,9.894729238234092,-0.0182573456193561,49.205716350173674,9.49552823499026,1.7082832597568673,1.140137353338544,-0.08451499598711626,-0.3167528181821829,-0.057014737041163985,0.12598315214172262,-0.2435781010034637,-0.09311759765496812,-0.11349730986660252,-0.05694214029143499,0.021261482725792473,1.0,4.0655887481310184,4.0,3.176,1000.0,500.0,500.0,993.0,993.0,993.0,0.0,10.0,484673.0
49.64062402909629,50.37960066754947,9.701657338699636,9.85969550026984,-0.02903212028181585,49.084165350319914,9.819030503698036,1.3712544330947778,1.1911284512873306,-0.04918654612961015,-0.3781526445689109,-0.03170722777395751,0.08217228951173218,-0.13401499253809585,-0.08545275848129098,0.03512095012525928,-0.006797560229077644,-3.18583343798873e-5,1.0,4.120589683764271,5.0,3.362,1000.0,500.0,500.0,1085.0,1085.0,1085.0,0.0,10.0,485758.0
49.184262533119224,50.16910062642731,9.538823390342447,9.928310815242023,0.00012139544437330027,49.15202113715196,9.25646196251376,1.730046941858351,1.127504491719016,-0.09900608957603181,-0.32973878793883443,0.0036292502641270064,0.05477204257483724,-0.2806243314979831,0.014572476323207068,0.10080947832637126,-0.06432792408972347,-0.13001742262281354,1.0,3.9476513077684015,6.0,3.184,1000.0,500.0,500.0,1041.0,1041.0,1041.0,0.0,10.0,486799.0
49.50606004031899,50.27708267546555,9.848777241376153,10.668409949796665,-0.03520758868569621,47.90266193702203,9.521786383325232,1.6123113854595335,1.1975493726119377,-0.10608085753304951,-0.31116845906982504,0.015090395119566133,-0.04220389915303938,-0.12816313963240036,-0.05573411619144903,-0.04191479500710207,-0.10414195357313008,-0.0697372335752659,1.0,3.84240707353212,7.0,3.18,1000.0,500.0,500.0,1080.0,1080.0,1080.0,0.0,10.0,487879.0
48.62993800901162,49.006135360509504,9.681573087534138,10.716943243343767,-0.12173664982261706,48.15707199058025,9.312227220664132,1.376964577449626,1.1511648264403984,-0.04667882191626985,-0.3922940379575743,0.023342910592568045,-0.02927328639724391,-0.18524097828690347,0.1071644711854518,-0.0178070972115447,-0.10612973759229709,-0.0004324130903297122,1.0,3.7057551446117967,8.0,3.18,1000.0,500.0,500.0,1124.0,1124.0,1124.0,0.0,10.0,489003.0
49.59069514651606,48.91692712822917,9.801464470641985,10.19343127625475,0.006223082007915099,47.602220104587964,9.202967334286711,1.3789018535473614,1.1862787088122346,-0.08621417974720588,-0.27033434676651374,-0.013975079440846878,-0.12655961418809009,-0.10932736160173241,0.015832239613396932,0.05747010798580686,-0.0534304509248259,-0.0740191244179876,1.0,3.6407102616951805,9.0,3.198,1000.0,500.0,500.0,1033.0,1033.0,1033.0,0.0,10.0,490036.0
48.826998804108804,49.103444523133476,9.675018473032312,10.85773215785146,-0.032009749096978554,47.02655706435387,9.134845554884055,1.685510034706504,1.1695229808659213,-0.07273308009542921,-0.2926705710223103,-0.04984544478856207,-0.052735732613495234,-0.20239256042750803,0.007785540960774778,-0.05662841842011598,0.02324762092073558,-0.022147125892432177,1.0,3.8030141698019526,10.0,3.138,1000.0,500.0,500.0,1128.0,1128.0,1128.0,0.0,10.0,491164.0
48.61606821011102,48.10335737621581,9.994228932156567,10.737060469196917,0.003387099695177249,46.27870952828702,9.49454084093919,1.5092053048074492,1.129361591139121,-0.11352784785296817,-0.226113944769122,-0.07665568556527692,0.026956844400224347,-0.22517162235468235,-0.049453646691191046,-0.03725873234537975,0.04745477205985252,-0.0635287732318784,1.0,3.7893103990492056,11.0,3.106,1000.0,500.0,500.0,1077.0,1077.0,1077.0,0.0,10.0,492241.0
48.680785202152784,48.89099603209834,10.40864022335344,10.277494349545533,0.008649499486071157,45.7614976700919,9.553200366107903,1.826971711280938,1.1439832333235858,-0.07972655286095176,-0.38157155700551765,0.045939923594583106,-0.025004188317096016,-0.21085009911489253,0.1104428948148987,-0.02669551468741634,-0.037980385301916324,-0.04570802229358405,1.0,3.7607934792855824,12.0,3.208,1000.0,500.0,500.0,1076.0,1076.0,1076.0,0.0,10.0,493317.0
48.234134008423055,49.258208860458005,10.036574310682512,10.772261594003934,-0.02819554261310588,46.02628526594856,10.205557964703436,1.6121037095337123,1.2000303555430916,-0.005533013315851886,-0.4362340132824882,-0.03089134078230373,-0.06606346115863275,-0.14727256034793604,0.11037720117524434,0.023937859227674108,0.034148421653433146,0.018021884786349772,1.0,3.7977143102056896,13.0,3.116,1000.0,500.0,500.0,1061.0,1061.0,1061.0,0.0,10.0,494378.0
48.129063120701375,48.77469871971674,10.065954229284817,10.912281482678372,-0.0014417789822259478,45.53570886618101,9.774988873114781,1.5853967074159967,1.1513918944454726,-0.09766817669953466,-0.39341298023224863,0.008018304889979629,0.08335084807083555,-0.18881302578026735,-0.004554820100676895,-0.020960792710518553,-0.04564829236550518,-0.007291991406133892,1.0,3.7909878289634045,14.0,3.202,1000.0,500.0,500.0,1058.0,1058.0,1058.0,0.0,10.0,495436.0
47.97388313692404,48.64894229766016,9.774349538101028,11.191837545528971,0.006571221384715483,45.46308839932596,9.531984216731786,1.6900896756228914,1.0412368464324808,-0.1444771726113347,-0.2421236437892769,0.04345670515051215,-0.0014442106879817079,-0.20175792794916342,0.16576592135692034,-0.007391666954659513,0.017546900668640494,-0.0036305472174563537,1.0,3.727807900432969,15.0,3.198,1000.0,500.0,500.0,1057.0,1057.0,1057.0,0.0,10.0,496493.0
46.954787534062596,47.650457778602224,9.755397695454928,10.91024398101817,-0.0020442456487497463,45.0522941457386,8.950350495384598,1.8969334309918324,1.2300628840602312,-0.12271291610178017,-0.4032771743054985,0.08934392811502233,0.05542949336097318,-0.09968413135100058,-0.0965326055029643,-0.08097964719474826,0.07505625178069779,-0.03863439309015459,1.0,3.787181014424331,16.0,3.314,1000.0,500.0,500.0,1076.0,1076.0,1076.0,0.0,10.0,497569.0
47.1954815205053,48.21670549988115,8.905574717499254,10.54770821263024,-0.005330093822680344,44.922599420788515,8.96206868885516,1.5540029018090813,1.102926438508397,-0.11119222942050928,-0.2402484429071109,0.04631595494247526,-0.017069728853665665,-0.0824585393145183,0.045935788380807585,0.008275622713453654,-0.06382912827636195,0.05038829462224359,1.0,3.7484165040017623,17.0,3.224,1000.0,500.0,500.0,1011.0,1011.0,1011.0,0.0,10.0,498580.0
46.53378193559197,48.4735399417475,9.419024151055028,10.875523691278076,-0.025558688460143295,44.94986199056643,9.01678911475514,1.7143658738384442,1.1188569901382122,-0.03087148961604162,-0.2625905867553891,-0.03934282379504021,0.020665454358931603,-0.143211224213832,0.010966127497967285,0.03987449546669637,0.025465936844025275,-0.01086144111846077,1.0,3.833266672504783,18.0,3.024,1000.0,500.0,500.0,1007.0,1007.0,1007.0,0.0,10.0,499587.0
46.219843411828656,48.243926170034044,9.142688050535211,11.01206067685363,0.013058369106407864,44.36203841088739,9.472504768087122,1.6553490606981203,1.2488946358727402,0.06292823603380801,-0.3697024985379778,-0.013910292610362281,-0.08951915929409679,-0.13150083607894741,-0.0419609521095259,-0.055038541139853146,-0.06254173055580929,0.002638131092557094,1.0,3.783955883291098,19.0,3.128,1000.0,500.0,500.0,1016.0,1016.0,1016.0,0.0,10.0,500603.0
45.43191843433297,48.87227689367988,9.319949293032437,10.683604666637098,-0.0077287092166909875,43.934898053127945,9.437976844769933,1.6250576403873442,1.1728640339301877,0.047644488616745743,-0.3535371982057234,0.002163483181908865,0.0071820683853505134,-0.17197795843550265,-0.014464456917681522,-0.05347044611009128,-0.084661927992075,-0.009022301381989024,1.0,3.6772234613147146,20.0,3.094,1000.0,500.0,500.0,1066.0,1066.0,1066.0,0.0,10.0,501669.0
46.00255637094555,48.54315196778415,9.88351181332092,10.713514089470033,-0.08653132330797084,43.731498721718204,9.159760891750086,1.6249399052219522,1.118651643687279,-0.04761233625030372,-0.4102614108277492,0.1347232073331426,0.0710176743965127,-0.17873995052432234,0.10659356273773675,0.056011307315991105,-0.12804687146591506,0.02791129205020284,1.0,3.6320705391803076,21.0,2.98,1000.0,500.0,500.0,1045.0,1045.0,1045.0,0.0,10.0,502714.0
46.02286826937442,48.166177973840036,9.80998180244875,10.453496916894796,1.4600694718118081e-5,43.21840310683627,9.55216265231959,1.6447790354435214,1.2633898899914675,0.018083218802590863,-0.38569948855746505,-0.0022679138802773058,-0.10480015752218039,-0.14528308582567467,-0.0385994982847908,0.01871064989767672,-0.02800249302624653,0.01493847959430631,1.0,3.6100134999142415,22.0,2.98,1000.0,500.0,500.0,1085.0,1085.0,1085.0,0.0,10.0,503799.0
45.695897741090235,48.36662702332077,9.871390747338816,10.869157861082732,-0.0034973560271666575,42.95986086878972,9.701430727059382,1.5594891384750629,1.2527972071654143,-0.020102074717295734,-0.479832743484514,0.009523575189881233,-0.1378621177218993,-0.28510192861569494,0.12001927792964281,-0.07337273922281977,-0.016631268088453704,0.11578037357869031,1.0,3.616866074825637,23.0,3.082,1000.0,500.0,500.0,1058.0,1058.0,1058.0,0.0,10.0,504857.0
46.00288829554108,48.060982573537586,9.516081877465988,10.833564213670977,0.04831709287138917,42.07199380120583,9.511980362328474,1.6793490081441105,1.1445403700881396,-0.015057010096290542,-0.3450122454934078,0.09984242788967983,0.17893468380185767,-0.09025881445667433,-0.13225193963205634,0.1098006637494516,-0.11337359590430116,-0.08977032810213546,1.0,3.6497839100020224,24.0,3.16,1000.0,500.0,500.0,1057.0,1057.0,1057.0,0.0,10.0,505914.0
46.45522316057752,48.54081917104269,9.493675543691175,10.905887820514295,-0.02237150487953735,42.246892662589545,9.123668358738115,1.5247463085742368,1.165071679898426,-0.018644140948142006,-0.40437729397413547,0.03271746004554438,-0.23847337045314781,-0.22340236138807126,0.31119732747759626,-0.016795404988626302,0.0059842756954803875,0.0014441186088804388,1.0,3.764957458250461,25.0,3.056,1000.0,500.0,500.0,1101.0,1101.0,1101.0,0.0,10.0,507015.0
46.389923923471436,48.226990148282056,9.674670141929587,11.06327342080617,-0.01738056098689006,41.58737291688097,9.423283806274402,1.5910405811637445,1.1616724104995906,-0.002738413960280972,-0.39594581608635865,0.03096388579410898,-0.03891378313620258,-0.053190555311023874,0.1164290533428807,0.021499492824923812,-0.02472835545516963,0.026529516601348377,1.0,3.772583596183859,26.0,3.312,1000.0,500.0,500.0,1029.0,1029.0,1029.0,0.0,10.0,508044.0
46.142371768335195,48.576831164349564,9.401384927978524,10.870103332836193,0.014057284321725623,41.46138213932842,9.88062732853992,1.7310982435289728,1.1705249551015502,0.13391944434560307,-0.31580755110776537,0.016931613940257443,0.04426862738229993,-0.19676786632157564,-0.06835671013936376,-0.008622101727691607,-0.028666170386918703,0.010919132041782267,1.0,3.7601540633378208,27.0,3.288,1000.0,500.0,500.0,1076.0,1076.0,1076.0,0.0,10.0,509120.0
47.07770945501085,48.81025706752351,9.634130825686054,10.630039528005398,-0.07024292216880534,41.86241628839326,9.689050636529913,1.596733339156259,1.2272450927380367,0.06634947940311225,-0.2585816437224157,-0.10924446261387437,-0.10170883705734307,-0.10235663694589937,-0.09774230037130882,-0.04440989726219633,-0.03159912358718157,0.019033401449363385,1.0,3.821097009728916,28.0,3.186,1000.0,500.0,500.0,1070.0,1070.0,1070.0,0.0,10.0,510190.0
47.024565344623994,48.14583356860876,9.690964339157535,10.273044812140096,-0.05533553474131262,41.89735130514054,9.76460245386539,1.6473862358518825,1.1195054322314835,0.05687197053558126,-0.29573632645433434,-0.059077071703067204,0.055868448918002286,-0.12750531744429436,0.004342210906239664,-0.05341142275834893,-0.09768900493604801,0.004025111817828765,1.0,3.7334751889782023,29.0,3.174,1000.0,500.0,500.0,1113.0,1113.0,1113.0,0.0,10.0,511303.0
46.92286299934412,48.12137148430822,9.721856273291788,10.563661152495554,0.025343655850224894,41.395676983404975,9.626500002821786,1.5075234454098447,1.1058058857125836,0.05312225301502451,-0.23947759359290086,-0.05033465783077959,0.12766418379186628,-0.19863663191727118,-0.11203542974380908,0.011625545061008404,0.061433280092933445,-0.12302581658842955,1.0,3.710290668854076,30.0,3.006,1000.0,500.0,500.0,1069.0,1069.0,1069.0,0.0,10.0,512372.0
46.663358357350354,47.95814556957762,9.747141490484676,10.483100768089768,0.07368198687850186,40.83358158526535,10.061426725080485,1.458172142295541,1.2021028617619611,0.03147092281080387,-0.35434763946280495,0.028170724334377006,-0.05622017415311298,-0.0478821761213501,0.0020471741853284,0.005475936538133382,-0.029527181922627044,-0.008105759531766938,1.0,3.700447688075103,31.0,3.086,1000.0,500.0,500.0,1087.0,1087.0,1087.0,0.0,10.0,513459.0
46.85616322678216,48.77441016845711,9.554817720927371,10.516805840690601,-0.0324173826378832,40.57845196595282,9.826418896538899,1.4036859131457695,1.1134029201291256,-0.008692535315905239,-0.24428502803009255,-0.053866273362302694,-0.0384052608813273,-0.1248153794970722,0.05843240864951659,0.03658556760880883,0.03109078496648214,0.025051121622459076,1.0,3.614710770101754,32.0,2.986,1000.0,500.0,500.0,1010.0,1010.0,1010.0,0.0,10.0,514469.0
46.71027313584512,49.52555372535258,10.137835289960043,10.480898671004251,0.014177651086434075,40.18970822843213,9.674441254380975,1.600577396000379,1.0325734950243417,0.057894065051392475,-0.25492668874531016,0.020688229740140417,-0.011570154171069994,-0.12888385885844372,0.19642234170297876,0.045038585433690353,-0.040283300894660944,0.06559022168499225,1.0,3.4960067568960396,33.0,3.072,1000.0,500.0,500.0,979.0,979.0,979.0,0.0,10.0,515448.0
46.90147817090543,48.974857863953574,9.589847047492349,9.86709398683947,-0.004810773860947841,39.43755889607704,9.789950131341607,1.6855851117281269,1.1669670584594452,0.026640123115037027,-0.28321420656412677,0.036346867586248235,0.05454800790562755,-0.15182398948658898,-0.12095803899538347,-0.09352476866746745,-0.05284599734515702,0.061654411056193556,1.0,3.5489809479374297,34.0,3.05,1000.0,500.0,500.0,1051.0,1051.0,1051.0,0.0,10.0,516499.0
46.66390867209486,48.764257897911456,9.686172415531079,10.312201212337122,0.021956846726448733,38.57979540151831,10.225158196410405,1.5649960495520334,1.2476378027946053,-0.053618002778888826,-0.3568050728657591,-0.036855626672899836,0.012288139944433592,-0.12026228943366879,-0.1488358390079288,-0.03171372896936128,0.046604620249104674,-0.006242587822217208,1.0,3.5681958538377354,35.0,2.978,1000.0,500.0,500.0,1036.0,1036.0,1036.0,0.0,10.0,517535.0
46.68398880211066,48.97510134013988,9.592137679077592,10.777920668255343,0.019039590429809232,38.6227866582574,9.867394182327834,1.4418546258034894,1.224094421866375,0.006463889359350228,-0.349924493215876,-0.03552229526136933,-0.10528356450229805,-0.04648097852097605,0.009323378684757652,0.012632400916034837,-0.07514405998314491,0.014094602330805112,1.0,3.570552218677928,36.0,3.032,1000.0,500.0,500.0,1056.0,1056.0,1056.0,0.0,10.0,518591.0
46.93192747990032,48.87332127962888,9.681290311277682,10.916330078140883,0.013084988493388593,38.075698279032345,10.066306565707949,1.6127372733934209,1.2551268906396755,0.015322697736436753,-0.35605193889967135,0.04825868920273019,-0.10268998019864689,-0.26297034621039383,-0.05011209223087708,0.013305682797520308,-0.1276685319712952,-0.011642041272481871,1.0,3.4719512312087333,37.0,3.104,1000.0,500.0,500.0,1089.0,1089.0,1089.0,0.0,10.0,519680.0
47.391312982743344,48.79006312821592,9.572169967255105,10.690032441889239,-0.008709563154073695,37.35049452496142,10.085032679093617,1.6028428577863296,1.2173160506398304,-0.023820077735838097,-0.3485909491059531,0.07921501595346186,-0.0641632872050477,-0.08701117515910618,-0.004802905832955384,0.06636564602960651,0.006303826419124965,0.13893579163792888,1.0,3.393964589086167,38.0,2.956,1000.0,500.0,500.0,1043.0,1043.0,1043.0,0.0,10.0,520723.0
46.83637164466321,48.56894621555961,9.200235698469099,10.74126511451418,-0.04678921087863945,37.17718912377056,9.745404234311858,1.4528154123267294,1.1256973297033077,0.025112343745403037,-0.30806767288164727,0.0015309816650026435,0.07181530323976608,-0.1642542069630168,-0.013385975884311282,0.03643401858514712,-0.04771809035501544,0.024660399793136643,1.0,3.4477556515692767,39.0,2.956,1000.0,500.0,500.0,1130.0,1130.0,1130.0,0.0,10.0,521853.0
46.837661529726674,48.98486208052894,9.59645788317168,10.27461792654765,-0.04719459549470143,37.40510569381826,9.240633928049384,1.4774100579193588,1.1807947559893146,0.056199669663266845,-0.32314028183211513,0.0015532135104890394,0.07933241059785329,-0.08368926817685747,-0.11971656493031511,-0.01645917017722866,-0.015223672176295052,-0.0030713422437045825,1.0,3.4350263509794496,40.0,2.914,1000.0,500.0,500.0,1072.0,1072.0,1072.0,0.0,10.0,522925.0
47.015225674931926,49.314716123930495,9.710195200899689,10.128957631969364,0.10568120214040362,37.36432941228953,9.014515751840626,1.7305799554263992,1.2283829831168713,0.11525379020063065,-0.3531338769775996,-0.024981700298310466,-0.03855662071092664,-0.14304471320636125,-0.0623365695789578,0.009840617426478728,-0.051171148504145766,0.0323943453632252,1.0,3.584147457962153,41.0,2.992,1000.0,500.0,500.0,1031.0,1031.0,1031.0,0.0,10.0,523956.0
47.62201446155072,50.07598436921897,9.356418303285093,9.614603024300719,0.07080657033957594,36.791587759407975,8.866276466295298,1.5961088351835624,1.1300118227586806,0.08892395107978454,-0.22183595243561527,-0.016468755001579165,0.14879198102642965,-0.07851391321951033,-0.18352011929326234,0.01236890626179808,-0.03677331474767483,0.0608486414169762,1.0,3.4773639024614043,42.0,3.036,1000.0,500.0,500.0,1057.0,1057.0,1057.0,0.0,10.0,525013.0
48.124481823853785,50.761334623426684,9.057150741086671,10.094759191735744,-0.058155551938703705,36.38821457096886,8.839976135020141,1.4883100171950927,1.1898424304561888,0.020509259825689116,-0.2712591557655745,-0.05681631247404993,-0.11149191314635493,-0.15211376910388213,-0.006854404038957472,-0.050260950619938856,0.00032222446565285034,0.03049081766923711,1.0,3.458246902196996,43.0,3.01,1000.0,500.0,500.0,1022.0,1022.0,1022.0,0.0,10.0,526035.0
47.91310084807581,51.227642557526494,8.821812087388679,9.67995251108296,0.00961421588565992,36.68126886539614,8.567944904889114,1.7330698969147404,1.1564092184959889,0.11471033636505126,-0.2972382450340697,-0.013535705764957521,-0.10519243455682914,-0.20878286008785654,0.09649764669053236,-0.024056277990489604,-0.07319532083897994,0.026512156553672856,1.0,3.5024680675514084,44.0,3.096,1000.0,500.0,500.0,1098.0,1098.0,1098.0,0.0,10.0,527133.0
48.193962829887845,51.237713839020806,8.609029017917079,9.903660940268354,-0.05027498046566895,36.25202944825608,9.280926536375873,1.5817283950617285,1.3119188078133175,0.19073734059527328,-0.3927052420200816,-0.10868646936062723,-0.16180549229097668,-0.08292525833505941,-0.07509879235151089,-0.03765066405729137,0.05178377675612539,0.002912004678692451,1.0,3.469646996388597,45.0,2.948,1000.0,500.0,500.0,1125.0,1125.0,1125.0,0.0,10.0,528258.0
48.46746592996441,50.93293174724586,8.856666849553152,10.229321371572434,-0.06238112475914109,36.0812796155574,9.245361919160207,1.5555862303298007,1.161717954541818,0.06362162053900602,-0.32563181551069204,0.03666687095214189,0.034797340770462856,-0.11382452128881967,-0.029011425498124216,0.05377329044838609,-0.07898255083875254,0.027115164903882816,1.0,3.458984968542835,46.0,3.12,1000.0,500.0,500.0,1085.0,1085.0,1085.0,0.0,10.0,529343.0
48.41737939743701,50.946310680105434,9.236626207159741,10.310605741711324,-0.03181326682733639,36.1078549001976,9.679681203239815,1.555509549195175,1.1684799718348684,0.13250023268612904,-0.4088793048686965,-0.03293028203230694,-0.005518003028808024,-0.14371852552878217,0.06852147029447037,0.014210291148571499,-0.04743420891120158,-0.05585824618843708,1.0,3.4005350737774767,47.0,2.954,1000.0,500.0,500.0,1112.0,1112.0,1112.0,0.0,10.0,530455.0
49.41793169849641,50.656715490404785,9.45298719647867,10.438821624411922,-0.12396106760918979,35.40989013683066,9.511754236694598,1.419113320913395,1.2413521655551778,-0.050821569646967546,-0.28401693493511926,0.025631205504954666,-0.0931629924721637,-0.11143817726967163,-0.105749128894806,0.024121939714208566,0.0027500145170854013,0.04056340912770822,1.0,3.4089876852850662,48.0,2.908,1000.0,500.0,500.0,1107.0,1107.0,1107.0,0.0,10.0,531562.0
49.44372131451003,49.99976358068143,9.103673307405899,10.484014924668708,0.020095969506537647,35.008777975358875,9.067159506110235,1.8109863274698434,1.1767291365278625,0.027577948725718747,-0.3709647794686102,-0.0018893760914454243,-0.017264491366164602,-0.05029899021639521,0.052103587647966874,-0.06846765501196042,-0.01652096984835184,0.12010520870787889,1.0,3.4741516254920057,49.0,2.886,1000.0,500.0,500.0,1092.0,1092.0,1092.0,0.0,10.0,532654.0
49.70024974956034,49.276434124343815,8.9224922667524,10.347412547808176,-0.0025415112235650295,35.039196610383485,9.007702413324958,1.5896638117672686,1.254527966183187,-0.07889255573579013,-0.4134310953443107,-0.06966919664943066,-0.11647082912381863,-0.13866106328745365,0.019594354008211818,-0.003141016145961373,0.00044822627705056264,0.008202334180259197,1.0,3.4414708209855673,50.0,2.98,1000.0,500.0,500.0,1084.0,1084.0,1084.0,0.0,10.0,533738.0
