MeanMale,MeanFemale,SDMale,SDFemale,cor,MeanCount,SDCount,is,int,BMale,GMale,BFemale,GFemale,BSperm,GSperm,GMF,GMS,GFS,a,MeanRSC,Generation,MeanMates,population,males,females,offspring,offspring_desired,offspring_realized,offspring_dropped,Rep,TotalOffspringBorn
50.260373217835244,50.872002767326734,9.755603333075337,9.847468647994003,-0.05380865936482045,50.257252839673804,9.600583240148653,1.8915655928337156,1.1610853820871623,-0.059631151142148266,-0.4365583075180168,-0.03771287039644324,-0.0010073036524318284,-0.18268173859630712,0.11817068722526869,-0.06111434885651433,-0.06219094032210193,0.13288217365048213,1.0,3.888,1.0,3.14,1000.0,500.0,500.0,1037.0,1037.0,1037.0,0.0,1.0,1037.0
49.807275860917784,50.78493837870549,9.773669960298516,10.01392555438034,0.016792060853230217,49.58865058818862,9.501427320880186,1.7299874805380882,1.1388554217303952,-0.03615983302825273,-0.4039207190046657,0.01575417775203534,-0.01409590820486186,-0.26475171662909003,0.1311962919854382,-0.09182592093505207,-0.061302686115163596,0.00516773293490822,1.0,3.9085781706158618,2.0,3.238,1000.0,500.0,500.0,1062.0,1062.0,1062.0,0.0,1.0,2099.0
49.011395212292,51.24880753558533,9.525346712768238,9.901026403790041,0.0010819003565662802,48.482769266049246,9.64219726271072,1.8661792607246326,1.2972338301792952,0.04058425090391345,-0.445804101244613,-0.03756517948978629,-0.04419746936248107,-0.15177709640399525,-0.10828349660066892,-0.03758231661902879,-0.0402995387549681,-0.030169423957235163,1.0,3.9467707598832615,3.0,3.292,1000.0,500.0,500.0,1066.0,1066.0,1066.0,0.0,1.0,3165.0
49.82123468265277,49.936031849103806,9.744586272049386,10.441467909654724,-0.03388878843892253,48.28477981453806,9.750302275479127,1.5238717922536482,1.201329902864748,-0.1166881889309311,-0.3649445070925584,0.10590245252676851,-0.06810799007127867,-0.21938081874174528,0.01806685193182851,-0.07035941845276637,-0.09621158298334881,-0.22522312744605316,1.0,3.9403543889407557,4.0,3.13,1000.0,500.0,500.0,1102.0,1102.0,1102.0,0.0,1.0,4267.0
50.07293545587433,50.25770750548558,9.621086380676587,9.963771967694509,0.019281882180022997,48.36585028496304,9.840340792163364,1.4734862148008188,1.1180722427586505,-0.04564128388304293,-0.3833109018452058,0.024900535696302017,0.10782977940336608,-0.2027255280365327,0.03725220684207355,-0.027930380181554557,-0.014095469792235074,-0.022466695158660965,1.0,3.8811365956064656,5.0,3.232,1000.0,500.0,500.0,1057.0,1057.0,1057.0,0.0,1.0,5324.0
49.83733972762979,49.97600233276649,9.87196144574804,10.143450817521936,0.06800242638489878,47.17339325669454,10.179899985995151,1.5598613736609956,1.1385452972052306,-0.06217166579057315,-0.347757756133909,0.047291198143616424,0.06911673583605939,-0.20624664564731615,-0.005177288663191858,0.022582877002543328,-0.0010604355412702612,-0.03035164050203874,1.0,3.881853568578623,6.0,3.18,1000.0,500.0,500.0,1104.0,1104.0,1104.0,0.0,1.0,6428.0
49.224717637213764,49.19870299498151,9.728835744712994,10.473487627313316,0.0631002751224809,47.03964553678426,10.094447058827697,1.4978232708275816,1.1189174617002258,-0.18642915785265865,-0.31424259268808785,0.07877608986647332,-0.007287867944228193,-0.19046504934947026,0.09830654515975115,-0.007448466600198505,0.05607096453007246,-0.0771268984221398,1.0,3.7737116194143963,7.0,3.076,1000.0,500.0,500.0,1085.0,1085.0,1085.0,0.0,1.0,7513.0
49.20454575463081,48.92196198027631,10.07501501430713,10.35388952927019,0.021105951366687754,46.54930486092223,10.316517733760898,1.6641740891678278,1.2240474187251777,-0.14101639005909583,-0.4176281574347808,0.0153231457155705,0.04606587732603474,-0.2646756346790105,-0.0882866466052726,0.0013353674294554658,-0.016072298430662244,-0.05180123410687784,1.0,3.683591927346707,8.0,3.154,1000.0,500.0,500.0,1089.0,1089.0,1089.0,0.0,1.0,8602.0
48.49136621728451,48.821032498527856,10.050261111176823,9.256972540298559,-0.06786118816868876,46.108910333936905,10.764695892664497,1.5792742986754507,1.2480984995175608,-0.04827135241265868,-0.47516010134703757,0.023038949451524918,0.051124754922594016,-0.20582755035293018,-0.06992122502297259,0.06264802270543776,-0.018192118825469596,0.012208129589279094,1.0,3.621165389167242,9.0,3.124,1000.0,500.0,500.0,1063.0,1063.0,1063.0,0.0,1.0,9665.0
48.62746216856867,48.835012813525005,10.027953029368687,9.260081972408258,-0.06124293840307242,45.84196622380316,10.359688104282993,1.5340435965144716,1.1848431044917251,0.0050130843593218745,-0.45266647727061254,-0.007292505332539405,0.07620142265731869,-0.18714956666937754,0.004180716273228495,0.03817868218774576,-0.09063327650296288,0.0014742217271713589,1.0,3.5826300853119224,10.0,3.218,1000.0,500.0,500.0,1146.0,1146.0,1146.0,0.0,1.0,10811.0
47.93276591968208,49.06123097009113,9.91637674575704,9.93480597287125,0.047448112522867576,45.528750910164476,10.20079258967363,1.6041643357926478,1.232080102924552,-0.008834686549694274,-0.4404675903341477,-0.03139408020425442,0.002071804968724373,-0.24706857652713876,-0.02876302716273021,0.039825832709717214,-0.06483187751308019,0.024045139689345737,1.0,3.5308340356594075,11.0,3.122,1000.0,500.0,500.0,1057.0,1057.0,1057.0,0.0,1.0,11868.0
47.64506418903465,48.47976399806181,9.57285832371877,10.103902301374974,-0.0687046544457448,45.119654959805686,10.516483607312944,1.7426514355187996,1.163296024169975,-0.05728122935344737,-0.39374957351475576,0.039816763914548914,-0.05253798911479187,-0.2635420071437206,0.11773620192024975,0.011387399277882886,-0.027959827268300277,0.0037870869390120984,1.0,3.480403210024259,12.0,3.134,1000.0,500.0,500.0,1124.0,1124.0,1124.0,0.0,1.0,12992.0
47.788160519776675,48.010212926298415,9.375982154937818,10.269854680052372,-0.09509760067206359,44.2093154364925,10.74683970169025,1.6390231614493262,1.1610534399332166,-0.07916266906060115,-0.26246501160484337,0.0018841692779230387,0.016206525427832214,-0.2041586721820686,-0.08782480469065439,0.04743291057253959,-0.09824683727990235,0.01681815541180257,1.0,3.4669903732023757,13.0,3.08,1000.0,500.0,500.0,1084.0,1084.0,1084.0,0.0,1.0,14076.0
47.23858490570772,47.41172316044289,9.292963296071026,10.52682844332681,-0.01474504474827511,43.186095904067855,10.378812968549864,1.6148343715272115,1.243202545985505,-0.05507999915969197,-0.37213194625151147,0.046827960641555644,-0.14565324725101264,-0.20407493533536822,0.013867561923371392,-0.018831371202343898,-0.06923207779461292,0.023781490840829565,1.0,3.519887478708576,14.0,2.998,1000.0,500.0,500.0,1023.0,1023.0,1023.0,0.0,1.0,15099.0
47.74820407042558,47.863169361209934,9.407932056074246,10.531645306910125,0.043093671990886526,43.0611583487483,10.460750853200135,1.5978039295059918,1.1009670017405433,-0.12299636947426429,-0.32113869532860245,-0.024559302004244273,-0.010827449065723426,-0.2162352493741098,0.12814808825555174,0.058140966876744554,0.047601007195358036,0.060772647848322016,1.0,3.6014105144280277,15.0,3.016,1000.0,500.0,500.0,1052.0,1052.0,1052.0,0.0,1.0,16151.0
46.444684051853535,47.225968193274326,9.24889805037006,10.082444767831817,-0.09353801120511054,41.96600349300812,10.500814355636336,1.5557532189659773,1.1631517992838163,-0.03171601179970059,-0.3009810224494112,-0.03711861260057273,-0.012437925670502817,-0.09901412215978328,-0.010716554220637397,-0.002170166721492021,0.02365460012604838,-0.05201965421244873,1.0,3.556055016930933,16.0,3.004,1000.0,500.0,500.0,1074.0,1074.0,1074.0,0.0,1.0,17225.0
46.449048831000084,46.72671870672475,8.990183019757461,9.311368920437895,0.010983325669118207,41.763612242610854,9.941038927709288,1.663114682505023,1.2727093246088304,-0.00045757738728775257,-0.383867843921086,-0.04857024917280513,-0.06957914816383608,-0.09518950783591167,-0.09072578180733301,-0.0735424382986233,-0.0006824058528338353,0.05521336542669804,1.0,3.550855182976939,17.0,2.884,1000.0,500.0,500.0,1070.0,1070.0,1070.0,0.0,1.0,18295.0
46.63896558164978,46.660109615092125,8.821267404216565,9.36338304354068,0.10193889671456217,40.8565634654278,10.429053180583196,1.604594287710718,1.095434304806733,-0.05511277606918487,-0.3761115748043311,0.08860545104294315,0.08649038238920599,-0.17235220994541678,0.10291368832278794,0.01650729810248705,-0.037136188849580906,-0.04534836367653417,1.0,3.4013698310755136,18.0,3.01,1000.0,500.0,500.0,1070.0,1070.0,1070.0,0.0,1.0,19365.0
46.65702422940176,46.975997312415714,8.997198809339096,9.910183312228536,0.03970000242862372,40.65408047413222,11.021219582724315,1.5615900203137443,1.1295800152170288,-0.014660219826596724,-0.3878893408492177,-0.0012917096714313366,0.02306429651069531,-0.20375248992575173,0.11060068803689388,-0.09536883648209063,-0.07831023685091645,-0.04143936060440522,1.0,3.4088411397797382,19.0,3.014,1000.0,500.0,500.0,1158.0,1158.0,1158.0,0.0,1.0,20523.0
46.807999089769694,47.48644061105693,9.228690792328043,9.657145787532967,0.038598865463940715,40.16753240925308,10.49558231344268,1.6077699059191515,1.1357533497269305,0.0004837331522655452,-0.3000983797431961,0.060329932737792934,-0.025786401279564403,-0.11150201822383748,0.05904121267755237,-0.048080555699581196,0.023695827558329566,-0.040818573210425806,1.0,3.4550725977406156,20.0,2.96,1000.0,500.0,500.0,1074.0,1074.0,1074.0,0.0,1.0,21597.0
47.2899878955645,47.5054062287787,9.033376886504755,9.470224527411018,0.03620297923827077,40.975449897665875,10.855050541017734,1.5406481749055105,1.2499323652351966,-0.026725905881067796,-0.4105552216502092,-0.06766532665432316,-0.010156899568129124,-0.18978581195291785,-0.08219187733693338,-0.016045878827651704,-0.09302590326496278,0.03957140085826066,1.0,3.430749539560715,21.0,2.92,1000.0,500.0,500.0,1067.0,1067.0,1067.0,0.0,1.0,22664.0
47.833345722403564,47.964262172635195,9.195762838063246,9.48786535408737,0.016588373025683528,40.680081932972534,10.526409134522542,1.634939727725989,1.102309062013013,-0.016329430278741033,-0.280052182422501,-0.014506311244255202,0.1412200791436128,-0.18341067303101855,-0.07873488685941049,0.022198625168690055,-0.0698620143803504,-0.018179523229237347,1.0,3.5399753525003606,22.0,3.052,1000.0,500.0,500.0,1038.0,1038.0,1038.0,0.0,1.0,23702.0
47.669430750024,47.781007562435015,9.416301025803802,9.633391861105727,0.0014723681844015437,40.41181376562438,9.861282241531987,1.3595735289325486,1.16813954127746,-0.07397854200751453,-0.3144290359482057,-0.006520817198054005,-0.049342348980827705,-0.12690600230102264,0.020326146780531004,0.06613729466403584,-0.12659548326434264,0.022720306949464652,1.0,3.5691779222211353,23.0,3.096,1000.0,500.0,500.0,1162.0,1162.0,1162.0,0.0,1.0,24864.0
47.02935335649875,47.72665032649937,9.404518167367915,9.527789777768083,-0.06584269426280812,40.45758689368916,9.694317627918387,1.6020677041354077,1.215742089626004,-0.05702299455464973,-0.30313674706122246,0.025214547851908825,-0.046290213636670914,-0.18169140844545084,-0.07754399992356285,-0.055873748571271434,0.07581010082704469,0.007006730068882255,1.0,3.64533359206237,24.0,3.15,1000.0,500.0,500.0,1016.0,1016.0,1016.0,0.0,1.0,25880.0
46.41589662450206,47.56046015690063,9.123157460214818,9.493052575913111,0.052154073487562375,40.22707324955073,10.199006546373745,1.5625641544622577,1.1699140493221427,0.04632957514504972,-0.35862600441373943,-0.05208898594309933,-0.026555577129850644,-0.19893723004350686,0.032839232810619706,0.04693054244181252,-0.055226287248280756,0.012715785005984038,1.0,3.596664114227437,25.0,3.15,1000.0,500.0,500.0,1052.0,1052.0,1052.0,0.0,1.0,26932.0
46.260077519104456,48.25328304891321,8.867752822603448,9.481645211782887,-0.027961691502716008,39.64260167697522,9.738873694765992,1.357884975099903,1.2733891311211778,0.006160073481315399,-0.3468688614776798,0.01689202341431364,-0.005449018965385037,-0.008854739622403955,-0.21559236701124218,-0.03923966025412328,-0.12439305883693887,0.07899443361349269,1.0,3.6160607520640276,26.0,3.116,1000.0,500.0,500.0,1097.0,1097.0,1097.0,0.0,1.0,28029.0
46.62842373013444,48.183884629935775,8.610574334114249,9.708662940301917,0.06659874523225903,39.298695794679226,10.065314085158375,1.5705159404220477,1.2544835501467977,0.01649868237447691,-0.27216480909362906,0.028234068685623084,-0.017296763463329406,-0.15024964200994015,-0.2284110649694656,-0.01326788966855836,-0.04516268320097295,-0.04223177738838291,1.0,3.545191362808704,27.0,3.102,1000.0,500.0,500.0,1114.0,1114.0,1114.0,0.0,1.0,29143.0
46.32103019743334,48.319034727086134,9.065739165020076,9.805473123808637,0.0025644038470185307,39.36185053537302,9.909058909799686,1.6238842720837179,1.084910702679962,0.013657120685593603,-0.38674309444253696,-0.06845160311367535,0.04243919955009924,-0.18459171264133595,0.16949654481871193,-0.030228013281333663,-0.09934413616062365,-0.02676144139395517,1.0,3.5225807524584702,28.0,3.032,1000.0,500.0,500.0,1140.0,1140.0,1140.0,0.0,1.0,30283.0
46.9296304328934,48.627538896653434,8.502259028893054,9.847087324253886,0.01349255587325701,38.79080254931558,9.894661079408367,1.5447815453764289,1.0627868693786195,-0.020788143227988665,-0.2245660922232168,-0.10090971104858024,0.02342443689324989,-0.29819190128941525,0.07643072242831234,-0.11584695634711847,-0.09070134871921935,0.02179832644913125,1.0,3.4688152471605322,29.0,2.88,1000.0,500.0,500.0,1107.0,1107.0,1107.0,0.0,1.0,31390.0
47.40345104181857,48.50348920787118,8.438702006810914,10.012341549915694,-0.0018984815820140258,38.12659194799946,9.73065671547554,1.3762560829433392,1.0681504134657238,-0.05550490674591627,-0.24853719615851877,-0.06147312549842121,0.08035795424563995,-0.12895480433989776,0.03265172757569807,0.014249792736079469,-0.009756960319480585,0.009993217920963906,1.0,3.48102694782425,30.0,2.968,1000.0,500.0,500.0,1101.0,1101.0,1101.0,0.0,1.0,32491.0
47.27630977764974,49.14870661908015,8.719420918930176,10.108889658898379,0.03474498492787953,37.056972610025625,9.600533207623442,1.4893765049412506,1.1885427706520455,0.06841265882825359,-0.4024191672970327,-0.015158149908184324,-0.0032308372548651982,-0.09062022655965968,0.035127834642496525,0.00839808306236791,-0.025911737896598227,-0.030981463465823183,1.0,3.4181237475119355,31.0,2.958,1000.0,500.0,500.0,1077.0,1077.0,1077.0,0.0,1.0,33568.0
47.966297730231005,49.54940348072369,8.736090441644908,9.99462223849878,-0.0018189053407878847,37.02528346221636,9.698614847786194,1.6964886011655722,1.217833101448426,0.1300132439117591,-0.3222095394054522,0.01883737711872688,-0.021392030345016935,-0.0028684607328449295,-0.08176655876599669,-0.019448127145932085,-0.0602306801720936,0.06072197284916448,1.0,3.424847339714803,32.0,2.938,1000.0,500.0,500.0,1044.0,1044.0,1044.0,0.0,1.0,34612.0
47.80556003738759,49.80427371995744,8.699324852489944,9.789771263148857,0.002796629018530368,36.965364197342055,9.666878468507903,1.6077788702121585,1.1976799389586787,-0.03266229428574316,-0.29791920047823045,-0.013308269716183768,-0.025177093629080202,-0.0829850348834465,-0.06361855633051464,0.023030862467316702,-0.14773134937136223,0.028688488366464888,1.0,3.34254603929162,33.0,3.042,1000.0,500.0,500.0,1027.0,1027.0,1027.0,0.0,1.0,35639.0
47.83691617945692,49.80601455992809,8.474349687766196,9.194360887846896,0.004965554141846862,36.29209156158157,9.686677166757876,1.4495867768595034,1.2572026146419804,0.07757529645642736,-0.23769750890836472,-0.021649436862443593,-0.06809114246102935,-0.13128544459352892,-0.2145110720353562,-0.0849938160245689,-0.06196009051629927,0.0299435412980692,1.0,3.306238785305737,34.0,2.914,1000.0,500.0,500.0,1100.0,1100.0,1100.0,0.0,1.0,36739.0
48.75621774953908,49.98576148187668,8.70436059221918,9.325053834792893,0.06668550471638315,34.89220537090898,9.394798357376278,1.6052295918367352,1.2266428200089474,0.07892628738435968,-0.4389536030044867,-0.06787893517340686,-0.03528743451266633,-0.06502660222506215,-0.001268638823844956,0.07613003842265692,-0.04671738692653601,0.05140652839942332,1.0,3.510149567622084,35.0,3.04,1000.0,500.0,500.0,1120.0,1120.0,1120.0,0.0,1.0,37859.0
49.60118215055988,49.20731468246571,8.828581673021738,9.562855706649819,0.056536965523379834,34.78530052931315,9.74349749530633,1.6041306781277205,1.1213567426838085,-0.09298631665638867,-0.2909752169380294,0.029502800420435862,0.0835394182650309,-0.07134650570471011,-0.025494626536335746,-0.09674328894581319,-0.020462039862111536,0.008444915528756456,1.0,3.4039540547949354,36.0,3.1,1000.0,500.0,500.0,1076.0,1076.0,1076.0,0.0,1.0,38935.0
49.053298048513696,49.45968261032929,8.330449022257605,9.029343635106015,0.03135161285377688,34.50598431258837,10.233629158475289,1.3404958677685939,1.1196836364726832,0.008814323063290542,-0.28558639568532335,0.014548759681304145,-0.032947301247888756,-0.15691807444702818,0.08184118950179105,-0.05399465613291451,-0.06319978548005992,-0.04630883706076265,1.0,3.449414617760499,37.0,3.076,1000.0,500.0,500.0,1100.0,1100.0,1100.0,0.0,1.0,40035.0
48.71743530134099,50.26951011362518,7.538706473888656,9.296759423621536,0.0041267595039071025,34.16775103448848,10.354182703141568,1.4821204476405982,1.116382503689396,0.004979531224611943,-0.29908374587899966,0.10062552627052697,0.08972767074802566,-0.0755051216527601,-0.02400868728329209,0.0668977315504573,-0.00036529713066981795,-0.015764083329620513,1.0,3.470249435533213,38.0,3.128,1000.0,500.0,500.0,1147.0,1147.0,1147.0,0.0,1.0,41182.0
48.38781555200132,50.7298445828257,8.243812695117429,10.02545105929972,-0.03740982558108208,33.28548040330742,10.359422072542893,1.3904194074004013,1.1543570125307874,0.0537245330660551,-0.3225903769893036,-0.08950336411669403,-0.017999945318364637,-0.21577737590013185,0.01152720027517829,0.011606345230636264,-0.013811480138741903,0.1276114392970732,1.0,3.46718090516764,39.0,3.012,1000.0,500.0,500.0,1117.0,1117.0,1117.0,0.0,1.0,42299.0
48.69683563471649,49.992828185872035,8.269219082274976,10.27055300236958,-0.015295058359921154,33.34433596567456,9.80211950868101,1.5292168149311007,1.0306202638002449,-0.0017224347030342314,-0.2419158801270211,0.008792854513798805,0.13768001502167726,-0.14344323579974275,0.040829547615767806,0.03415406314338316,-0.008201786027413609,-0.0751815308326402,1.0,3.5320795462522527,40.0,3.046,1000.0,500.0,500.0,1092.0,1092.0,1092.0,0.0,1.0,43391.0
48.50158178987595,50.423024256422,8.64175137922402,9.769149191624946,0.06910254582775865,32.98662619985451,9.90931759313232,1.6840575950879482,1.1726427863101296,0.01212661086488482,-0.3117614968936733,0.029931970977531107,-0.0074607268454298485,-0.09283155404962895,-0.020118398941091777,0.0019101721946034739,-0.06667492758820734,0.03876887667974809,1.0,3.5598688432410683,41.0,3.124,1000.0,500.0,500.0,1061.0,1061.0,1061.0,0.0,1.0,44452.0
48.142070235249165,50.39097468188524,8.577188574717546,9.493816800688395,0.043028412085274304,33.276222273127026,9.642415748064577,1.4355877458829591,1.1836627179081918,0.02215604266060663,-0.30308296436508414,-0.012577830173394252,-0.1598539656008036,-0.15835189440861838,0.09617032105008985,0.04336235471048047,-0.12598305302294696,0.049714869643222456,1.0,3.541791307919974,42.0,3.152,1000.0,500.0,500.0,1129.0,1129.0,1129.0,0.0,1.0,45581.0
48.748833635219064,50.953859104692775,8.662526868132533,10.344951526451093,-0.08362751319060711,32.963737222754816,10.168998016284494,1.7324760953264002,1.2665534587962222,0.006942620896703369,-0.3587129979874059,-0.011293268405730304,-0.048908252645907604,-0.10827044180476798,-0.13387201448715477,-0.002082062032197244,-0.045924245291479426,-0.04981243400935619,1.0,3.5252697495293726,43.0,3.048,1000.0,500.0,500.0,1119.0,1119.0,1119.0,0.0,1.0,46700.0
49.01922592760841,50.41113532795062,8.426745283668717,10.432699462867117,0.032234621285770294,32.683329416090594,9.552517136702253,1.3985296167879742,1.2689028762282775,-0.05458722766464514,-0.28855910219150477,0.043289382096541366,-0.09923685445738996,-0.10492679741846611,-0.15259719839424613,-0.04212161369005604,0.026223166557164862,0.019167137207224218,1.0,3.5469974439584346,44.0,3.058,1000.0,500.0,500.0,1101.0,1101.0,1101.0,0.0,1.0,47801.0
48.86866801851292,50.46782865925197,8.16408605071207,9.787565448403571,0.01439111425755627,32.31970056595222,9.551381082862266,1.6134817433264605,1.211412772338629,0.06466120968687743,-0.27928634084683074,0.07254183656356349,2.1834385479162477e-5,-0.06908574285454032,-0.13882306992583282,0.019039227567378036,-0.0795033213341523,-0.07322588153785674,1.0,3.5307639032431086,45.0,3.066,1000.0,500.0,500.0,1068.0,1068.0,1068.0,0.0,1.0,48869.0
48.87358663387357,51.32113992420421,8.415090263787933,10.169495088000708,-0.002350380153952058,31.60726352776911,9.27397373789592,1.6534378374543484,1.1911852966399146,0.06785250233736974,-0.2308959503489085,0.012678701676811108,-0.1644018579708007,-0.15651925920856757,0.012181258981294168,-0.020673711165419797,-0.000533460726566666,0.005818932235307459,1.0,3.441872653063638,46.0,3.108,1000.0,500.0,500.0,1101.0,1101.0,1101.0,0.0,1.0,49970.0
48.48248193310258,51.30460140295803,8.6816650415941,9.930680759016946,-0.005305827262148965,31.445576022992068,8.763199344004,1.5521257922606322,1.2191390175584618,0.08165373614961968,-0.33610200066824003,0.05291133832562495,0.0370675862982694,-0.051121056037602544,-0.14402137205186027,0.013632559344371542,-0.08356012771936898,-0.04121993650529292,1.0,3.345438265445108,47.0,3.02,1000.0,500.0,500.0,1107.0,1107.0,1107.0,0.0,1.0,51077.0
48.639346958026884,51.83432949048722,8.435911076984585,10.01257654595433,4.235008079222599e-5,31.14944155942643,9.295710155239867,1.598639355860586,1.0366161914033725,0.12014984399679121,-0.13805093702838092,0.09135412026857277,0.10814014468888919,-0.16883968186977918,-0.03908656653062552,-0.04314063099590906,-0.002257335661779772,-0.0847102195680761,1.0,3.3730772131763813,48.0,2.916,1000.0,500.0,500.0,1107.0,1107.0,1107.0,0.0,1.0,52184.0
48.789858843208485,51.63526043737438,8.562149641723376,10.227090144257344,0.05068103467415556,31.21463570731597,9.061387723420381,1.555874566109572,1.1041676819491548,0.13921112510327643,-0.27292389084146895,0.016288199757885806,0.06182762133057038,-0.16039814718690934,-0.01764190275608067,0.10146281115395861,-0.14096078955522742,0.1045390727208371,1.0,3.3096871182195304,49.0,3.0,1000.0,500.0,500.0,1103.0,1103.0,1103.0,0.0,1.0,53287.0
49.253575068409226,51.22847416297542,8.436458157452067,10.371256848447349,0.03220689022609637,30.72612370425168,9.705936169652269,1.5848030184132442,1.1999253381752155,0.04932447397015126,-0.31521089924860307,-0.008759206676177678,-0.024304224445466677,-0.17081294238450037,-0.0647331398731253,-0.004297283138640316,-0.04580246003050841,0.012263493568028146,1.0,3.3689656963297834,50.0,3.052,1000.0,500.0,500.0,1081.0,1081.0,1081.0,0.0,1.0,54368.0
49.95464966550799,49.50537037250297,9.722309597526946,9.963495672790875,-0.027173963580163454,49.598502219354415,9.631995413886045,1.6152668510310868,1.223284375636079,-0.14156787938668694,-0.3612128099411035,0.008526353418244976,-0.03988477773191051,-0.3391663609350649,-0.046754525989062365,-0.03052933386622154,-0.08261151012646707,0.1083178763049267,1.0,4.102,1.0,3.322,1000.0,500.0,500.0,1001.0,1001.0,1001.0,0.0,2.0,55369.0
50.12003034512081,49.780811758053694,9.306671002728084,9.8579019508736,0.023135979936821458,48.343885088577736,9.785315858875405,1.464977085110381,1.1732099330407468,-0.10897901843404238,-0.267682014346843,-0.003987878814594799,-0.011156393998965036,-0.20812524724865655,-0.06484788478947805,0.021959378380268332,0.006413992779873402,0.0255943156669428,1.0,4.136455134338804,2.0,3.358,1000.0,500.0,500.0,1052.0,1052.0,1052.0,0.0,2.0,56421.0
49.74716207013984,50.35875053710437,9.211304530896848,10.275842431489272,-0.037496531963897496,47.33745096647542,9.783784196032217,1.4958113623473397,1.1914884981662834,-0.040366255770284416,-0.3152736537645886,0.04095518373127779,-0.048465579979400965,-0.16789069343912874,-0.018519593510766607,0.0755755006144772,-0.06965941637362985,-0.08159861600840802,1.0,4.169501424138118,3.0,3.336,1000.0,500.0,500.0,1073.0,1073.0,1073.0,0.0,2.0,57494.0
49.765284377609234,50.16620478659153,9.629764957161722,10.060309164203685,0.008228930506186052,47.01448045208528,9.353946948704799,1.753855713653117,1.1717215215075425,-0.016913863039938522,-0.33491768013803164,0.023915596448079234,-0.09197244598283325,-0.2675407226819771,0.08115805042792575,-0.08911172730831841,-0.03054687357018708,0.04818487262975731,1.0,4.16356664767268,4.0,3.426,1000.0,500.0,500.0,1053.0,1053.0,1053.0,0.0,2.0,58547.0
50.272201018464045,50.52390797485371,9.56420144272017,10.435456839282397,0.08132169231255154,46.678010615827276,9.753066554441414,1.7120923143590714,1.1574392500677866,-0.08829860001118699,-0.37718839096509005,0.08986469344659119,-0.03265149546830106,-0.20799146520654344,0.0859328439704529,0.03289895085411854,0.025128424087942643,-0.025398616597494726,1.0,4.171614621310047,5.0,3.222,1000.0,500.0,500.0,1037.0,1037.0,1037.0,0.0,2.0,59584.0
51.17135284754252,50.04347439841224,9.67217223642734,10.888714741140044,-0.047245220184301294,46.132873601528,9.840678105826585,1.5655885056228371,1.0869915392577618,-0.15739602716842538,-0.35145848787482703,0.007774796695676608,0.12343713219932845,-0.237406273162708,0.05710887861777908,0.021105413874240007,-0.014839220884866234,-0.013805389631145411,1.0,4.1586381395794545,6.0,3.318,1000.0,500.0,500.0,1088.0,1088.0,1088.0,0.0,2.0,60672.0
50.422938069146426,49.03849202686257,9.750789160175536,10.498956446569196,-0.01635968624185836,46.03667393588683,9.332955166868837,1.6667471722416773,1.167446591026507,-0.09540050382292571,-0.3133848284318762,0.00042948470657212833,-0.07216862811990458,-0.17344384669015558,0.052408298068809214,0.01430849471678446,-0.04963853206597587,0.063945216484594,1.0,3.981263928684523,7.0,3.266,1000.0,500.0,500.0,1092.0,1092.0,1092.0,0.0,2.0,61764.0
50.04275414660444,48.45184614378196,9.113957588335321,10.419993228742028,0.058023941890944404,45.722882401809144,9.678072049971487,1.5098196990860766,1.1154460294968704,-0.16933316663978726,-0.2622714207193884,0.05409657981345783,-0.03009487552374418,-0.18296305079953076,0.059481903027462237,-0.012792676447040087,0.06507458417079601,-0.08449676361570188,1.0,3.9443810049676014,8.0,3.178,1000.0,500.0,500.0,1029.0,1029.0,1029.0,0.0,2.0,62793.0
49.88969856879295,48.409676772185364,9.072855687953263,9.984790884428529,0.03562624535133405,44.88849410937603,10.039844246831102,1.5580916187816225,1.0733158588385263,-0.20703561423237862,-0.30063244172258724,-0.08660171642126016,0.12645957771020536,-0.15222446342954568,0.020306298842389516,0.09420503659563731,-0.008392560911846,-0.0008447580192388186,1.0,3.870618828326858,9.0,3.108,1000.0,500.0,500.0,1045.0,1045.0,1045.0,0.0,2.0,63838.0
49.289725644804314,47.63205694272978,9.217945266472396,9.962317413318859,0.013806832094856109,44.417185084550496,10.274588640960367,1.5730349974626967,1.2121764148928198,-0.17008913249498184,-0.30839413821084233,0.01637178026358849,-0.049917248051330985,-0.19827300795986993,-0.06603241490278781,0.008281255197639812,0.005706645891447643,-0.03332062305388837,1.0,3.7810389418961776,10.0,3.098,1000.0,500.0,500.0,1177.0,1177.0,1177.0,0.0,2.0,65015.0
49.205967931157936,47.8629803316909,9.370636335540246,10.285384635050658,-0.0181066748840013,43.599557733420724,10.564545164152241,1.6075410361484415,1.1892721981867918,-0.1864298065432839,-0.36758413890165476,-0.01605981772394857,-0.051585603477772315,-0.2624432091882512,0.039582229240019154,0.05733512353234626,0.019187976774422584,-0.016903623562639164,1.0,3.6458191697559736,11.0,3.14,1000.0,500.0,500.0,1045.0,1045.0,1045.0,0.0,2.0,66060.0
48.218691017040285,48.154550119068624,9.589538281067968,10.13700286869236,-0.006919274808573527,43.102456098282865,9.993565803983497,1.6432596413291387,1.1457536236105266,-0.09971946028473111,-0.3464289160106122,0.09791052285257443,0.02636827045787539,-0.22743879829009725,0.049674234099791575,-0.03403819935036339,-0.10943248129185688,-0.0651086142982365,1.0,3.6004249908275483,12.0,3.188,1000.0,500.0,500.0,1036.0,1036.0,1036.0,0.0,2.0,67096.0
47.653190898882876,48.50374449975818,9.50685238206909,10.394368343985906,-0.0064797430079390934,42.81621045645479,10.336306727819897,1.51107855097655,1.2167437060397233,-0.03858492209696701,-0.4266849776422411,-0.053850991132791896,-0.02738593457971878,-0.14112026164844726,0.0425837189647033,0.10772983444129687,-0.11791969327146125,0.006261848247131214,1.0,3.5178051270515,13.0,3.052,1000.0,500.0,500.0,1057.0,1057.0,1057.0,0.0,2.0,68153.0
47.26337616851501,49.0266866046157,9.664781374905735,10.423902203020551,0.03965312650814641,42.47341300904653,10.110448724999264,1.5616520923516268,1.1813715395268136,-0.021523600620165374,-0.36025672485702276,0.04913691145466298,0.1422784365992602,-0.1896645041755315,-0.14064778240214965,-0.06853697166669186,-0.07284580688705186,-0.03760273515271822,1.0,3.630707037616122,14.0,2.976,1000.0,500.0,500.0,1114.0,1114.0,1114.0,0.0,2.0,69267.0
46.927211973098515,49.59354924738134,9.910711350902455,10.370611072707623,-0.026727102109597518,42.310019515583164,9.830248112423549,1.3053107529196886,1.1576888900995548,-4.090319247806267e-6,-0.3235738555277472,-0.001402791111596203,-0.006288573715699282,-0.1962494258395518,0.009545757762498318,0.011252895388119915,-0.07897149091787281,-0.08376052432983715,1.0,3.5755306705128116,15.0,3.0,1000.0,500.0,500.0,1101.0,1101.0,1101.0,0.0,2.0,70368.0
47.47296367314541,49.34692967578415,9.975768326128074,10.89622106056602,0.028522082131373375,40.97411399262746,9.911242468729942,1.631432390287369,1.1744726929753933,-0.056554093515751754,-0.37468914014096855,0.013923552764212876,0.030599801977881116,-0.2095599606863214,-0.012418938556237245,0.02876332141026766,-0.08067193674549776,0.02291620855748653,1.0,3.702300752269928,16.0,3.054,1000.0,500.0,500.0,1072.0,1072.0,1072.0,0.0,2.0,71440.0
47.6187269835889,49.63911694264546,10.09850130600577,10.580645876684905,0.0006827402229064567,40.34085272672135,9.924225902662252,1.7120673468809295,1.2202833828502977,0.006745911225850723,-0.3209284043727394,0.0663235081722259,-0.1325824544241321,-0.13190317166735607,0.010236500583041406,0.024280883167042907,-0.04513237967145557,0.05821549891014617,1.0,3.7268843401234157,17.0,3.118,1000.0,500.0,500.0,1079.0,1079.0,1079.0,0.0,2.0,72519.0
47.21198705323388,49.6969867010222,10.252117127772662,10.510900416263778,-0.05002780894609885,40.20875602650048,9.597036856683369,1.489414079751794,1.2181959134596174,-0.016617811427712306,-0.4347641177485355,-0.0969471724489606,-0.01796802752796048,-0.1292525701770541,0.01463779252191971,0.0466699029844421,-0.017584543020956685,0.017060857281139426,1.0,3.6350579821494677,18.0,3.118,1000.0,500.0,500.0,997.0,997.0,997.0,0.0,2.0,73516.0
46.92336346389518,49.96842782952288,10.076485967932635,10.952008447760631,0.011781467077735619,40.15328641982424,9.633436102505026,1.7197352271734136,1.1772797493796328,0.043333063528991606,-0.3283847421630134,0.00988244422715257,-0.008872724965784501,-0.17805824376730364,-0.022590825921656957,-0.04316421219529745,-0.03550431587490417,-0.04732195108829528,1.0,3.7284443487341736,19.0,3.162,1000.0,500.0,500.0,1026.0,1026.0,1026.0,0.0,2.0,74542.0
47.3602064008829,49.546976832341244,10.054270334059735,10.926262252660438,0.06901902683544567,39.63111398107017,9.577715059276887,1.4909451124031532,1.1806347225834994,-0.0018831894643965758,-0.29138900904616166,0.01883234679194534,-0.017295243538888384,-0.11296745365654837,-0.05320066721924204,0.010692241669801216,-0.060341909795582925,-0.0531926821288176,1.0,3.825264220766381,20.0,3.084,1000.0,500.0,500.0,1084.0,1084.0,1084.0,0.0,2.0,75626.0
47.811434326518835,49.82356100101695,9.513983619426604,10.576932384927138,0.06603173953579827,39.25388658252596,9.295907268439434,1.5678542308702197,1.3205137630834063,-0.05472969223309542,-0.46317411865853586,-0.03426330185506593,-0.08738987064522345,-0.24706074040766818,-0.09334168805345693,-0.0011663508725951721,-0.0330985606793529,-0.08962388785568691,1.0,3.719573954649255,21.0,3.158,1000.0,500.0,500.0,1076.0,1076.0,1076.0,0.0,2.0,76702.0
48.247697407636586,49.76492590716003,9.15232724055666,10.55359473688643,0.0873646995198572,38.67897323595778,9.449649307133601,1.5458925633338274,1.245841514697335,-0.02968593238992826,-0.32164898350476223,0.03892432909935143,-0.02247761886841917,-0.02824077077740472,-0.15940706069695484,-0.005144128070665267,-0.026557021770865545,0.06345037170642119,1.0,3.704924129063621,22.0,3.172,1000.0,500.0,500.0,1026.0,1026.0,1026.0,0.0,2.0,77728.0
48.62343527856875,49.746590758986855,9.208656326859025,10.563649550299987,-0.015448257690819941,38.15216574676523,9.368637486559434,1.8030924181035977,1.2059472333941519,-0.010947661510756247,-0.3119450983847324,-0.05486112639633457,-0.04663249091939996,-0.17263686021519917,-0.054523097479181916,0.05506274199065816,-0.046286428473743715,-0.043429526450525585,1.0,3.710676264141177,23.0,2.96,1000.0,500.0,500.0,1061.0,1061.0,1061.0,0.0,2.0,78789.0
49.12209155516904,50.19237318740693,9.188797529020146,10.095952558575325,-0.0188424666183221,37.94611896272536,9.458991643434425,1.4790353186019467,1.0457355409321696,-0.11619680347068918,-0.2857658765128812,-0.04466264388649612,0.07231588639367426,-0.06583095984516679,0.11028321767416883,-0.06166398348448311,-0.04225765100501025,0.04390667421387477,1.0,3.7053643055517473,24.0,3.15,1000.0,500.0,500.0,1054.0,1054.0,1054.0,0.0,2.0,79843.0
48.98948790146984,49.852432756671575,9.131393090528976,9.90796427065754,0.03410932793775778,37.21137517850583,9.957411996632509,1.420767982693348,1.08761556956159,0.007239582784603239,-0.34883177293787504,0.018421708687642042,0.08523900165563099,-0.05757884054557059,0.08196252207045665,0.04572074341271276,-0.025999302613224744,0.004162304265588725,1.0,3.6217434420118306,25.0,3.1,1000.0,500.0,500.0,1075.0,1075.0,1075.0,0.0,2.0,80918.0
48.64606453960418,50.89749147142596,9.143102513992082,9.77515250261476,-0.059947191679462906,37.618440811241925,9.627887245074994,1.504117929150769,1.1784431887355538,0.08441544781968026,-0.33254793762917445,0.014045869311513132,0.0258695714990023,-0.2282588271250051,-0.05427582081986539,-0.010192713076566025,-0.08869769091418918,-0.06745236074225686,1.0,3.5564096433281027,26.0,3.094,1000.0,500.0,500.0,1095.0,1095.0,1095.0,0.0,2.0,82013.0
48.592269405843034,50.10228119360267,9.073285376482696,9.827114865190255,-0.016826305716245157,37.01867307609792,9.37619120209262,1.2520281233098973,1.236385169529315,0.022940719407115107,-0.3230336307306723,0.05761749489214507,-0.013074311378199924,-0.14023162664668748,-0.13726150042178792,0.026246086410805634,-0.03855109305979854,-0.026653938313895308,1.0,3.5311387206056177,27.0,2.978,1000.0,500.0,500.0,1075.0,1075.0,1075.0,0.0,2.0,83088.0
48.491086361670526,50.28342548848927,8.67668020571487,9.998639242256074,-0.013379110958581207,36.717740526111584,9.5759581793755,1.5337756538768816,1.163498321796297,-0.059674454880683576,-0.3816810781925366,-0.028758569435454948,0.08571133221233729,-0.08963184061053815,-0.04187222501885374,-0.07515474423579492,-0.03493152371142651,-0.07766526375773476,1.0,3.630530834905994,28.0,3.068,1000.0,500.0,500.0,1069.0,1069.0,1069.0,0.0,2.0,84157.0
48.778539784041484,49.885574174889065,8.746302130679934,9.562248382130933,0.016643158247202014,35.71798297887115,9.896572375299327,1.5029200025483658,1.1264137603029096,-0.03892796833021208,-0.3116491937170884,0.05043655121374736,0.034070672879569094,-0.24186948564875813,0.020981122260573637,0.04555743834425912,-0.08524130423255605,-0.010956362527353858,1.0,3.4976640632815874,29.0,3.068,1000.0,500.0,500.0,1085.0,1085.0,1085.0,0.0,2.0,85242.0
48.6381299216986,49.77122852225817,8.884000170050525,9.780955036569075,-0.007166377992344466,35.31988510575939,9.493107635547949,1.7305570578691185,1.2128399508678285,-0.02278567128904182,-0.2711952006346561,0.03206570135662859,-0.10127451353636492,-0.14046023617182093,-0.050791120711473396,-0.08174001513057015,0.010557618531941731,0.05116070293522318,1.0,3.5942050386780697,30.0,3.054,1000.0,500.0,500.0,1075.0,1075.0,1075.0,0.0,2.0,86317.0
49.245612781628125,49.64067926745774,9.06168675047267,10.0000360238565,0.102581272659951,35.393664941607355,9.67898908767617,1.5389099212787685,1.2135117106189455,-0.021030498184143143,-0.2902188264111185,-0.05943063757356238,0.019267884800347107,-0.03842320522306049,-0.16113232836539845,-0.038630955302285754,-0.09842765703727799,0.10041953982889702,1.0,3.4965492753430594,31.0,2.896,1000.0,500.0,500.0,1032.0,1032.0,1032.0,0.0,2.0,87349.0
48.96078137869611,50.06226830572075,9.526308766317177,10.193114674093879,0.010332395725885585,35.81181602282877,9.715971094555474,1.429931972789116,1.110759174385099,-0.14721196943085627,-0.30676355057892024,0.05454255641716855,0.12939610259660117,-0.11545209631385046,-0.06148703636078452,0.04549389337453359,-0.06429694585496835,0.03310694208109579,1.0,3.5342453898326625,32.0,2.946,1000.0,500.0,500.0,1050.0,1050.0,1050.0,0.0,2.0,88399.0
48.681935565142275,49.42139156689646,9.668792928239162,9.957759946906691,0.009555754944663849,35.471689512400985,9.832848103807867,1.6386247000079148,1.1990483507470948,-0.032130798308205005,-0.3170078060963485,0.07474269867376487,0.09504370808664298,-0.0690392332621971,-0.18005416055752074,0.0026400577212689893,-0.007378929337800846,-0.08838640231495451,1.0,3.430022785557121,33.0,2.94,1000.0,500.0,500.0,1107.0,1107.0,1107.0,0.0,2.0,89506.0
47.968243187040656,49.537294507213005,9.660989806612966,10.103918664912806,-0.010248458720431773,34.992342937685834,9.908717844441346,1.5897647642190549,1.2111944842823728,0.06102801880088705,-0.34157848053256346,0.06467239096738919,-0.09115718151511945,-0.014653256579124523,0.004629664940755667,-0.043712732737758615,0.003580636988727449,0.050080808772941986,1.0,3.5104672157842174,34.0,2.924,1000.0,500.0,500.0,1027.0,1027.0,1027.0,0.0,2.0,90533.0
48.50363988639535,49.579279582260895,9.314616029382266,10.166197108252025,-0.04741360264293091,34.66279544453055,9.716381141102088,1.664553859560735,1.2355621741188145,0.041363163469461894,-0.36058757185459805,-0.025559590959402106,-0.07297923136087046,-0.08538223181946814,-0.03575135319512199,0.01211407936873422,-0.08799031477213885,0.009894850788098524,1.0,3.490834777973395,35.0,2.986,1000.0,500.0,500.0,1084.0,1084.0,1084.0,0.0,2.0,91617.0
48.225529633194164,49.197779450674695,8.995742860607681,9.858638995119613,-0.04466646014435707,34.27644166732975,9.63981038103771,1.5631326307001976,1.1787789652340366,0.03266193691262661,-0.3597008013254424,0.06282339642187812,-0.03138828078852068,-0.16288996847316767,0.033690835682339194,0.03404013341430096,-0.01988843474744901,0.04195262898118065,1.0,3.492344611279057,36.0,2.978,1000.0,500.0,500.0,1036.0,1036.0,1036.0,0.0,2.0,92653.0
48.28474313855136,49.477751363635576,9.042109404068333,10.280487474988135,0.014153691667087994,33.926045971060674,9.908897050008019,1.7547623262210486,1.0889965113544722,-0.0002178373528354002,-0.3170438564086572,-0.02982589936352133,0.07423390231308932,-0.11394726792472411,0.06634458609587009,-0.02587344831428444,-0.10069833233030032,0.0026727765568790385,1.0,3.459902816208384,37.0,3.044,1000.0,500.0,500.0,1084.0,1084.0,1084.0,0.0,2.0,93737.0
48.439647455798244,48.76892938894416,8.929521370350974,10.636350357908558,0.022350190198377563,33.79110546882489,9.340072922319349,1.7521536666418405,1.2267927486856522,-0.09322991278834777,-0.4280363930654067,0.009639520202565437,-0.012030622600885402,-0.0753974864773757,-0.01725605879686836,0.04195466601779278,-0.029827448002900898,0.010562002138993914,1.0,3.4935771787317433,38.0,2.94,1000.0,500.0,500.0,1062.0,1062.0,1062.0,0.0,2.0,94799.0
48.3390932198797,48.839874694902385,9.169243694684523,10.464976905140631,0.058624920518490914,33.23496644185219,9.55747374223677,1.67873587745109,1.0711747594852379,0.028511899108113962,-0.21970352443494903,0.09908698630460129,0.06040979833756323,-0.09198073249393489,-0.002804235653342273,0.07968556829699093,-0.16432544941243668,0.05304626199967007,1.0,3.532699479937231,39.0,3.022,1000.0,500.0,500.0,1055.0,1055.0,1055.0,0.0,2.0,95854.0
48.49230973864115,49.40842964518991,8.980882357791945,10.876541243842206,0.005688361213571327,33.62850466486734,9.543042752152004,1.621315192743765,1.162791175051774,0.001312991150941118,-0.2500048330323775,0.010494237881545016,-0.07707510240304649,0.02561952754766789,-0.0017478570386632636,-0.05239249887094376,-0.11734345185997305,0.0657898446875583,1.0,3.572405080023545,40.0,2.964,1000.0,500.0,500.0,1050.0,1050.0,1050.0,0.0,2.0,96904.0
47.47273370203447,50.32918806686003,8.96974503420054,11.202534188733292,-0.006266815155631008,33.46291628525641,9.480303529050444,1.6385203900408025,1.0719054845888705,0.04223565846389019,-0.20200505332934912,0.037036691421296855,0.047017035129900596,-0.1363987534707459,0.0093346163045825,-0.029657606749816986,-0.02571475228269918,-0.054315794370561006,1.0,3.520262104515851,41.0,3.162,1000.0,500.0,500.0,1138.0,1138.0,1138.0,0.0,2.0,98042.0
48.13968311573985,50.00896834987538,9.282177673591827,11.05925498180064,-0.04072583046031635,33.56512527190973,9.920469020188914,1.6487556807487047,1.0232981746124472,0.00425310349476043,-0.207538565060517,0.061695527347787084,0.05740331893068419,-0.17878251126486397,0.09747891619994427,0.07898518185439338,-0.06853301092465189,-0.06141819213965527,1.0,3.5233071048867615,42.0,3.008,1000.0,500.0,500.0,1103.0,1103.0,1103.0,0.0,2.0,99145.0
48.201970399293224,50.53495403824619,9.362979642459374,10.732251736286177,0.01238834356838387,32.071167146605525,9.881958174866282,1.725208113175949,1.1981483340940828,0.08657424852234026,-0.35180719176195024,-0.030365610462929866,0.008397274421356639,-0.12835568198794678,-0.054724469929753945,0.054424915249013946,0.0037607876741513435,0.001541377627047841,1.0,3.629978341911795,43.0,3.14,1000.0,500.0,500.0,1101.0,1101.0,1101.0,0.0,2.0,100246.0
48.5024012648289,50.482350687416535,9.166765210819484,10.560078649922252,-0.04514532956397819,31.87010575995964,9.514202340769119,1.5548927616248047,1.147525267771544,0.10686771516694796,-0.3078920857166068,-0.005544706916602272,0.017666790483584646,-0.19041777496362255,-0.0010885650948449952,-0.007253477913104286,-0.028674204937230063,0.06123208480630733,1.0,3.68750477779608,44.0,3.144,1000.0,500.0,500.0,1078.0,1078.0,1078.0,0.0,2.0,101324.0
48.767247626614726,50.50216610290688,9.233145896834472,10.257720672866771,0.026534122656744194,31.269436718292177,9.08789520562123,1.6719133003590794,1.1555417999449655,0.03609856001860996,-0.25501342349380546,0.028263500426781763,-0.05572504078535628,-0.19565369891766513,-0.014289054532856128,0.0364298447929985,-0.12752571611386065,0.026848375443900223,1.0,3.598794845255579,45.0,3.044,1000.0,500.0,500.0,1059.0,1059.0,1059.0,0.0,2.0,102383.0
49.17002228569238,50.483580110209004,9.323257856008295,10.485763007208769,-0.06970835646477859,30.97726651399308,8.953698621801864,1.4530170012519668,1.1737166535871688,0.01496129333858045,-0.21424208399635372,0.09275692430054877,-0.03492626677653267,-0.03832638017192232,-0.12345728493271599,-0.020885269335149968,-0.09716631339186042,-0.08030929987471283,1.0,3.634340650897238,46.0,2.99,1000.0,500.0,500.0,1081.0,1081.0,1081.0,0.0,2.0,103464.0
49.93089700779624,50.3221182307409,9.640410600030819,10.99261449151353,0.04246416713526814,30.419532166688246,8.723089013618935,1.4726195334454752,1.0776482849891187,0.0036094630554190555,-0.31352923484425643,-0.04515926483857008,0.10804351075314203,-0.12171138929059096,0.051342961229170765,0.07120118741570267,0.03900692045564657,0.008053911444675503,1.0,3.5608680543908013,47.0,3.132,1000.0,500.0,500.0,1098.0,1098.0,1098.0,0.0,2.0,104562.0
49.668945568774745,50.5572616024388,9.595778990849817,10.786708790233178,-0.007938610640814449,30.0707466830634,9.12057225335669,1.603852887920897,1.0392344915908804,-0.03572125696605127,-0.2548058608319447,-0.08975737936083662,0.19315520057453733,-0.06453075286406927,-0.018272189100041733,0.06059208986248546,0.019045417141095207,0.025242907483244283,1.0,3.639365935422058,48.0,3.078,1000.0,500.0,500.0,1097.0,1097.0,1097.0,0.0,2.0,105659.0
49.94570902858497,50.243644598741184,10.258122997622563,10.521864192150538,-0.04102426879235854,29.948403616356284,9.558273350421086,1.506490735892187,1.2590271863437532,0.00492571089794008,-0.37921235075477827,-0.03109307099842352,-0.06216967844360607,-0.1833509065567413,-0.08169000088853359,-0.038952369002090204,-0.008160894209256697,0.006099825786623603,1.0,3.502193104709219,49.0,3.064,1000.0,500.0,500.0,1089.0,1089.0,1089.0,0.0,2.0,106748.0
49.86938916503937,51.02569484314196,10.084494520125807,10.570451557729712,0.050164464758959616,28.931064778998024,9.658263387189631,1.658180979859302,1.1753570597614402,-0.057788893753894205,-0.3952590206079557,-0.055848480862881134,0.10371222029182836,-0.050528335351765444,-0.07018590294154282,-0.023039175133605337,-0.04039285926725242,-0.056059043680327665,1.0,3.3783531500592017,50.0,3.152,1000.0,500.0,500.0,1001.0,1001.0,1001.0,0.0,2.0,107749.0
50.09251701751652,49.800779638475476,9.71513722564659,10.400787381710309,0.015009506951080786,49.81159616823607,10.08458955440318,1.6216941213443137,1.0023121296273714,-0.15943929953105399,-0.20899135755351347,-0.03793923841816091,0.05952783922931085,-0.13776363427403032,0.1536986294027173,-0.038355574657408305,-0.1032265218209089,-0.03402208681530069,1.0,4.008,1.0,3.25,1000.0,500.0,500.0,1034.0,1034.0,1034.0,0.0,3.0,108783.0
50.13436939548454,49.58120391901545,9.337185476959098,10.411465829953068,0.034655982604399095,49.01987442032892,9.994070499028417,1.6299876810287832,1.1867990366573777,-0.15358381055326095,-0.3410996357065841,-0.06848716223719481,-0.0020374317275499627,-0.18024798542878978,-0.02913467646086191,0.018633924327656304,0.011284685166226167,0.03523698423814935,1.0,3.898312969595553,2.0,3.272,1000.0,500.0,500.0,1032.0,1032.0,1032.0,0.0,3.0,109815.0
49.507115786637684,49.92022835776866,9.669428258748209,9.961171382865139,0.06864187471028917,48.128738199855505,9.923140428906448,1.7571156646163264,1.186978552663235,-0.034670577070184644,-0.26104371204305504,-0.009491574966089539,-0.006123066954980854,-0.205105813122594,-0.10456420226695214,-0.04997662545764654,-0.1034752855462236,0.11203929791260961,1.0,3.900772071883254,3.0,3.098,1000.0,500.0,500.0,1078.0,1078.0,1078.0,0.0,3.0,110893.0
50.010462074983295,50.12177585043706,9.91704635870219,10.148911959768569,0.015922208413560512,47.020741488068616,9.731897307585422,1.5692571664866113,1.1312753479730768,-0.04389423153894915,-0.3291369867915333,-0.18740813290131128,0.14266961281716325,-0.13147999679269906,-0.0830882533873374,0.05479455684318823,-0.08656296445055542,0.05731243989403741,1.0,3.736377106204889,4.0,3.218,1000.0,500.0,500.0,1057.0,1057.0,1057.0,0.0,3.0,111950.0
50.09762642225942,50.153399653163454,9.2588149403219,10.032715881265391,0.008996387979841085,47.633090374762546,9.301153563874273,1.4820371677371418,1.188198921508184,-0.06507709682743067,-0.3997693765715905,-0.010532714440723396,0.11282266222597555,-0.15521639491287995,-0.09845368604625919,0.02477706822378271,-0.03842436907229801,0.032552432941061644,1.0,3.7473944267251533,5.0,3.062,1000.0,500.0,500.0,1089.0,1089.0,1089.0,0.0,3.0,113039.0
49.90695451287939,50.17049317516514,9.014284435550271,10.29497807390615,-0.0036476595837605496,47.13472042491944,9.414632526342098,1.7251328593268473,1.0812489343633092,-0.07631500694403938,-0.19680020097683,-0.09141449179368631,0.05476303285953819,-0.1857342871730137,-0.02922372271594959,-0.021353926844203477,-0.07396059196661092,0.08860805808905539,1.0,3.786452209978074,6.0,3.284,1000.0,500.0,500.0,1015.0,1015.0,1015.0,0.0,3.0,114054.0
49.64292589369317,50.3007411822334,9.221628658391344,10.532409658527362,0.0118334719814263,46.77456783357772,9.638480624688874,1.7120923143590712,1.207162980502159,-0.04889777102538429,-0.31470900364842946,0.001947937167347424,-0.0877154701902804,-0.19378704092956808,-0.015408979844124326,-0.020217802620798538,-0.03168756878728772,0.015622053096901062,1.0,3.762574014458735,7.0,3.186,1000.0,500.0,500.0,1037.0,1037.0,1037.0,0.0,3.0,115091.0
49.9193042611029,50.41726912919541,9.192001171843627,10.20543698754826,0.09088074583575964,45.862299667621244,9.566621687224876,1.6503974460219513,1.1787653180487792,-0.016373209047075843,-0.3328760908030404,0.016130479620017922,-0.05776655166082218,-0.21999817875054922,0.021808359352418736,-0.012072394136877487,-0.05528035935993178,0.09692142513712017,1.0,3.8251665243419506,8.0,3.134,1000.0,500.0,500.0,1049.0,1049.0,1049.0,0.0,3.0,116140.0
49.272975607710706,50.24526719318325,9.19319149492224,10.381545941490115,0.059506830630404205,45.917481306472354,9.55266214120379,1.594255551274804,1.1476938621138735,-0.03813778211780575,-0.2641004943703513,-0.07706047818896004,0.036591124399478765,-0.11129935725011413,-0.0627256831988505,-0.04058850233150987,-0.03710727607188228,0.0002194623299578311,1.0,3.7987885192694777,9.0,3.016,1000.0,500.0,500.0,1054.0,1054.0,1054.0,0.0,3.0,117194.0
49.4322345563458,50.89378763644589,9.224675444591705,10.552389225891927,-0.025605875764242843,45.818996075593915,10.01557257221823,1.6115203260695827,1.0696698168798722,0.005689122922754579,-0.2946034812287041,0.00658445818981127,0.10183264562446526,-0.0967119566724142,0.056500325187810715,-0.04797767484951987,-0.11846272922155192,0.00913943416192206,1.0,3.7591278652874727,10.0,3.022,1000.0,500.0,500.0,1096.0,1096.0,1096.0,0.0,3.0,118290.0
49.53331139862463,50.92724741929529,9.555977158294208,10.58956519270935,0.0032782723903661388,45.03608097069812,10.101332905321556,1.6534058922874841,1.1448019264732165,-0.014561666698161361,-0.2821396460030357,-0.08548397024080094,0.03050793395357957,-0.05534928236856859,-0.03693086491743549,0.039759015184171985,-0.07130727707061747,-0.023911353784409974,1.0,3.6627136149123714,11.0,2.95,1000.0,500.0,500.0,1095.0,1095.0,1095.0,0.0,3.0,119385.0
50.12642947993534,50.75015312113151,9.257905463610392,10.062547541383685,-0.07467833534791825,44.52807298144263,9.629974088218985,1.578391125862521,1.1554655687751938,-0.10697755132781628,-0.3277503166452223,-0.06335515624927475,-0.010858197972031908,-0.08251158718623205,0.035301093819483216,0.04034858916244495,-0.01743678309169156,-0.00504643015621765,1.0,3.6164631898352964,12.0,3.046,1000.0,500.0,500.0,1070.0,1070.0,1070.0,0.0,3.0,120455.0
49.43764040824461,50.91604134063358,9.244108135957504,10.384840427035668,0.03162005856972818,44.1084349488645,9.508675451025944,1.6836395263671866,1.228247632475375,-0.00439314565482771,-0.3480960907505407,-0.05812894519474966,-0.048065986831221194,-0.19960006275861253,-0.06517929094717005,-0.00686829821849521,-0.06035126358154775,0.029633869755530583,1.0,3.5596722774169294,13.0,3.078,1000.0,500.0,500.0,1024.0,1024.0,1024.0,0.0,3.0,121479.0
49.44209738366729,51.17426720719548,9.303070433191584,10.287044359641538,-0.026623304853210992,43.814738928691405,8.969543284207143,1.5496037194834367,1.1639191475700914,-0.0712013646550743,-0.2994648296279437,0.046620378666162726,-0.09281309171689749,-0.20614168772984368,0.060627709871914945,-0.03893785214010744,-0.037331252809012345,0.04336529399671393,1.0,3.5487634517610704,14.0,3.164,1000.0,500.0,500.0,1071.0,1071.0,1071.0,0.0,3.0,122550.0
49.06453136879561,51.71321966077778,9.18757821133924,10.132909441754327,0.018789097442279384,42.70216851658851,8.981293448466708,1.6190401880923393,1.2176746691564024,0.08798345483703217,-0.43029175685156856,-0.03928359735052982,-0.052941037524199985,-0.16534150849267104,0.050494903790188235,-0.002032476797733099,-0.10870866795540889,-0.026996361173688567,1.0,3.5306638297962603,15.0,3.028,1000.0,500.0,500.0,1074.0,1074.0,1074.0,0.0,3.0,123624.0
49.1463654145472,51.00867771516822,9.094295081918766,10.144920214808762,-0.025438066359776707,42.177178044805984,9.608509800360707,1.6338767190435382,1.2412878776872813,0.03236335196562237,-0.3872114446434884,-0.0707334951607905,-0.07307247881238621,-0.19274587445195024,-0.032167976933021904,-0.002417907445781836,-0.05445461363721785,0.058637370634184754,1.0,3.6396240908061652,16.0,3.15,1000.0,500.0,500.0,1163.0,1163.0,1163.0,0.0,3.0,124787.0
49.32146098792458,51.14980062023423,9.135288202572346,10.104773334647025,-0.041000069740934765,41.77870625638483,9.672872087136072,1.448801851538807,1.166875574222843,0.05540537362251426,-0.3422292963968462,-0.026220973997544098,0.054705049044375384,-0.04172862826256023,-0.062214858611963936,-0.10895819805828338,-0.02022676678007477,0.10212840744630902,1.0,3.645242635885755,17.0,3.034,1000.0,500.0,500.0,1133.0,1133.0,1133.0,0.0,3.0,125920.0
49.40284910231916,50.81781368983711,9.282896457856486,10.413948045629395,-0.0384766385782521,41.097953735152366,9.72892029173173,1.6108516040342835,1.1746484835850135,0.053882290370420215,-0.2991809227557578,-0.08912648999320863,-0.0421187660477337,-0.2055827768796541,0.0004927742453209472,0.03200954169517117,0.006451271197864785,0.10765334360567798,1.0,3.552059252592926,18.0,3.19,1000.0,500.0,500.0,1068.0,1068.0,1068.0,0.0,3.0,126988.0
49.300293632161434,50.8662089313382,9.616681660580339,10.244775280582857,-0.04282915411370306,41.169206869749644,9.431661471038607,1.6781388998987088,1.1893863015202157,0.05731540533348806,-0.355281034559954,0.09110343618063733,-0.06735701278815105,-0.25566973587514963,0.008655963971815074,-0.0013240724999865885,-0.19972844623975197,0.026843125726525856,1.0,3.5697441298637984,19.0,3.206,1000.0,500.0,500.0,1044.0,1044.0,1044.0,0.0,3.0,128032.0
49.68204355515589,51.22685968446236,9.782677602349063,10.144551475401471,-0.06949709985462571,40.644213709910524,9.602136199274812,1.5605307618891717,1.2247273219165633,-0.020531045994635632,-0.4307431920253139,0.07685137270065594,0.02881745655282994,-0.15732872406923026,-0.048357814745991774,0.03706872541782761,-0.026279567992725007,-0.010914162362013128,1.0,3.494469419336188,20.0,3.174,1000.0,500.0,500.0,1138.0,1138.0,1138.0,0.0,3.0,129170.0
49.47744331606201,51.92480068652055,9.320676138116482,10.436889091648451,-0.03186933759859274,40.46021968194851,9.621934012841518,1.5265050530101056,1.3052406437248436,0.11983732337487883,-0.3393861703690506,-0.05938717655266707,-0.18028038898429072,-0.2370517768254488,-0.10061687979747672,0.08121700597906724,-0.09020115917859134,-0.020925580054451824,1.0,3.645717791214178,21.0,3.19,1000.0,500.0,500.0,1016.0,1016.0,1016.0,0.0,3.0,130186.0
50.435689692779164,51.77203529064407,9.380855149780622,10.114871711236159,0.12900026422755148,39.41197306892417,9.762720808305424,1.5263316890226601,1.1051010029870973,-0.00209229603588019,-0.3004797528787178,-0.004855086257137866,-0.05146331772968806,-0.08501338766736721,0.14106836560802616,-0.007136214649511253,-0.012873839263304812,0.006050745556486099,1.0,3.4848944780702915,22.0,3.16,1000.0,500.0,500.0,1042.0,1042.0,1042.0,0.0,3.0,131228.0
51.149214472972645,52.25700191649636,9.132606457551404,10.389639597822809,-0.06295142590943655,39.357287945777436,10.286620170985044,1.5932055517076027,1.1690249574412652,-0.03781044361863761,-0.36081353011112155,0.013178290385842464,-0.0023530493317633276,-0.16635741434032456,0.01338744861387186,-0.031408736481797275,-0.04309273482692514,0.05534574824540936,1.0,3.5055933981632137,23.0,3.104,1000.0,500.0,500.0,1096.0,1096.0,1096.0,0.0,3.0,132324.0
51.51335734309922,51.52102146126284,9.592886059712797,9.943210401908168,0.08417058597452311,39.69159219376791,9.73292803274349,1.6864356653723258,1.194420373368475,-0.05642840092466348,-0.42162080713887784,0.026207988783098282,0.016819061399171706,-0.19484241085567286,0.022107518815365355,-0.026012789643925994,-0.006730483869462502,-0.032895365436986394,1.0,3.581710054159436,24.0,3.072,1000.0,500.0,500.0,1101.0,1101.0,1101.0,0.0,3.0,133425.0
50.62171555156466,52.145500691869564,9.949008930593166,9.651174542149787,-0.007592481171787163,39.17889525242155,9.720665849953933,1.401510974585171,1.2244535190439803,0.013419557894727187,-0.41550629681057155,-0.02128588263627047,-0.005531402866133064,-0.16531428637099863,-0.031361297481477604,0.07920668414438413,-0.013329938729911974,0.09288705024044668,1.0,3.4546692833353516,25.0,3.034,1000.0,500.0,500.0,1104.0,1104.0,1104.0,0.0,3.0,134529.0
50.74473624758271,52.163319578527094,10.102734250107378,9.818140486444745,-0.04716816684667605,38.874336084230755,9.439671345005356,1.6209298449076286,1.1811586138991208,-0.005599793416324841,-0.39554652019361325,0.09756100936994629,-0.006037189668885043,-0.16598311022183104,0.031585555808033725,-0.06619776093879268,-0.0137458846186319,-0.014616344380088792,1.0,3.481935162048047,26.0,3.068,1000.0,500.0,500.0,1062.0,1062.0,1062.0,0.0,3.0,135591.0
50.55678470078359,52.111759499073706,9.99851952617084,9.455337235532422,0.022891396590251686,38.53601633525419,9.253680266426604,1.5741774197621277,1.1367692100323317,0.039608840467718266,-0.3339966045052223,-0.0426959851138121,0.06732977977221384,-0.19342842380331746,-0.00787553804094685,0.005007221894416377,-0.0018603415564246912,-0.02655742092085998,1.0,3.5902903554031735,27.0,2.984,1000.0,500.0,500.0,995.0,995.0,995.0,0.0,3.0,136586.0
50.30670525145545,52.33850820021552,9.88392260409619,9.292393280288184,0.07347687695548663,38.34268508242113,9.177984121875866,1.4464675676298822,1.1431176290310894,0.04961970186659859,-0.337591571042552,0.04195366992665401,0.051605401106493684,-0.22933596033959353,-0.006116845938892238,0.047174990061674,0.017992027100928815,0.025391687770237353,1.0,3.583074348576251,28.0,3.064,1000.0,500.0,500.0,1102.0,1102.0,1102.0,0.0,3.0,137688.0
50.90956414621849,52.46550689630897,9.213606537408895,9.501909442780143,-0.021391047749344083,37.3369004077106,9.01807609589289,1.6782209663289678,1.1348430754523893,0.060107410902171414,-0.30648517399381453,0.0014529426984913232,0.07815154894823058,-0.07123243221329362,-0.029023392165683615,0.11390254117841535,0.05848868957975065,-0.07814395572293431,1.0,3.4564567058176476,29.0,3.208,1000.0,500.0,500.0,1043.0,1043.0,1043.0,0.0,3.0,138731.0
51.13759223255622,52.266070302473864,8.833598233302956,9.798302290529927,-0.014509107798346141,36.4668745652111,8.809489770753547,1.6706970266369439,1.190143981614371,0.02713883248194758,-0.3246048839923355,0.08120522424571887,0.06480790074178946,-0.10694056756866346,-0.12514188824456857,0.06963444535129899,-0.06306362241677073,0.01997561817255778,1.0,3.367489185636167,30.0,3.088,1000.0,500.0,500.0,1014.0,1014.0,1014.0,0.0,3.0,139745.0
51.210679755150146,52.66265051914163,9.13998691952226,9.891443120125013,-0.054219490813399,37.65062622599168,8.946415524345001,1.6643385489950118,1.1641138034967486,0.016257023205364093,-0.3034824416545091,-0.0026231267197610393,0.049106589288669796,-0.19615682508347065,-0.08765923885538049,-0.04142570024603287,-0.057295065753469154,-0.006171140107075725,1.0,3.4336460385029555,31.0,3.092,1000.0,500.0,500.0,1113.0,1113.0,1113.0,0.0,3.0,140858.0
51.018280049182046,52.74043326484865,9.122957570007658,10.5209857509046,-0.013459671088165572,36.78203710816869,9.067005617155205,1.5896160002918367,1.0175957231476775,-0.04684489628301261,-0.21557700462514834,0.10753207882318397,0.2357550045533711,-0.14283545794689245,-0.05756741784382243,-0.06054568336492583,0.01794374124167518,-0.014633921409428052,1.0,3.385415045918406,32.0,3.044,1000.0,500.0,500.0,1073.0,1073.0,1073.0,0.0,3.0,141931.0
51.324504760614204,53.134750165848175,9.404218984446073,11.09893288004321,0.009757979684353641,37.077957962354546,8.903246801508985,1.7335662379447427,1.2915120421935449,0.034503353551700214,-0.3790384213307665,-0.06598686127123628,-0.14428884789707352,-0.19702750718732584,-0.0574337677192,-0.011077449300366743,-0.08026855425117842,-0.007366153961522851,1.0,3.4047840801863383,33.0,2.996,1000.0,500.0,500.0,1051.0,1051.0,1051.0,0.0,3.0,142982.0
51.45141132308797,53.753738439175244,9.266682289949397,10.901274863222765,0.053984365213601705,36.55415504557719,8.914518977599473,1.5597294373236112,1.183792354161485,0.015202082028771735,-0.3698035164601057,0.0215966315444389,-0.0736220666015713,-0.15249099761875612,0.07690680554468847,-0.05890036298527509,-0.07267284103995843,-0.029145615114618575,1.0,3.3626848860292076,34.0,3.104,1000.0,500.0,500.0,1017.0,1017.0,1017.0,0.0,3.0,143999.0
51.38325158805438,53.401618630604524,9.166556154342423,10.839756806040118,-0.03608355220338676,35.925225266060906,9.226468367182823,1.4482031576468384,1.2033587997245405,0.09578209693129026,-0.31678597801500424,-0.055520269234005604,-0.030104710828300237,-0.1365091152635828,-0.05805005982038559,-0.012592484231990294,-0.05798181727986195,-0.0028436352655810365,1.0,3.3470909549674035,35.0,2.994,1000.0,500.0,500.0,1123.0,1123.0,1123.0,0.0,3.0,145122.0
51.97855507359151,54.217862762934736,9.447905200779013,10.731874137768735,0.005317412341927595,35.36649192372705,9.027007442009038,1.4925632348841196,1.1706888548456418,0.021764046494828094,-0.4430852962627021,0.038922544358389016,0.07093152182635863,-0.15899259412019778,0.027200771850854243,0.01472855855728857,0.0369092974858591,0.018273609669830448,1.0,3.2835342628883204,36.0,3.076,1000.0,500.0,500.0,1083.0,1083.0,1083.0,0.0,3.0,146205.0
52.03864650494418,54.39817160793243,9.328886448879654,10.602921484024252,0.02392553218225843,35.4690679951905,9.13110198821658,1.597689387777729,1.248247045623438,0.05837914877001263,-0.30891805140034173,0.05443631490988154,-0.1474905088873324,-0.158839213664897,-0.04286092153635699,0.008746680516954465,-0.024734330985358318,-0.01347410659927086,1.0,3.4152731754873344,37.0,3.042,1000.0,500.0,500.0,1049.0,1049.0,1049.0,0.0,3.0,147254.0
52.97119920541578,54.483765598475856,9.316825567325536,10.720125613215329,0.004213512731666262,35.87989867481493,9.321413377427712,1.3295804337806085,1.071991987221563,-0.020430761171483413,-0.22252858589716693,-0.10572661003527221,0.06969711665080931,-0.134189892931099,0.013512338179442022,0.003496906784806357,-0.13153440457584906,-0.04071996861315121,1.0,3.439485563930193,38.0,3.116,1000.0,500.0,500.0,1114.0,1114.0,1114.0,0.0,3.0,148368.0
52.57202042552577,54.63609698906866,9.667832981762597,10.610132828893605,0.04674963908775467,34.998266567424984,9.516190794424638,1.3443583678513058,1.1566618856190238,0.037158951403561374,-0.3094757968623812,0.023933235300650994,0.10839383169503178,-0.20273486204987956,-0.1117575095307899,-0.01190091164311799,-0.045231647022176504,-0.025519424358195916,1.0,3.503778394686649,39.0,2.998,1000.0,500.0,500.0,1046.0,1046.0,1046.0,0.0,3.0,149414.0
53.044153000337324,54.5591625880665,9.358727566392917,10.521134313660308,-0.061638666883150055,34.471843777930765,9.436245173536626,1.3698803184623485,1.1977126186736222,0.0445643283297318,-0.31136952104627663,0.10842208767145202,-0.16518199931939453,-0.1258780377499922,0.07629404441615575,-0.03251702868634198,0.023192967870905724,-0.02762667905017661,1.0,3.393624032585287,40.0,3.054,1000.0,500.0,500.0,1078.0,1078.0,1078.0,0.0,3.0,150492.0
52.988510969420595,55.22815288885085,9.296309566448434,10.757573981235756,-0.05081310818893057,34.55954676218133,9.397730299130044,1.5569146537393785,1.17610757881475,0.08474679080108917,-0.3029124445500665,0.017908640394597258,-0.06130713531193175,-0.15032613644629353,0.029291094209345524,0.02923475512839998,-0.11556198602077815,0.005737058393948745,1.0,3.4956945358696023,41.0,2.96,1000.0,500.0,500.0,1137.0,1137.0,1137.0,0.0,3.0,151629.0
52.24881364566549,54.4507699406368,9.284958950078417,10.853864918624653,0.005618830065812024,35.48688561627095,9.265507451033908,1.491953508405997,1.1225916491348515,0.031625223767229226,-0.2590662855751093,0.028891487441351484,-0.04034145111705609,-0.12851128676813262,0.0785051004696844,-0.022822677963751144,-0.1231293097015033,0.05414119840671518,1.0,3.384782605195226,42.0,2.862,1000.0,500.0,500.0,1086.0,1086.0,1086.0,0.0,3.0,152715.0
52.308297028315465,54.71255879337169,9.565270374331229,10.583207046049948,-0.005130969654029874,35.052799778919244,9.309786436458655,1.7045018177663382,1.108542103564507,-0.01709934346929244,-0.3011784300580542,-0.014334682484013192,0.1879666125492602,-0.17847632892303406,-0.10037064371537772,0.09565430428510246,-0.10416661510466081,0.03660649068640581,1.0,3.4360946063396978,43.0,2.982,1000.0,500.0,500.0,1099.0,1099.0,1099.0,0.0,3.0,153814.0
52.24371745887332,54.060952618834996,9.523662437811257,10.392549506994456,-0.028798988894027197,34.446042963587104,9.099577566819459,1.4838882921589682,1.189859746260943,0.014654258485617643,-0.353791378452083,0.002687065186104737,-0.06437775379636153,-0.16862527865976365,0.03626551228557253,0.007980767694501546,-0.0709711832144351,-0.02040473999230605,1.0,3.4612692974593675,44.0,3.098,1000.0,500.0,500.0,1064.0,1064.0,1064.0,0.0,3.0,154878.0
52.78044718858271,54.23587171240516,9.45954148488461,10.610203092152933,-0.024272618482057046,34.42377498289465,9.359886629990362,1.7287184058983684,1.1851713577398209,0.026599162959541376,-0.39079257709148146,0.13598856085161692,-0.11711913653189245,-0.2367634154067054,0.13183693082302803,-0.01914416745202594,-0.0345880834621147,-0.07083905327957336,1.0,3.608753071369854,45.0,2.994,1000.0,500.0,500.0,1078.0,1078.0,1078.0,0.0,3.0,155956.0
52.349791867165145,53.11099942699839,9.561861908381976,11.130804618679926,-0.06960576776123496,34.48635844228751,9.698567120903704,1.4447657311411577,1.193896615709624,-0.035728634684167315,-0.35684697659497583,-0.05846538975103047,0.006261075857984705,-0.13254091073957713,-0.04424861206620753,-0.04122541919996375,-0.0456682432967129,0.01869362030914978,1.0,3.546138405755213,46.0,3.07,1000.0,500.0,500.0,1113.0,1113.0,1113.0,0.0,3.0,157069.0
52.61051711301134,53.5309497497065,9.505085633464445,10.768026168384333,0.06128294607922746,33.28054364604675,9.486230048642328,1.511978149414062,1.2347994921872452,0.00600958029373672,-0.2733229087821278,0.07260027880323831,0.05491954171358075,-0.10988932983749157,-0.24617137560798552,-0.02331459572089171,-0.07448957269654591,-0.05220822212665217,1.0,3.4881194257908046,47.0,3.04,1000.0,500.0,500.0,1024.0,1024.0,1024.0,0.0,3.0,158093.0
53.25540018000743,53.0731149904182,9.877671351077973,10.78008999360229,0.0440345550708756,33.02891756061207,9.728896130829234,1.45421157162477,1.089889654698711,-0.1294233885085947,-0.24059553053332114,-0.06421248196319665,-0.03796474082513082,-0.18601619332984287,0.0852397685137076,0.06356267713400529,-0.03942529256865062,-0.007172707488817374,1.0,3.5175957699297933,48.0,3.216,1000.0,500.0,500.0,1078.0,1078.0,1078.0,0.0,3.0,159171.0
53.13713795989495,52.89106271651329,9.913019552118314,10.986168485909317,0.05357838075775367,32.28395457652816,9.591896173159236,1.591555077071534,1.1555350477926034,-0.06244608489112331,-0.3142887034957041,0.014216629693630875,-0.015874005563338366,-0.21315380922820712,0.022664634183107584,0.04261109609283992,0.05239166699643574,-0.10841318283570558,1.0,3.6776405506438787,49.0,3.058,1000.0,500.0,500.0,1054.0,1054.0,1054.0,0.0,3.0,160225.0
53.00664409915208,53.45437234895127,9.766381565017882,10.550866312917117,-0.12136124678331031,31.484364858704886,10.129413846123786,1.4788191108393751,1.20040648773336,0.010921343104093,-0.2792664288512463,0.12143590495772226,-0.04015875771216102,-0.14706740191971085,-0.09522254301147808,0.037695999609082244,-0.08769689703864475,0.05361159364881787,1.0,3.7236356109139925,50.0,3.166,1000.0,500.0,500.0,1070.0,1070.0,1070.0,0.0,3.0,161295.0
49.64995089281386,49.64174116005073,10.195611292376544,10.266262501476392,-0.0328582462648929,50.56794023718742,10.04543542482553,1.6786875650364197,1.2633057958217582,-0.12423627486676146,-0.3952276807197329,-0.06804736229069402,-0.13334202760996897,-0.11644885147399399,0.006120100265876028,-0.01100570082232118,-0.06616084094703356,0.07452699810714661,1.0,4.07,1.0,3.208,1000.0,500.0,500.0,992.0,992.0,992.0,0.0,4.0,162287.0
50.042735220786405,50.249728084934866,9.834687253020638,10.205735247331102,0.08397280951329421,50.22867051346735,9.786053077259412,1.6299177486285958,1.1893984913545546,-0.13706757349326593,-0.31509627461137185,-0.04346568087199001,-0.003052469154613847,-0.26092858526557655,-0.06897570218785695,0.034993201111451724,-0.07373471270921024,-0.014993695802840433,1.0,3.9898597720623377,2.0,3.302,1000.0,500.0,500.0,1031.0,1031.0,1031.0,0.0,4.0,163318.0
49.76589746170637,51.28565452165282,9.634275626831807,10.306646867302614,-0.04837631168390388,49.13217828618716,10.178011635406467,1.7697784086742636,1.0649939001289237,-0.018891212669770993,-0.2450797675441336,0.004745327752402344,-0.09107982508864727,-0.29859668320921173,0.19755012538241395,0.0013911115934535341,-0.041070938405086396,0.04344501213342559,1.0,3.8788081962543797,3.0,3.302,1000.0,500.0,500.0,1051.0,1051.0,1051.0,0.0,4.0,164369.0
49.69730677585784,51.15723873512128,9.506951083656439,10.060614796337516,0.05036350562260342,48.945177001311755,9.543137021462655,1.8903159010513602,1.1864998649933525,-0.08537723393021127,-0.3992854611131187,0.036279676214825606,0.041963036361064195,-0.2852473552080793,-0.0098621894248356,0.04379650406208231,-0.051042969664201576,0.0673845221311187,1.0,3.9675859546343784,4.0,3.27,1000.0,500.0,500.0,1027.0,1027.0,1027.0,0.0,4.0,165396.0
49.36006331997934,50.93201322553058,9.513921680005748,9.587836724230952,-0.02212864651855809,47.812309493272984,9.602447094376096,1.4370807314615321,1.2589855669717547,-0.0016780250773158817,-0.5014618747718061,0.13833561384132992,0.09017163537437799,-0.11034623208403593,-0.10179481217538398,0.0006164615777976643,-0.06066891492467869,0.023788949005663893,1.0,3.865746602468042,5.0,3.296,1000.0,500.0,500.0,974.0,974.0,974.0,0.0,4.0,166370.0
49.98858338584566,51.56014030028698,9.73484694421367,10.153487757152545,0.004619790923446944,47.830856762219106,9.76763573135922,1.6272733395913848,1.1296876476060642,-0.06124407663808235,-0.33035847054657863,-0.03823005656107595,0.009571937197944644,-0.15656474633464582,0.061999972604074784,-0.01746639477498738,-0.08162553979808988,0.008974044517409316,1.0,3.8153804676840593,6.0,3.156,1000.0,500.0,500.0,1083.0,1083.0,1083.0,0.0,4.0,167453.0
50.645653658335256,50.58001061037196,9.59366202791955,10.202175468446216,-0.01917685366754994,47.251944789569805,9.409864881637532,1.8924942016601547,1.2277740146309837,-0.0834012552073276,-0.41703920082376084,0.09448215297256934,0.07311004219800164,-0.23979801704500803,-0.10000726143933872,-0.03344967880920741,-0.09653402479711362,-0.10007449262490684,1.0,3.6747217117955593,7.0,3.17,1000.0,500.0,500.0,1024.0,1024.0,1024.0,0.0,4.0,168477.0
50.05546205453366,50.17195684110393,9.662053044035195,10.459351658785621,-0.04563582489516712,47.12719138692999,9.817855808487499,1.767617738393313,1.294715653798784,-0.0896484479814718,-0.386288981882644,0.013150984136870271,-0.04854684742596062,-0.21863746967426562,-0.14534630553030056,0.0013598021958893484,-0.085483617040685,-0.0380140199752904,1.0,3.5893973295838877,8.0,3.172,1000.0,500.0,500.0,1007.0,1007.0,1007.0,0.0,4.0,169484.0
50.14485901402949,49.759231097235265,9.607825901568903,10.393961348163952,0.014389624201556176,46.247511175878685,9.60924654142608,1.6302194470025373,1.1010280737689364,-0.13868184605556566,-0.31089541744468874,0.028671889035005452,0.11937666420461485,-0.2335118211673286,-0.009945700921305837,0.05065057761790999,-0.0014257405366311373,-0.04727810205502848,1.0,3.5613043565071063,9.0,3.168,1000.0,500.0,500.0,1055.0,1055.0,1055.0,0.0,4.0,170539.0
49.691434037289,50.37580625371356,9.181000984252101,10.12866441001697,0.0069230796100903085,46.17854214782185,9.58647061339713,1.5990915152832472,1.153551877960395,-0.055689270771471566,-0.21773253735957002,-0.09801202017345055,-0.10288374998047516,-0.32049946873829993,0.011815036426086944,-0.003292386792888738,-0.058348074074525164,0.018801655613055173,1.0,3.577178484544847,10.0,3.236,1000.0,500.0,500.0,1042.0,1042.0,1042.0,0.0,4.0,171581.0
49.64329253592492,50.26483289217947,9.106216490554228,9.849042358294238,-0.0031887550510267307,44.86532283014606,9.540016009015076,1.700408629289104,1.2575729512305884,-0.08982227123486601,-0.4208024833307249,-0.036811534244316074,-0.024940461109120855,-0.19578345445991038,-0.07693018908095872,-0.07913929584480144,-0.06666847504748512,-0.021842356196550478,1.0,3.439580181932464,11.0,3.158,1000.0,500.0,500.0,1032.0,1032.0,1032.0,0.0,4.0,172613.0
50.13965112513835,50.44565937515585,9.377873198976333,10.295318811498872,0.009117399295327212,45.629141502370636,9.34429624562337,1.7296190815236732,1.307251727535933,-0.004649094015226654,-0.44649076527242504,-0.09064506286920193,-0.12827823950198933,-0.17870895247805701,-0.06034361191404284,0.05429251626430097,-0.10773931969900011,-0.0652116422448866,1.0,3.530353387053003,12.0,3.102,1000.0,500.0,500.0,1060.0,1060.0,1060.0,0.0,4.0,173673.0
50.07733843861758,50.62809216294365,9.629884974672596,10.243048292290243,-0.037962000166404185,44.82900102589793,9.346950241262197,1.5861048301831187,1.138705190625799,-0.0694827938057497,-0.37147891263899263,0.019017710599734665,0.05728736141366707,-0.17453836389722596,0.024594467013286398,-0.07427546255656063,-0.07869782879174257,0.034327652660097734,1.0,3.6151103326593446,13.0,3.092,1000.0,500.0,500.0,1099.0,1099.0,1099.0,0.0,4.0,174772.0
48.872982893917175,50.783787982574026,9.839179091935561,10.816321054162914,-0.0002711888414719167,44.84579961488471,9.545888594004595,1.8489539605356886,1.2352907528067687,0.04625757037425717,-0.3998970138843159,-0.016065387230910017,-0.11123893017147157,-0.13427244322305312,0.03604799559946566,0.03757401849785743,-0.10841357639617745,-0.026680882736601203,1.0,3.61546472238819,14.0,3.042,1000.0,500.0,500.0,1093.0,1093.0,1093.0,0.0,4.0,175865.0
49.236306935073,51.361157401559,9.699362972596392,11.292317954809027,-0.016200612065395577,43.84295077734579,9.471442831945344,1.4382017101232034,1.2040942930356444,0.06596266467114391,-0.34110051357199417,-0.10173523206478027,-0.03675341690057996,-0.1755446665242262,-0.03524438650929175,0.04082713169624247,-0.09071174176799063,0.05627341882126663,1.0,3.699183242838688,15.0,3.038,1000.0,500.0,500.0,1053.0,1053.0,1053.0,0.0,4.0,176918.0
49.54203426938942,51.23881989223614,10.140939966104707,10.810535915037397,0.034202376603110825,43.077906337067155,10.20989617257078,1.5951646090534974,1.3108524220627198,-0.004088523263580178,-0.4103744958960627,0.04152501062925974,-0.14322805067963817,-0.20337037089534704,-0.07856340983364941,-0.010125701869918567,-0.10032030982939823,-0.03208237414590037,1.0,3.671687180311502,16.0,3.12,1000.0,500.0,500.0,1080.0,1080.0,1080.0,0.0,4.0,177998.0
49.34142811689562,51.85166957430772,10.118267369992084,10.374991696453888,0.035070215046062114,42.76119427403371,10.09207274899721,1.560065420503714,1.174549613785434,0.10509896289633697,-0.288645300904695,0.10323591739660505,-0.07477351702945481,-0.1652096633957324,-0.002879471925000929,0.03783824581796499,-0.10995561191246593,0.010727659214890219,1.0,3.428643787999099,17.0,3.066,1000.0,500.0,500.0,1071.0,1071.0,1071.0,0.0,4.0,179069.0
49.97815694774687,52.54109791557103,9.925480607823188,10.856897259056836,-0.02382023410811768,42.458836707014115,9.956352307883128,1.5639636788033544,1.1693217444923982,0.03830592226338107,-0.2879357247827213,-0.014238713103175045,-0.119105711412076,-0.24826584698093784,0.06513425113916925,-0.006797186227688463,-0.043801453678118794,0.037432233952897624,1.0,3.3998802632312684,18.0,3.124,1000.0,500.0,500.0,1087.0,1087.0,1087.0,0.0,4.0,180156.0
50.14768371931957,52.51484555089284,9.593054869117806,11.219720974808737,0.036457532547992874,42.4062096730371,10.043261821356504,1.696504985565405,1.3055497972443797,0.05571442946854686,-0.4772888286817772,-0.02250548172753568,-0.058294883326690514,-0.12123588825339704,-0.08504776358659148,-0.04257860976017008,-0.11309875903701098,-0.020776849950119303,1.0,3.331282977459495,19.0,3.172,1000.0,500.0,500.0,1105.0,1105.0,1105.0,0.0,4.0,181261.0
49.81807229084691,52.18031870320511,9.451538351652488,10.745231270605016,-0.03210632579860626,43.22991903907893,9.752829333066455,1.5465277540996993,1.1800332977587618,0.07042718785336613,-0.36772565429148624,0.0352255661419179,0.037814613689506005,-0.2230584113574979,-0.034695261931903046,0.09083821960482896,-0.07854587983472124,0.047402918070202756,1.0,3.3720417739365156,20.0,3.022,1000.0,500.0,500.0,1123.0,1123.0,1123.0,0.0,4.0,182384.0
50.32133173692486,51.87428731677733,9.437215829391556,11.136524312236379,-0.03338091383761805,42.40469370789505,9.79119396607215,1.5717488213152457,1.2606029177916414,-0.066011723908939,-0.3673137490351175,0.06595809112887296,-0.028528419464802193,-0.13371538790932347,-0.12827614600043252,-0.03632617541882268,0.002694770900838842,-0.0006015175828762076,1.0,3.3834196405218626,21.0,3.098,1000.0,500.0,500.0,1116.0,1116.0,1116.0,0.0,4.0,183500.0
50.12332754679754,51.88356237092151,9.534613255826338,10.699577206164983,-0.0600887932931295,42.27741092683523,9.401473579590403,1.5868561794336724,1.1838921291954771,-0.009694051648591526,-0.28227719671791335,-0.07927532380099325,0.02120185642499516,-0.25745993220755475,-0.0987767616501219,-0.02277562798624496,0.08359315791339612,-0.034858851933851485,1.0,3.434332676671306,22.0,3.112,1000.0,500.0,500.0,1076.0,1076.0,1076.0,0.0,4.0,184576.0
50.23120832803146,51.92012879081674,9.681620921430257,10.195653090248827,-0.038575326103121414,41.127468012180834,9.293271761458456,1.5519037254791106,1.2012227247455867,-0.009037922614111639,-0.2644066659520372,-0.001702625806517168,-0.04873193677668151,-0.15676142678211563,-0.09305152682942262,-0.022144305815211002,0.021796871982554568,0.04184316030650371,1.0,3.5592053010769713,23.0,3.104,1000.0,500.0,500.0,1064.0,1064.0,1064.0,0.0,4.0,185640.0
50.32443993157608,51.85709184640239,9.543124129625957,10.86021404097299,0.027608837366014403,40.80663923472849,9.405575033803926,1.4128777421478476,1.2510480463503273,-0.006919077742491293,-0.3216011029898663,0.0081297409649063,-0.03216711958203346,-0.13869948091019835,-0.15974817171066577,0.04197709573032559,-0.0739478976337697,0.003662991227909423,1.0,3.6265049679040664,24.0,3.142,1000.0,500.0,500.0,1085.0,1085.0,1085.0,0.0,4.0,186725.0
50.0217919504265,52.11733917309763,9.478482859389533,11.19046138477135,-0.039215354764417204,40.69538678651756,9.212739361342582,1.610309852986552,1.2749520224921467,0.07860036319212785,-0.3106030279271303,-0.017718668573436923,-0.16675531324388973,-0.1026072794792431,-0.08394851334008148,-0.08502189518000232,-0.11437738419434322,0.022133618427865546,1.0,3.688859578371172,25.0,3.07,1000.0,500.0,500.0,1098.0,1098.0,1098.0,0.0,4.0,187823.0
50.19513245710845,52.436952151197225,9.461540439110749,10.967840287375502,-0.03902649379533616,40.219498101006295,9.382396750351194,1.4620103212102231,1.2022993596392517,0.035579577961584515,-0.22723237607038274,0.10596469120046006,-0.15412526405984633,-0.24160015151266803,-0.03268747184180924,-0.040723518840622065,-0.11124343585378058,-0.042637786266162624,1.0,3.7104626946521027,26.0,3.02,1000.0,500.0,500.0,1084.0,1084.0,1084.0,0.0,4.0,188907.0
50.48117143824936,51.31396917642886,9.637706386963284,10.550248531855978,-0.09991510003148076,39.47875722223671,9.31680885686304,1.816838732645069,1.3169023041034016,-0.024410719593613114,-0.3960070624906523,0.022520732193098015,-0.0982423045712818,-0.15114644049347722,-0.15882502542536708,-0.08724754141413422,-0.049812664848447284,-0.05836883677721551,1.0,3.756089110027322,27.0,3.136,1000.0,500.0,500.0,1060.0,1060.0,1060.0,0.0,4.0,189967.0
50.02458627382086,50.94585996328136,9.652768637232628,10.507212605890071,-0.041145766817697174,39.0622264542885,9.24230659657183,1.4850796019110803,1.0555218764547727,-0.03384120314650953,-0.2700816177289681,0.011242456323541618,0.127170037680198,-0.09341873048605413,0.033028142868246145,0.03750537470030429,-0.030716751985218026,-0.0960288837811787,1.0,3.5320823543359086,28.0,3.094,1000.0,500.0,500.0,1004.0,1004.0,1004.0,0.0,4.0,190971.0
50.33893471176854,51.64328423335669,9.406709982806735,10.700158013511619,-0.035146529717069205,38.79102385876206,9.056451018745891,1.4720127702497123,1.218504540961565,-0.11434717487582517,-0.2930965649022977,-0.08678656229388693,-0.028705983114609025,-0.10802870706934645,-0.13046267808139042,-0.14378932049512905,-0.030071436368453587,-0.10664722920131332,1.0,3.580554082757965,29.0,3.062,1000.0,500.0,500.0,1071.0,1071.0,1071.0,0.0,4.0,192042.0
50.39250419814783,51.26533401531906,9.89545387315624,10.720715021769385,0.04123053877701554,38.79765219321847,9.121608655839472,1.7326834873382913,1.2059021402640187,-0.02287174176398729,-0.3974305456414757,0.03759860194112023,0.002628679036385061,-0.23695824570758103,-0.02244006522021459,0.05281242101440432,0.012684959753493714,0.032733009570798964,1.0,3.5925961828131783,30.0,3.038,1000.0,500.0,500.0,1071.0,1071.0,1071.0,0.0,4.0,193113.0
50.61562414742034,51.46908075830686,9.971134538440191,10.80711330273679,-0.02309268786152943,38.121837960870494,9.363030367501512,1.6177009906080007,1.111044191422291,-0.03962534096345096,-0.3343261881235052,-0.05135937967603473,0.17035251890155692,-0.06107805629779097,-0.047555996833503665,0.00826286018404358,0.09149141024847936,-0.04289124373358388,1.0,3.468198972443838,31.0,3.168,1000.0,500.0,500.0,1023.0,1023.0,1023.0,0.0,4.0,194136.0
50.432458066655336,51.3758363323181,9.16749620062241,10.954502641832336,0.0490490446317169,38.72814677439528,9.505337339641791,1.6241905744406575,1.2146194706784885,0.02475183531449608,-0.2830297786735181,-0.037203100434756255,-0.1270840008908905,-0.15800765870824046,-0.024293255886200966,-0.029639322377914955,-0.05912740050990918,0.03188861433493172,1.0,3.43057214412406,32.0,3.07,1000.0,500.0,500.0,1099.0,1099.0,1099.0,0.0,4.0,195235.0
50.53069852496962,50.7424910396467,9.19514412064386,11.18419441462071,-0.018212206855268576,38.5868187732839,9.14930839006117,1.5022754323321428,1.1819286519033252,-0.01845960732739128,-0.32122071349879455,0.029303658266870414,-0.021976042064351962,-0.05398255697816127,-0.030183430390154718,0.07144641667625007,-0.0474627240829636,0.034150722061240486,1.0,3.3460451760454792,33.0,2.932,1000.0,500.0,500.0,1035.0,1035.0,1035.0,0.0,4.0,196270.0
50.281823597057965,51.065450038548136,9.390473971336089,10.95752024321044,-0.023932728619914176,38.21189357341849,9.7172831059248,1.4981871282028538,1.1350476041925437,-0.061021713481967166,-0.19224567254988736,0.03467690308133825,0.007054266722006882,-0.18041420826142898,-0.07866324866127594,0.0652029614305679,-0.007787504871427753,0.1040954245779965,1.0,3.259084960926092,34.0,2.894,1000.0,500.0,500.0,1051.0,1051.0,1051.0,0.0,4.0,197321.0
49.997224617719034,51.222102220400274,9.5028163339803,11.016007644963777,-0.10504425564089623,38.01926690719235,9.330417422820203,1.5872227472903129,1.1250030669011597,-0.03864297245947453,-0.23851322285398674,-0.015090757434854217,-0.08652827138843397,-0.20049636822561173,0.049304371772574074,-0.01801763169226612,-0.05739438879034932,0.0017432280344691488,1.0,3.2306287530486344,35.0,2.922,1000.0,500.0,500.0,1115.0,1115.0,1115.0,0.0,4.0,198436.0
49.936161873043226,51.26860368798938,9.190188268382622,11.153662002210037,-0.00029488949637789994,37.366938985116285,9.49774222789852,1.6039597878831304,1.1493606048202547,-0.018599438065561663,-0.20626217752315937,-0.0679025539733891,0.0018635453125636053,-0.07556485156578766,-0.11656162217471071,0.07806065536311815,-0.09542231668902156,-0.08830874344322243,1.0,3.2551451575718287,36.0,2.942,1000.0,500.0,500.0,1105.0,1105.0,1105.0,0.0,4.0,199541.0
49.41961083114642,51.22985757172945,9.390340834536161,11.299745452426915,-0.04812177902037559,36.66936206400834,8.804878832915561,1.505444782303142,1.0594014199548984,0.0753051848186758,-0.3062537835815367,0.07358882700495652,0.13513676235879296,-0.05569577646034687,0.05199478044043771,-0.056233744580733436,-0.00966125029053361,0.09177720705793276,1.0,3.1322853086959186,37.0,2.902,1000.0,500.0,500.0,1003.0,1003.0,1003.0,0.0,4.0,200544.0
50.12842444940873,50.53896191626944,9.57760922156985,11.246228115986526,-0.01576383361804796,36.655971798476514,9.268270215702456,1.7458642145724048,1.29953577414523,-0.010202004288488773,-0.4102829111875941,0.12855796506514347,-0.027797314696823373,-0.2136699006352519,-0.16408660349931248,-0.0529145527268617,-0.08642104014806525,-0.01827931816237569,1.0,3.1841866687946383,38.0,2.782,1000.0,500.0,500.0,1085.0,1085.0,1085.0,0.0,4.0,201629.0
49.79291394886497,50.80937116865661,9.90025366770629,11.143429571742896,-0.014728308032215157,36.39486439516271,9.018308802738641,1.5302256981505562,1.22340878308931,0.008360609835933301,-0.30757588718687534,-0.13408053964581024,-0.06593008749785054,-0.11587462004347734,-0.07307742321876769,0.01021058133410624,0.0054349797875170285,0.03505916827209303,1.0,3.210112250460738,39.0,2.858,1000.0,500.0,500.0,1135.0,1135.0,1135.0,0.0,4.0,202764.0
50.359001978201974,50.64413114808004,9.560374104570663,10.591284004732977,0.04428321341290509,35.95563114289507,8.628824807220829,1.508795067966803,1.223985926330657,-0.07376199604748297,-0.3893484928025401,-0.023041953192826727,-0.04816252249855632,-0.19807197905239135,-0.02546773794117323,-0.09274879121514926,-0.023447305079500075,0.1185754429750116,1.0,3.247550418481882,40.0,2.922,1000.0,500.0,500.0,1138.0,1138.0,1138.0,0.0,4.0,203902.0
50.55934110814702,50.04564404383601,9.469309164842683,10.565686803123704,-0.06646057113292658,35.4163466423846,9.150033183381282,1.5451891281422383,1.2156112780962662,-0.11826820275064014,-0.3354939027262758,0.0029262074932877792,-0.095886022432484,-0.06642182596319367,-0.013857697548778934,0.06215628149072151,-0.09227125207136533,-0.06622630855807413,1.0,3.320274748939693,41.0,2.85,1000.0,500.0,500.0,1103.0,1103.0,1103.0,0.0,4.0,205005.0
50.46757665171229,49.68564236045023,9.215292929285134,10.6558071513959,0.04766462205598937,35.3009063338778,9.070413371499082,1.6320163518339654,1.1877256884143563,-0.10852611592346664,-0.30116387213364865,-0.04197251696003507,-0.06266513096792607,-0.15217714339086386,-0.03128069562558916,0.03248138182648248,-0.004196188699757032,-0.07548259277037273,1.0,3.283897300255257,42.0,2.784,1000.0,500.0,500.0,1055.0,1055.0,1055.0,0.0,4.0,206060.0
50.19690637970586,49.927485347267535,9.11102917660901,10.586429443745859,-0.05458000002311903,35.32781935279446,9.204812388734378,1.6575420538594041,1.1694546666589793,-0.011818876833631291,-0.2807929951903299,0.02515857758981344,-0.10064826780179816,-0.16489520472085295,0.03419289704070051,-0.09495585674790999,-0.11940592360997151,-0.009897394975792268,1.0,3.276299155143651,43.0,2.828,1000.0,500.0,500.0,1081.0,1081.0,1081.0,0.0,4.0,207141.0
49.46095851028767,50.33799522151827,9.141085823495969,11.213304029572063,0.05921487493318055,35.73135411009201,9.035297437590929,1.6702682458024758,1.1340553532635784,-0.010304253244513157,-0.41719143416444054,-0.06885738867843842,0.1549563440566348,-0.04645930165262417,-0.013784239309204348,0.005994998836072156,0.004296950124957343,0.038993004020056996,1.0,3.374970571968388,44.0,2.956,1000.0,500.0,500.0,1064.0,1064.0,1064.0,0.0,4.0,208205.0
49.57281375877199,50.6152071655548,9.250795331470268,11.513159628170357,0.013717089668154655,35.82754223561878,9.375816838672854,1.5478458049886623,1.17951878736903,-0.03593249852275797,-0.14956256843474702,0.050931389886681507,-0.05722973072208372,-0.21108550114093022,-0.15492552514210622,0.05905508084683185,0.0062877142418065095,0.04668662590935226,1.0,3.1941379870301647,45.0,3.056,1000.0,500.0,500.0,1050.0,1050.0,1050.0,0.0,4.0,209255.0
49.08333806283075,49.86522305752082,8.917597380695227,10.607613485798758,-0.04654538477966847,34.97205742243177,9.463856337685911,1.6647994515543894,1.2422451206953802,-0.03401876608948693,-0.375535552389986,0.06542449202724324,-0.02702920368383302,-0.046078996469365946,-0.07656801630637551,0.027637023804683677,0.003166512136559677,0.03240333977824301,1.0,3.1305373082405294,46.0,2.982,1000.0,500.0,500.0,1093.0,1093.0,1093.0,0.0,4.0,210348.0
49.18010222401292,48.62965448525801,9.332886961885915,11.115483693593577,-0.0574306826094352,35.22668290146143,9.207699662622263,1.5489021326690429,1.1060012205539071,-0.08257082383070384,-0.3762445192850979,0.01892235788746199,0.1326256714495192,-0.17662954160376235,0.02229100475001169,0.083507974762453,-0.1129073622814749,-0.10026433776859889,1.0,3.216771359676181,47.0,2.928,1000.0,500.0,500.0,1023.0,1023.0,1023.0,0.0,4.0,211371.0
49.44384720376466,48.69838398739555,8.607429070716353,11.054348661835052,0.03353230596783924,34.74865848699411,8.806742907576037,1.5817478764921948,1.1440984268460652,-0.14351299079530197,-0.17508835366594186,0.02269159467260112,-0.0015066031845221966,-0.1364912278191737,-0.11733752197482562,-0.007126688760085607,-0.010219304755046047,0.05786051108673688,1.0,3.1960280177983504,48.0,2.948,1000.0,500.0,500.0,1056.0,1056.0,1056.0,0.0,4.0,212427.0
49.39044906449488,49.32154265446287,8.95323337696874,10.988107354147715,-0.08826657021487706,34.2154205827621,8.955558668281556,1.6213438040657437,1.2188642997797745,-0.1461831639473872,-0.23740437753326576,0.015037464536251436,-0.028467570283991887,-0.16382200652883194,-0.16325922326630238,0.046596751621237525,-0.01596011574269878,-0.08698064152092687,1.0,3.2302857658678916,49.0,2.854,1000.0,500.0,500.0,1088.0,1088.0,1088.0,0.0,4.0,213515.0
49.21283352653059,49.32617115565684,8.960514984702444,10.592893798651355,-0.0006531271166242832,33.76603595994402,9.029961580940455,1.5987263128819786,1.1603308089915554,0.0019513805632046556,-0.298401700436028,0.03511314493682355,0.036721756904223996,-0.07676195907830252,-0.0929390628524983,-0.00459380803301312,-0.054936729442317714,-0.08379260578119098,1.0,3.2902559470235806,50.0,2.886,1000.0,500.0,500.0,1014.0,1014.0,1014.0,0.0,4.0,214529.0
51.01612616104851,49.7894773143937,9.804474660890502,10.421663847695926,0.012685929167507931,50.754822244114834,10.105481193465478,1.5363602191733283,1.0843253772489005,-0.20789519189998534,-0.13407297216026198,-0.07696107525435686,0.02838556246858808,-0.26236357726273196,-0.06052397464792475,-0.054414049856631154,-0.05251879985410591,0.07470601618842142,1.0,4.104,1.0,3.338,1000.0,500.0,500.0,1052.0,1052.0,1052.0,0.0,5.0,215581.0
50.74739955182194,49.680811087403356,9.969355029239855,10.22380457785065,0.002260138773903466,50.39168485868872,10.247852269632238,1.7311390532544377,1.225914088009474,-0.2211795749269672,-0.3980269345436753,-0.010172010448357463,-0.006736477930358448,-0.2581789982852096,-0.04783860453389444,-0.04052350776495458,0.07998374743467887,0.05117466903599564,1.0,3.9543184934842412,2.0,3.394,1000.0,500.0,500.0,1040.0,1040.0,1040.0,0.0,5.0,216621.0
49.92432642789858,50.163408167715616,9.522401184739515,9.94865385221016,-0.0032101953548642034,49.73114954113677,10.201396479848102,1.6068358856460871,1.1651150143850098,-0.12579586241078308,-0.3285830465535139,0.08892860323630938,-0.033677833589906184,-0.2652154512069268,0.042939018727949266,0.00754476824894775,0.04510032616622988,-0.01414748060186456,1.0,4.001834452312126,3.0,3.318,1000.0,500.0,500.0,1103.0,1103.0,1103.0,0.0,5.0,217724.0
49.34761020981787,50.04679811677164,9.643294152451286,9.252677345190243,-0.005317054014924844,48.89497633055323,10.637582626201073,1.6206005856205226,1.2620437273306822,-0.04755273801399831,-0.36844528745212585,-0.014438776873626548,-0.1099016280305329,-0.28362344300942527,-0.06077626336457265,0.019928720245046192,-0.09401836251146203,-0.0690568318868754,1.0,4.0250134928233,4.0,3.308,1000.0,500.0,500.0,1082.0,1082.0,1082.0,0.0,5.0,218806.0
49.25741486520044,49.83195122602659,9.174035827747154,9.824687354957426,-0.03094444464066889,48.26629914074288,10.049019195621696,1.732060080133481,1.1835443140675799,-0.11843593923254356,-0.3201376515515647,0.08396864664738904,-0.0901026313926301,-0.1849642571105557,0.03148911118841592,0.0068335997454182,-0.055809887774646315,-0.02219710956634509,1.0,4.051668321060964,5.0,3.474,1000.0,500.0,500.0,1073.0,1073.0,1073.0,0.0,5.0,219879.0
48.40832020320851,49.88835767377542,9.601614421015075,10.302225570393707,-0.056309770105717395,47.71278164668314,9.88743638708645,1.4238552532094633,1.1682639985796235,-0.02095133445835802,-0.40233102002803645,-0.02587054352413622,0.18455038978936153,-0.14602567770431502,-0.13542109828726853,0.033099899994680736,-0.11220463339855931,-0.07604088972504221,1.0,3.815858601728198,6.0,3.26,1000.0,500.0,500.0,1077.0,1077.0,1077.0,0.0,5.0,220956.0
48.150649852355485,50.52773021035674,9.494395963921885,10.448210083468924,-0.030887443147449557,46.902019791160534,10.135867556595281,1.7580843196065232,1.2198571503143556,-0.0468521092652546,-0.4268641668926441,-0.03399669807678665,-0.05838008953491628,-0.3001210360697969,0.04368679081668544,0.006114415415229315,-0.03304983083218677,0.09692617742613631,1.0,3.701126349686878,7.0,3.198,1000.0,500.0,500.0,1054.0,1054.0,1054.0,0.0,5.0,222010.0
48.623699251864466,50.74679687007928,9.790964156890901,10.380521748264739,-0.03607375344088518,46.320583661603,9.698555029167396,1.2504866584760919,1.1181098399611593,0.07080775193723365,-0.28313819897416237,0.05218615037190637,0.11336130204366042,-0.15553763847895088,-0.09116755291040168,-0.019592085253018914,-0.0696757451551216,-0.04283039510278007,1.0,3.780796384830409,8.0,3.322,1000.0,500.0,500.0,1102.0,1102.0,1102.0,0.0,5.0,223112.0
48.843336820599,50.65149030798883,9.574679521870102,10.835052476054763,-0.06544764284391293,46.849355244618906,9.371746266082143,1.5661648408057125,1.0959698120334707,-0.03471683261300975,-0.2803937728622952,0.00830596891621699,-0.013686344701676002,-0.20772113648031648,0.1050159788794368,-0.013530473739195449,0.0027874614995107147,-0.07139789718149331,1.0,3.8582174098951416,9.0,3.196,1000.0,500.0,500.0,1073.0,1073.0,1073.0,0.0,5.0,224185.0
48.5673982007812,51.07091233760213,9.789159492219481,10.586283757570744,0.006008138841535082,46.12804417020071,9.06586988866088,1.71638504205461,1.1497129873992304,0.019660650017996318,-0.3674592430239406,-0.01113205383104121,0.13402068355691427,-0.13204631920225776,-0.07264001680900874,-0.0035263306391881163,-0.05602854226500585,0.026633882747200775,1.0,3.9017691027553187,10.0,3.252,1000.0,500.0,500.0,1009.0,1009.0,1009.0,0.0,5.0,225194.0
48.99530508466155,50.39237896713361,9.715163683374547,10.11296529494383,0.009693849349495,45.8201659689625,9.227299026155464,1.4721033557871452,1.208540476691064,-0.052361713572509634,-0.4089696901301528,-0.01818933934188539,0.018348915101832872,-0.10387742636235194,-0.03461283812108766,-0.03397000653112099,-0.048390591989554,-0.003383839234350834,1.0,3.6046612719436295,11.0,3.328,1000.0,500.0,500.0,1105.0,1105.0,1105.0,0.0,5.0,226299.0
48.72822599357066,50.71073776349748,9.131356910916585,10.152163988199218,-0.03084782000592466,45.654691199713504,8.954186768654472,1.5925619834710738,1.1838215982913856,-0.03228826159523254,-0.267238087216813,0.0047681716054534164,-0.02349340037292687,-0.21109262807774123,-0.07444104314929742,0.021480976330908137,0.010546061585542537,-0.006717547318457755,1.0,3.690479057725777,12.0,3.168,1000.0,500.0,500.0,1100.0,1100.0,1100.0,0.0,5.0,227399.0
48.38522846826893,51.20764629497997,9.299459296249701,10.071872827148637,-0.00902229220032128,44.7044150095898,8.965728990986275,1.8376656827801285,1.1774836503089747,0.05486415936917214,-0.4063509457654934,0.004469650507437469,-0.022518156261910643,-0.22487498724431695,0.05837101714382072,0.0274101001596984,-0.05905788004613934,-0.06905891043626668,1.0,3.691721981102996,13.0,3.15,1000.0,500.0,500.0,1072.0,1072.0,1072.0,0.0,5.0,228471.0
48.81873858272484,51.13406833268641,9.344738107296912,9.980071004915619,0.0737084636640875,43.95350212118795,9.791623180435082,1.6628978946738524,1.2905280554588183,0.04224133904265321,-0.3829189882994806,0.04933169683384005,-0.07462498124242568,-0.098942706836784,-0.13617532158215453,0.04950914439110885,-0.018968648234416657,0.0076887944183167195,1.0,3.6523643636054066,14.0,3.182,1000.0,500.0,500.0,1066.0,1066.0,1066.0,0.0,5.0,229537.0
48.874363626329306,50.88032101359817,9.740581863542905,10.153097207567873,0.03645575844895172,44.66987256362659,9.318361680566403,1.5768707482993205,1.2270291827064215,0.015987259361460403,-0.43840498849690834,0.07346629612860386,-0.042026927439737495,-0.19263644426616058,0.006010636189550082,0.0178067179171741,-0.11597465348030861,-0.01584988081729541,1.0,3.736171672843848,15.0,3.198,1000.0,500.0,500.0,1050.0,1050.0,1050.0,0.0,5.0,230587.0
48.17486756467191,51.25235837390072,9.707825202430397,10.322311551902477,0.017125585172921412,44.32836518574094,9.577067748506488,1.4949428008848908,1.1631163495984838,0.08593595255716623,-0.3634921442197417,0.04717098340677388,-0.06622262350070877,-0.12590329739175768,0.09600520630446044,0.050440997354760625,-0.012590474540905106,-0.06225889850279421,1.0,3.7436098295650653,16.0,3.168,1000.0,500.0,500.0,1073.0,1073.0,1073.0,0.0,5.0,231660.0
48.324061079040085,51.287968463928394,9.644724524138017,10.006045508079168,0.09058457441096956,44.08342468857616,9.712560994531739,1.620089768006505,1.2215149339194202,0.05685277917016372,-0.47304906076498476,-0.03133913560629333,-0.01999457511285699,-0.16701232369260097,0.05052313490128973,-0.03410602256929343,-0.03445949132731096,0.05489825553149203,1.0,3.6166895170117748,17.0,3.266,1000.0,500.0,500.0,1038.0,1038.0,1038.0,0.0,5.0,232698.0
48.261563394387416,51.45700408162654,9.406197481657575,9.775406279739391,-0.018106383599321912,43.32532575435398,10.088262779076627,1.6147233127985785,1.2892508883276586,0.0732628484141113,-0.38807491944012773,-0.04353026197983811,-0.03452330759849604,-0.12702755628983997,-0.1644644044320093,-0.04118984940761652,-0.055705685289783674,0.06173323684201081,1.0,3.654217823108978,18.0,3.162,1000.0,500.0,500.0,1062.0,1062.0,1062.0,0.0,5.0,233760.0
48.571657956373194,52.19262855552454,9.856573220062302,10.026687649352208,0.09684823261850903,42.613827077093404,9.890385425409953,1.7396579546851427,1.270935084646761,0.10017410485810524,-0.4158896014393147,0.04495092439491151,-0.07095718249311946,-0.19511845828838142,-0.06433013432089928,0.03762741536833404,-0.0064927108769155615,-0.02993629229418442,1.0,3.6430215115705953,19.0,3.136,1000.0,500.0,500.0,1071.0,1071.0,1071.0,0.0,5.0,234831.0
48.43252033764479,52.2264456132996,9.970229816915932,10.078487870073637,-0.04473228631556984,42.01385863060667,9.648975586910467,1.7008927808774745,1.2310231541653411,0.10809455246461383,-0.3210813385171165,-0.015467982472987031,-0.15173739191773422,-0.19042981105276868,0.007754478093262892,0.014180651211086692,-0.022691932417527982,-0.090699234136512,1.0,3.6275520935081413,20.0,3.138,1000.0,500.0,500.0,1082.0,1082.0,1082.0,0.0,5.0,235913.0
48.51029727970401,52.27991592229034,9.976821429025144,9.343047613699994,0.0426954745067911,41.357738470419754,10.057693631661287,1.5157924893365513,1.1502686904931216,0.08202507436827551,-0.28536153871861586,0.01441728543258293,0.051927076578753714,-0.0848795877413703,-0.07597828573756586,0.08499565085092316,-0.0440200307472824,0.06834885827054094,1.0,3.609019006945917,21.0,3.114,1000.0,500.0,500.0,1091.0,1091.0,1091.0,0.0,5.0,237004.0
49.0508851950609,52.920853305986704,9.686849542282912,9.579686108191526,-0.008058905062461473,41.35061030316302,10.051128135141925,1.5099851202130161,1.0867970643421687,0.12703804262163276,-0.3900096485566549,-0.030419603723469357,0.09105829492651299,-0.11482105692142759,0.11945459678861538,0.008873519611710345,-0.10738083750864422,-0.10013424344192128,1.0,3.6268328317991814,22.0,3.064,1000.0,500.0,500.0,1130.0,1130.0,1130.0,0.0,5.0,238134.0
49.603763766074906,52.30979516365494,9.403208162088486,9.908304038088191,-0.02025260274780731,41.50591303322063,9.854623988548289,1.4482334902625622,1.2065282265691264,0.034297149887961696,-0.36684520901994805,-0.022930773370014847,0.07746756947706093,-0.21285573440719602,-0.10588317802007383,0.058991754900989034,-0.10624856989214726,-0.08038169381700314,1.0,3.69944913321119,23.0,3.018,1000.0,500.0,500.0,1009.0,1009.0,1009.0,0.0,5.0,239143.0
49.892630561542795,52.46478993979655,9.726588946253345,9.695885536603857,0.057313009693598455,40.95543861060064,9.622918364532232,1.702619131262342,1.1732547706776753,0.0366011165183935,-0.4715830876436646,0.12325599698664981,0.09849190984093399,-0.22656003988696696,0.027025603545351738,-0.0012614960962921355,-0.010363682112526197,0.016035930417601884,1.0,3.612571579182901,24.0,2.924,1000.0,500.0,500.0,1079.0,1079.0,1079.0,0.0,5.0,240222.0
49.936332924140785,52.66058986772949,9.359945812156598,9.83447701016992,0.03819254355578618,40.278873259117624,9.659461858624988,1.6161067615484754,1.1428526722260859,0.14811035495049876,-0.33523941443100985,-0.061527556464578616,0.014525155897284958,-0.2477539296925176,0.03694256206039808,-0.06944779900317023,0.02991036367953617,-0.026633124968925077,1.0,3.526121508084591,25.0,2.958,1000.0,500.0,500.0,1109.0,1109.0,1109.0,0.0,5.0,241331.0
49.44716248447078,53.0102864834229,9.18414042090741,9.816930396369951,-0.0056532767834936,39.84005671829719,10.047258384077521,1.610500669348491,1.2347761198480207,0.10171219791833278,-0.4012172225801768,-0.03327552791786766,0.01492365251941507,-0.23308295782221147,-0.08793102327853847,0.006940343647592425,-0.0533312230458878,-0.06035220148546552,1.0,3.371197646277008,26.0,2.932,1000.0,500.0,500.0,1097.0,1097.0,1097.0,0.0,5.0,242428.0
50.379743890447216,53.77430206773575,9.396881920659307,10.018301899404623,0.014850167316156333,39.7063367943497,10.385843897892993,1.5349324110863807,1.296191937143427,0.06558932096915862,-0.3977112992310869,-0.05022055097407614,-0.05253944618551379,-0.12592855350718052,-0.14373370173586328,0.05030569187271429,0.0034544366821758566,-0.04353101138275995,1.0,3.4055654011386665,27.0,2.956,1000.0,500.0,500.0,1121.0,1121.0,1121.0,0.0,5.0,243549.0
50.21732509007815,52.77645128604775,9.052544219014354,10.213885140413266,-0.03643927163992825,38.96934811090999,10.304705938665627,1.4159825798743597,1.1095799823679133,0.07610514514696955,-0.31419755461976145,0.014247229348784866,0.13495048649825095,-0.13542958198840507,-0.0351412586934419,0.004724804216349842,-0.09467078051777138,-0.01497236683698366,1.0,3.2958784102570164,28.0,3.03,1000.0,500.0,500.0,1116.0,1116.0,1116.0,0.0,5.0,244665.0
49.856396448701524,52.35476197765762,9.096307409073788,10.241782647675493,0.0072523025374422465,38.64071575660101,9.873528258600926,1.5959500637072186,1.2248579925615013,0.09134943926930847,-0.3692266100123402,0.00891362944386512,-0.06885281829207858,-0.23418079676923265,-0.012833652205468456,0.13300491281899987,0.025299964349771054,-0.056958053214934495,1.0,3.315382551435156,29.0,2.904,1000.0,500.0,500.0,1122.0,1122.0,1122.0,0.0,5.0,245787.0
49.904184296498265,52.33979117585288,9.384578049722018,10.346757024300503,-0.01731507677689219,37.603529087682084,9.85377741753268,1.5230935254532256,1.180838563704186,0.05130730835048882,-0.37564996546484863,0.06258032784245121,0.04589446859628053,-0.16566368396222086,-0.03737058093896871,-0.03849271081540372,-0.044096214468293524,-0.026978595954595504,1.0,3.1501723063156954,30.0,2.994,1000.0,500.0,500.0,1026.0,1026.0,1026.0,0.0,5.0,246813.0
50.70484964649837,52.957725476770314,9.315986645906111,10.1428732078934,0.005045639804457367,37.13494980432367,9.389451419541913,1.6539008102452435,1.2690741926403406,0.051201060592343396,-0.38302019609802107,0.01468696730489581,0.03722841655041422,-0.1719737897281488,-0.1913349517764087,-0.04101280701759907,-0.007252495349625781,0.036092506426243384,1.0,3.1412539882597588,31.0,3.082,1000.0,500.0,500.0,1086.0,1086.0,1086.0,0.0,5.0,247899.0
51.057913916392486,53.607561027183,9.192328228373208,10.012176975126556,0.0704692118658134,36.68161631654302,9.31594664849707,1.4521719237038506,1.0244093094116,0.023363166422205695,-0.24732995536029534,-0.009686537832364483,0.11942210678879546,-0.2153527214072703,0.09420745333908173,-0.13208782463243487,-0.02087795396522423,-0.021689037787276995,1.0,3.260004660054238,32.0,2.93,1000.0,500.0,500.0,1122.0,1122.0,1122.0,0.0,5.0,249021.0
51.08488170194242,53.43637490905782,9.26104946558071,10.063215406829531,-0.016302613513890934,35.73737976432076,9.841045049917069,1.7286390685420214,1.2676186716407556,0.07603786553287138,-0.3874844152034791,-0.01546399094492894,-0.03912139158419168,-0.14514955202941685,-0.10952452448745702,-0.05065847801911115,-0.054636500985519164,0.11620990797217075,1.0,3.1948221715884997,33.0,2.9,1000.0,500.0,500.0,1137.0,1137.0,1137.0,0.0,5.0,250158.0
51.45678957356968,53.297230273343885,9.172163090895442,9.894981884486743,-0.03638316875880241,35.12035544119388,10.09506859403955,1.4871860778058337,1.1428041137115692,-0.042182805666676655,-0.43429722864074144,-0.007997096086353878,0.01373637816275743,-0.24248987306917266,0.12396538672207474,0.10758590548455467,-0.06196561094948994,0.013763850700444209,1.0,3.138720499224373,34.0,2.948,1000.0,500.0,500.0,1121.0,1121.0,1121.0,0.0,5.0,251279.0
51.383334735155245,53.78973931802174,9.056537446233582,9.913608141252071,-0.06867238795513855,34.279823620237,10.304544585095204,1.6401342169748272,1.2071585114074794,0.031140470482125076,-0.4254411628599426,-0.05255861109017742,0.03830551212685888,-0.17706149463629997,-0.057704175055848295,-0.0579608946360271,-0.06702318670647807,-0.02526915216451303,1.0,3.3924768083370784,35.0,2.828,1000.0,500.0,500.0,1072.0,1072.0,1072.0,0.0,5.0,252351.0
51.38712237414943,53.411818958748945,9.204610835702475,10.001183388823536,-0.02013984630997609,34.792809113192725,9.780538766912304,1.40206155852391,1.2224914487300318,0.07326639304062668,-0.3089205902030108,0.01009654365453826,-0.1140794481951068,-0.11711272602599926,-0.04927960869167537,-0.001483278365754847,-0.07036364678014553,-0.0164515165504583,1.0,3.377027636963375,36.0,2.814,1000.0,500.0,500.0,1133.0,1133.0,1133.0,0.0,5.0,253484.0
51.07724980410082,54.17957094023058,9.496762780953421,10.042589593811641,-0.0129812392663997,34.47351574107924,9.958399453667003,1.636911520656827,1.2527509985991476,0.0010046249340517062,-0.4370233869717564,-0.025388360618934607,-0.08447558950455612,-0.19376026128154306,-0.04091430249870077,0.01644276711167232,-0.19668053703797017,0.045434789351537046,1.0,3.314440510663877,37.0,2.884,1000.0,500.0,500.0,1070.0,1070.0,1070.0,0.0,5.0,254554.0
50.878648747320504,53.51867136150787,9.143632355643849,10.374861094243357,-0.04691017844000001,33.83355924820982,9.606168327584909,1.5579544974710242,1.1781614582390345,0.03223198184302553,-0.3198743127541207,-0.018491168310576164,0.02275117019447138,-0.23331984590164134,-0.06853404628681647,-0.02741709644128521,-0.11174334950196041,-0.0050057112104378125,1.0,3.288118690483874,38.0,3.064,1000.0,500.0,500.0,1099.0,1099.0,1099.0,0.0,5.0,255653.0
51.19362064717765,53.65519592278914,9.607488054819969,10.252631823605942,-0.016605666718830667,33.167108648398795,9.240261491955806,1.5773959901317844,1.2188969349336543,0.09627893664324168,-0.3366692231049387,-0.00029590383631426803,-0.030199528798136747,-0.1589783817880588,-0.07915372486308288,0.036586771911485905,-0.07744849842676618,0.016624203189411522,1.0,3.276805017581157,39.0,2.884,1000.0,500.0,500.0,1102.0,1102.0,1102.0,0.0,5.0,256755.0
51.897295469660385,53.91969667712541,9.369659020339194,10.132954852991277,-0.044513349640240306,32.774380179637824,9.2321825013495,1.6396802408292444,1.151168723991062,0.03627286811074133,-0.4430701572421111,0.08095742845645794,0.025298299755232706,-0.1106178538821778,0.12636989217977182,0.017714553555190422,0.003984761925010996,0.0785868741687625,1.0,3.4186539077972053,40.0,3.03,1000.0,500.0,500.0,1117.0,1117.0,1117.0,0.0,5.0,257872.0
52.03039675586098,53.641755879497985,9.306579844921952,9.379753670995603,-0.032897517239413386,33.11390362202129,9.265340891487817,1.7603573606348968,1.2447699561255645,0.0687654004576357,-0.38103225731686186,-0.05249056213828801,0.09476324943444084,-0.15434928494029854,-0.20441524396613242,0.028335735781130116,-0.07479507047532657,-0.06193417339984375,1.0,3.268539189867153,41.0,2.818,1000.0,500.0,500.0,1049.0,1049.0,1049.0,0.0,5.0,258921.0
52.34354379681009,53.43151486449924,9.3418435779415,9.643920828222024,-0.03830020730880091,32.72112481764115,8.850212414345185,1.5310702074077103,1.111764820164608,-0.06519098943040481,-0.344074990924518,-0.12711724166977428,0.024091332669824887,-0.16098931198859995,0.09363787765091057,-0.008987300716033797,-0.1294195233587032,0.03987969684192923,1.0,3.20682760491444,42.0,2.812,1000.0,500.0,500.0,1105.0,1105.0,1105.0,0.0,5.0,260026.0
51.62727362197907,53.95637624886449,9.168630469011141,10.13416109663947,0.11443944741111164,32.48923368321045,8.904657441037779,1.547091677461827,1.2041183215949944,0.017441401657023764,-0.3551491312651233,0.025777192765825054,0.015468212566885065,-0.11071160108145378,-0.07460509958435917,0.052607842034192685,0.03524733491436491,-0.045356286392858984,1.0,3.270122820404363,43.0,2.772,1000.0,500.0,500.0,1085.0,1085.0,1085.0,0.0,5.0,261111.0
52.37610652901555,53.62496174858649,9.565807061980728,9.584773047177807,0.03559935309832213,31.838833381587378,8.787311882955407,1.6058332539044944,1.364072721315782,0.01855992206883553,-0.43220346889104677,0.016161396721541543,-0.06704037867491845,-0.09547218266891672,-0.23138240252631923,-0.022787734878327404,-0.032368256482431274,0.032502149174424434,1.0,3.2968064219984003,44.0,2.81,1000.0,500.0,500.0,1084.0,1084.0,1084.0,0.0,5.0,262195.0
52.06870751098067,53.79560153090331,8.991894677169007,10.07595834491071,0.0159436243633155,31.921755481019467,9.08505493181874,1.6293808498761662,1.0617234442174,0.08074393595097752,-0.3646847811076138,-0.026968942767214458,0.14548822413254842,-0.20666943511674687,0.0942843830321198,-0.011566331555488966,-0.014642075365897176,0.08085710732986062,1.0,3.296751179994482,45.0,2.886,1000.0,500.0,500.0,1111.0,1111.0,1111.0,0.0,5.0,263306.0
51.93922919466637,54.07784995330569,8.733555948037907,9.76525333967405,-0.03610184642466186,31.6474679845647,9.637035913409594,1.5030748607675404,1.210569166457223,0.0848272364784895,-0.29643854914845164,-0.07530445386476664,-0.05060302063213032,-0.14057067318359778,-0.07472448534817214,0.0031740063110570695,0.004229861983743226,0.00393571314792909,1.0,3.350239458928115,46.0,2.738,1000.0,500.0,500.0,1076.0,1076.0,1076.0,0.0,5.0,264382.0
52.08096857600423,53.57285163916681,9.008167623362692,9.308153945432133,0.04883923954581621,31.849040367845635,9.489159493988145,1.5082473946152486,1.1374770250177844,0.03540139158554787,-0.32437586501729926,0.041245418949258705,0.0020652758644021585,-0.16576261523198835,0.04585543216385066,0.023790736189615785,0.025180024883285756,-0.0003458081251280235,1.0,3.240581169255475,47.0,2.822,1000.0,500.0,500.0,1101.0,1101.0,1101.0,0.0,5.0,265483.0
52.05915616808665,54.381969390090774,8.811588716944657,9.609643183733825,0.019471724582091104,31.669755675401092,9.511026281521831,1.729450505964158,1.2687014316351943,0.08524171067718495,-0.3185216296449942,-0.040400455734723124,-0.12044907908173512,-0.12375391317939055,-0.10691193364038212,-0.06598978719086655,0.007898139432240932,-0.15749682560376402,1.0,3.272975636944524,48.0,2.628,1000.0,500.0,500.0,1064.0,1064.0,1064.0,0.0,5.0,266547.0
52.13277995645652,53.6930282968769,8.894375133628515,9.962059353307572,0.08049327786458169,30.95976582180675,9.187061557428864,1.66947851190598,1.1696566684597716,0.020525844997264984,-0.3403480035820499,0.026158543498019982,0.007766002449683115,-0.138241063763567,-0.01418462728259628,0.06704002602321407,-0.09076611202846813,-0.03266484451063657,1.0,3.3952323733816345,49.0,2.924,1000.0,500.0,500.0,1105.0,1105.0,1105.0,0.0,5.0,267652.0
52.85188889969652,54.250040440959204,8.897890493607465,9.931998838415618,-0.01688845694124249,30.795488011170463,9.02886000689299,1.451942020413667,1.1814724585645975,0.051299515676642156,-0.2966699569210278,-0.043183527475584696,-0.000938666002490056,-0.056573656154276945,-0.06783511571810716,-0.045314523427422766,-0.031142636014168435,-0.02488275937756471,1.0,3.397687774820535,50.0,2.958,1000.0,500.0,500.0,1091.0,1091.0,1091.0,0.0,5.0,268743.0
50.333814993498684,49.95174933066934,9.627445863628102,9.640774849313352,-0.03887525953578499,50.1248084730915,9.662485111696558,1.7117309353249,1.0814255472155905,-0.024315082416374,-0.29376677067148566,-0.009544916558988618,-0.03410469208669848,-0.21706016958850013,0.16227343601624214,-0.0032236662440560775,0.007855276308577262,0.024517803577385155,1.0,3.872,1.0,3.238,1000.0,500.0,500.0,972.0,972.0,972.0,0.0,6.0,269715.0
50.316764855763296,50.39591737542569,9.42066131419639,10.198153246127838,-0.02162170164670023,49.65711709188519,9.658804149031054,1.6073612039305967,1.1625616316286094,-0.13699773085017258,-0.3311140145690565,-0.08457609937468882,-0.03259478650864381,-0.17360231936965437,0.03533487143896822,0.02065136025222247,-0.012642662285383617,0.042705007513092724,1.0,3.8629374771864833,2.0,3.252,1000.0,500.0,500.0,1005.0,1005.0,1005.0,0.0,6.0,270720.0
50.274180625217724,50.68253441011503,9.188365536611556,9.807581109632983,0.006823641089694318,48.461348751207495,9.688126101434376,1.657035139341653,1.2156722625801073,-0.05487918438711017,-0.30627973570916944,0.03678008281812358,-0.12244439294208326,-0.16442229135090156,-0.011416330864351346,0.004708040827432208,-0.0852312095699737,0.0047934626270995425,1.0,3.875035060015625,3.0,3.166,1000.0,500.0,500.0,1097.0,1097.0,1097.0,0.0,6.0,271817.0
50.29022840095564,50.062378328427,9.221561894439713,9.63349070430451,0.08424755405550784,47.62307187237914,9.567884057793362,1.5338262245562604,1.2574968674262477,-0.15514669606979717,-0.36555968536480077,0.08256776923508329,-0.0756518482425307,-0.16144421212590812,-0.0668615056689931,-0.08275753766714047,-0.05225124037700393,-0.0232769544768857,1.0,3.8078233516541378,4.0,3.122,1000.0,500.0,500.0,1027.0,1027.0,1027.0,0.0,6.0,272844.0
50.09343340284899,49.83870974486207,9.451631534119015,9.352932610718925,0.050472037905448304,47.39850688203596,9.611157791095824,1.6098104453466002,1.2371081111393447,-0.13620173000420743,-0.2932536793536151,0.10599207736365188,-0.08235290538920514,-0.19722803317893017,-0.08342458212883608,0.007447437044919058,0.05006396863792833,-0.09674663475157949,1.0,3.712867403345018,5.0,3.156,1000.0,500.0,500.0,1086.0,1086.0,1086.0,0.0,6.0,273930.0
50.073324847419336,50.0224511325095,9.571205009954808,9.800672378109011,0.004907159207395713,47.255140569429564,9.46802651367488,1.6181289454953542,1.2548434099504038,-0.06149905190416292,-0.40346681339666796,0.08653714594024838,-0.02314887281098439,-0.2181057866721173,-0.09181468858269361,-0.059775751690470155,-0.045684428464266506,-0.052440770510411606,1.0,3.816794686392302,6.0,3.214,1000.0,500.0,500.0,1087.0,1087.0,1087.0,0.0,6.0,275017.0
49.71762376530532,50.107998193774144,9.59073909049029,10.261944023786182,-0.02812941034851968,47.45009873976957,9.50107936665615,1.5003457925032182,1.1489280284399717,-0.13248982314395466,-0.35660594040884397,-0.02646785120269435,0.06751938455868879,-0.15902991856104268,-0.005167470347216128,0.04862728040223498,0.08080002139475312,-0.032369067767475994,1.0,3.9150991032091054,7.0,3.23,1000.0,500.0,500.0,1062.0,1062.0,1062.0,0.0,6.0,276079.0
49.09166520751148,50.668588063735534,9.696086445761141,9.90857131153545,0.003351458739666111,47.11920109238002,9.367841261099949,1.5763824593889408,1.1982038113936755,0.06616354850816906,-0.37307808121398567,0.05054302762610506,-0.013764284643847251,-0.2778592430268325,-0.024210568320428547,0.03323706563853782,-0.0944934475814806,0.08492940433993405,1.0,3.8029917633113013,8.0,3.256,1000.0,500.0,500.0,1090.0,1090.0,1090.0,0.0,6.0,277169.0
48.980137904416466,50.90238861613229,9.748741599886012,9.994723238538395,0.12146306276889607,46.286997728544755,9.393419812729896,1.708479301143393,1.1649721738147683,0.014128120368037456,-0.5216880509389888,0.019177558307165492,0.1555496765935893,-0.11323062583639952,0.03735605663332431,-0.059942890697272544,-0.07433672023444493,-0.0047289016542565,1.0,3.6968990246973967,9.0,3.156,1000.0,500.0,500.0,1036.0,1036.0,1036.0,0.0,6.0,278205.0
49.530578080570464,51.29512757737171,9.485794211395937,10.4905611702372,0.0064590140325107214,46.34174942371522,9.191984976334108,1.44804669242958,1.1459944872411552,-0.0517513353582699,-0.3247516224224374,0.0048739935269604085,-0.06323870390719122,-0.17594248636915935,0.07954102064126935,-0.006474158574470009,-0.04860436615308444,-0.07611016832871062,1.0,3.8207649840092754,10.0,3.04,1000.0,500.0,500.0,1026.0,1026.0,1026.0,0.0,6.0,279231.0
49.248851662640455,51.399372290798766,9.649118820806354,10.514853183048526,-0.09352712805678837,45.56011473169279,9.447884698943051,1.477210171460317,1.1898285169043583,0.0597404959202262,-0.4227708800526374,-0.03160714419048196,0.030631152772104688,-0.07805759118466522,6.01179190934396e-6,-0.025166981566174154,-0.060783074781872205,-0.031251106053547945,1.0,3.741587716582735,11.0,3.084,1000.0,500.0,500.0,995.0,995.0,995.0,0.0,6.0,280226.0
49.89403261298763,51.716100543721,9.032951317847559,10.13632280846917,0.09895822593517661,45.10712360938344,9.70112165219375,1.5641844084820238,1.1564570077006031,0.06305712997550031,-0.381138842504133,-0.12718554688773484,0.09467217922789412,-0.16391585990758062,-0.0355024606675473,0.004580081813349173,-0.10276343551658695,-0.054270594665895254,1.0,3.7932636363401966,12.0,3.23,1000.0,500.0,500.0,1062.0,1062.0,1062.0,0.0,6.0,281288.0
50.10579799447481,52.02275707971364,9.05094548390871,9.592275574296552,0.11532629571264486,45.08416660510484,9.699026770987048,1.6421255389749094,1.2006221997561062,0.017694362889860493,-0.3247371231283162,-0.17402526599700463,-0.016301964049268532,-0.18461237449894996,-0.07519443214515983,0.026267050568636117,-0.015172676602914112,0.10252958770486893,1.0,3.783633460071425,13.0,3.222,1000.0,500.0,500.0,1109.0,1109.0,1109.0,0.0,6.0,282397.0
50.34656577022512,52.746889024380344,9.232011618786157,9.675721465173309,-0.021486333877953127,44.91599501823589,9.147221249128945,1.5668321978912518,1.2842279955298526,0.05666296362393497,-0.3814400840898102,-0.004042620822894802,-0.09167463537230335,-0.14665432636825126,-0.10446965933570064,0.008275169619780516,-0.04918168256466967,9.577347542989369e-5,1.0,3.8267032083028156,14.0,3.286,1000.0,500.0,500.0,1081.0,1081.0,1081.0,0.0,6.0,283478.0
50.41832902240424,53.38703728127625,9.008686479826848,10.015422456494388,-0.019020958816688638,44.322088297825275,9.023101918640135,1.5183086433504125,1.2795189080879432,0.0932913289644819,-0.3894761981173056,-0.018415959894962024,-0.08400751713052795,-0.0946439393655798,-0.08431225419634938,-0.04487487254199144,-0.04950976325197299,0.0832498059883332,1.0,3.8763127125306123,15.0,3.224,1000.0,500.0,500.0,1072.0,1072.0,1072.0,0.0,6.0,284550.0
49.831832646502725,52.19485214866898,9.470996265559801,9.851000496816441,0.025356695101134558,44.374312214604174,8.983389676202565,1.7413159989024092,1.1651840048770294,0.03454989438731359,-0.359898536842842,0.07032292475940907,-0.031716702876695174,-0.22892441748248107,0.049982158774472964,0.012598032019815271,-0.10201732066793115,-0.16796518387341483,1.0,3.8700128126667854,16.0,3.132,1000.0,500.0,500.0,1147.0,1147.0,1147.0,0.0,6.0,285697.0
50.10872343077834,52.12801087950539,9.496642530975096,9.72311086337507,0.021708361303744626,43.98586343029376,8.93148220803962,1.6211695382744709,1.1675775926575571,-0.01027487535864028,-0.3098336180890744,0.18894286584961204,-0.012856368055478525,-0.24002514120286936,-0.01987799135154012,0.03758419334015812,-0.05645269117911034,-0.03436576916168079,1.0,3.876801382766412,17.0,3.138,1000.0,500.0,500.0,1089.0,1089.0,1089.0,0.0,6.0,286786.0
50.2670115685556,51.44685791094098,9.149774586135747,10.242445545435151,-0.0289267290470237,43.15789943846164,9.279765574120537,1.486159433396817,1.1144551826441778,-0.11391228436664805,-0.30907834754881225,0.010602387463582936,0.1321974301349571,-0.06713076070571511,-0.060171786364273866,-0.06461799416917252,0.015824908452780114,0.05956480809552391,1.0,3.8788284434542972,18.0,2.948,1000.0,500.0,500.0,1062.0,1062.0,1062.0,0.0,6.0,287848.0
50.47151654421169,52.10928251798989,8.678464850829938,9.999628309389191,0.036991154414641354,43.83090997104929,9.089494915656832,1.6190082644628088,1.1604861145476386,-0.07370900701252425,-0.3251313799360296,0.052170887112640334,-0.051787248190873936,-0.1651404285077605,0.05184719800009565,0.027806787257017084,0.0002396032548338378,-0.044834105118206645,1.0,3.7170631569475296,19.0,3.162,1000.0,500.0,500.0,1100.0,1100.0,1100.0,0.0,6.0,288948.0
50.268099345633814,51.88573720617802,8.871679059834765,10.337986758541627,-0.11357782882812963,43.78930186603573,9.72500204740958,1.6384409205048542,1.1541350249412727,-0.057451351154832464,-0.3512283089104309,-0.02523341831843928,0.10549901622480488,-0.25231200922208463,-0.07792776670133328,-0.005342257348882601,-0.09364678699908202,0.029854119364495543,1.0,3.7309936728365236,20.0,3.108,1000.0,500.0,500.0,1087.0,1087.0,1087.0,0.0,6.0,290035.0
49.77911432030558,52.17604860528318,8.889907425424637,10.803943817876053,-0.057640865822036265,42.53844686937974,9.488546371624102,1.5564326857422417,1.1704149719238288,0.034375984909640916,-0.4459657611385504,0.009864393706792679,0.030133622279171175,-0.20629198860031975,0.07763673674603391,0.06294552817390572,-0.06419692896817641,0.016230005983965914,1.0,3.664611998572411,21.0,3.038,1000.0,500.0,500.0,1019.0,1019.0,1019.0,0.0,6.0,291054.0
49.898842390949504,51.31271554610959,9.342675984703837,10.702756999391314,-0.0436813545659654,42.33720988193076,9.36032122235414,1.6267186167213628,1.2004998942757799,0.005701219768574879,-0.3407777775056262,0.02007492930951064,-0.002134008552781642,-0.23312640320453124,-0.05348529461264705,0.03879625386650479,0.015199515218796625,0.006823205374475728,1.0,3.6508329790752745,22.0,2.966,1000.0,500.0,500.0,1052.0,1052.0,1052.0,0.0,6.0,292106.0
49.52328545047731,51.75207945398299,9.247945602379708,10.42194406233691,-0.010324056437059418,41.206323250820766,9.405635016804332,1.6816676155478487,1.2203452782140796,0.029171502388833006,-0.3984640732081578,-0.11355037373344333,-0.07082907177690655,-0.21695089063381473,0.026870470718338303,0.02386546699391324,-0.06428835528568216,0.045574345128912605,1.0,3.713306949928727,23.0,3.072,1000.0,500.0,500.0,1112.0,1112.0,1112.0,0.0,6.0,293218.0
49.49139006858261,52.454632654342944,9.322950869726471,10.314019199590462,-0.04957332514704144,40.679134325722174,9.557891893906717,1.7476705080565007,1.2075128900470773,0.09577316565269649,-0.3659797970755442,-0.0014122098189485136,-0.009913904238675355,-0.15453339040853972,-0.052728072780683456,-0.03984266452881866,-0.03728305405908787,0.05955852861734769,1.0,3.6328115001470764,24.0,3.034,1000.0,500.0,500.0,1091.0,1091.0,1091.0,0.0,6.0,294309.0
50.55785928837917,52.85787359486171,9.277984516260624,10.381033714518093,-0.018982948262469948,40.214165028318035,9.788160313222924,1.7094069351035028,1.2613701092328329,0.055013684509717234,-0.38663925662377346,0.026917064708247125,0.01071109790901467,-0.12984596828197006,-0.14924915618295317,-0.007011499565321651,-0.04080935741958647,0.04193089826746358,1.0,3.7485077257392474,25.0,3.034,1000.0,500.0,500.0,1070.0,1070.0,1070.0,0.0,6.0,295379.0
50.33689978207149,53.137988441196015,8.927111874320035,10.588605897831764,0.05502446895511796,40.10852118518831,9.16607363557592,1.5717809290495937,1.2519004283250594,0.08690858387963987,-0.3507353534122195,0.03493984319056605,-0.1631847954158083,-0.14567131817644452,-0.0120221392824036,0.07124074584100537,-0.08179627609430463,0.035413044567057954,1.0,3.8269624528831434,26.0,3.106,1000.0,500.0,500.0,1094.0,1094.0,1094.0,0.0,6.0,296473.0
50.62078710821992,52.7832310472465,8.847134317979872,10.500630045080259,-0.0521849668774157,39.87835007788774,8.63919194509229,1.4916077646421055,1.2448773407630975,0.04947728107359567,-0.3526568793658022,0.03935020125932764,-0.030318724198968625,-0.18304133002552106,-0.1033505846120269,0.030697111201039264,-0.08157516581364631,-0.020702011639661524,1.0,3.8699015711171167,27.0,2.978,1000.0,500.0,500.0,1095.0,1095.0,1095.0,0.0,6.0,297568.0
51.02191800094387,53.16894142149665,8.965290380418363,10.699317049942815,0.004784211410144811,39.29233059431087,8.63565536482707,1.58966362218757,1.114711692841453,0.02698774448319261,-0.30788181420076577,0.05303520718064458,-0.013418944600240916,-0.18454617121801983,0.08124263096578975,0.0334667701646429,-0.05534541879997106,-0.04821520489844539,1.0,3.8700859935451315,28.0,3.272,1000.0,500.0,500.0,1072.0,1072.0,1072.0,0.0,6.0,298640.0
50.8854490343607,54.08026640296963,8.846506150379376,10.640546667792933,-0.04570967669807199,39.347367891221715,9.310430617095323,1.6431273690227477,1.167428052252438,0.07106790209316778,-0.33933274375748984,0.0029120722108379273,0.007222580623146109,-0.1519495117264141,0.0016468097165395232,0.04894438474421339,-0.011806290652859892,-0.006011354877436405,1.0,3.727248959667608,29.0,3.074,1000.0,500.0,500.0,1049.0,1049.0,1049.0,0.0,6.0,299689.0
51.13815238391727,53.35524322531784,8.99681790118298,10.619300050128428,-0.03271965957337788,38.98467250198403,9.457604264779919,1.4997549259876477,1.1150701490153223,0.04027033293394237,-0.2849117233896048,-0.016707090914597923,0.06059242329468389,-0.13848241413101656,-0.017190011332128618,0.011345174742860285,-0.03419930007271191,-0.08304268378884204,1.0,3.863576108203418,30.0,3.024,1000.0,500.0,500.0,1111.0,1111.0,1111.0,0.0,6.0,300800.0
51.983740053942675,53.453747171177625,8.873905176533823,9.721266254635266,0.10262805795480993,38.712374349832444,9.311254440893917,1.6534311323639388,1.1660930710514645,0.04566735479410222,-0.32508848586174466,0.028629493962681375,0.02277612328202259,-0.17483579257256843,-0.04003130065955853,0.03901011256954072,-0.029577430217252895,0.015578667133585399,1.0,3.8259554556586437,31.0,3.242,1000.0,500.0,500.0,1042.0,1042.0,1042.0,0.0,6.0,301842.0
52.427727780949716,54.12976579598705,9.25227108187369,9.669222304447562,-0.036557973383036936,38.15736752221162,9.327193127083271,1.51822417075576,1.1615637951125735,-0.006223628146967687,-0.356808012039125,0.049630215834756235,-0.003057413647374877,-0.23467964021366003,0.03396242657922894,-0.021284339316036495,0.021189368275232063,0.021166488619899938,1.0,3.8699336524359715,32.0,3.304,1000.0,500.0,500.0,1047.0,1047.0,1047.0,0.0,6.0,302889.0
52.55084189594587,53.98998420442773,8.770709814966619,10.365213139082625,-0.021310614318954493,37.79109403240169,9.286929343109707,1.5202359418611435,1.0178950442294727,-0.014605537377362518,-0.31809696730870546,-0.05995090592790829,0.13198933102274715,-0.1953632827876731,0.15268538798170408,0.05602745267378349,-0.04967897870178984,-0.004497420922784093,1.0,3.824392432256847,33.0,3.412,1000.0,500.0,500.0,1023.0,1023.0,1023.0,0.0,6.0,303912.0
52.49598740237063,53.44280788567197,8.922720057674008,10.297131322885043,-0.040418412357430364,37.2013283935189,9.311582239848416,1.6192953768396012,1.050006405059659,-0.05194038573843254,-0.28084893343774686,0.023574328531819344,0.02276958604526639,-0.17862305829196848,0.1554088621422661,-0.08315850134235891,-0.04694823829089919,-0.024958605002692,1.0,3.8227268493086686,34.0,3.216,1000.0,500.0,500.0,1085.0,1085.0,1085.0,0.0,6.0,304997.0
52.39126732863975,52.687640246829076,9.264218559395003,10.349077822648022,-0.03943414490156964,37.837772971167915,9.003821422395417,1.4867988064685629,1.255902807821185,-0.0023014807941238316,-0.24053390572332142,0.03229613387600344,-0.12582372780159656,-0.1501989118869379,-0.1496031477861478,0.02520748381200653,-0.0017754190415051848,0.09475127453319857,1.0,3.8378482479979033,35.0,3.104,1000.0,500.0,500.0,1101.0,1101.0,1101.0,0.0,6.0,306098.0
51.872633789428775,53.209365355369485,9.102213497392754,10.628488869628727,-0.02267077837477843,37.513630298620825,8.769121885263242,1.3974879418379325,1.0715334407107595,-0.033748829168115634,-0.2502239312989861,-0.06602446985914623,-0.05252421838938676,-0.20009516610883843,0.17362406763173865,0.014897914906365254,-0.0741029031413783,-0.05838652747650873,1.0,3.7924862405095547,36.0,3.238,1000.0,500.0,500.0,1159.0,1159.0,1159.0,0.0,6.0,307257.0
51.55628455709975,53.314936577073105,8.975152367086416,10.539398796126122,0.0306674594809302,36.3530370226369,9.039945171213832,1.7919223704694156,1.179282349418017,0.016935585550029972,-0.27539889967168785,-0.01863880900725649,-0.0853885301509174,-0.2528008350315529,0.0077029850000723595,-0.0666915704502119,-0.025409879241265605,0.037438129968495736,1.0,3.869309854781579,37.0,3.146,1000.0,500.0,500.0,1069.0,1069.0,1069.0,0.0,6.0,308326.0
51.65855082579375,52.231272097663,9.139185026459382,10.566527983264697,-0.0063929500409029005,36.806248089035634,8.913068987294775,1.6376840314198737,1.162524460894712,-0.10252853874107146,-0.302657124131405,0.014362570341442357,-0.003217096239556961,-0.23003372780946563,-0.026323145133567406,0.011485697270451931,-0.08164371164338369,-0.03452894420020357,1.0,3.8724611552430366,38.0,3.154,1000.0,500.0,500.0,1082.0,1082.0,1082.0,0.0,6.0,309408.0
50.866983232749334,52.49879491264794,8.871288085188526,10.329620910272928,-0.01031078095315423,36.12773174894002,8.846358400469937,1.6732019983033277,1.2063715997181927,0.04251281401422839,-0.279894228228683,0.00015084072563266012,-0.08875599660706131,-0.17456335184820634,-0.0452976090018969,-0.028081204013920606,-0.00251497839224367,0.04849500264057731,1.0,3.762958889860287,39.0,3.244,1000.0,500.0,500.0,1030.0,1030.0,1030.0,0.0,6.0,310438.0
51.12969183870908,52.41275606079341,9.11896082766514,10.07684196206478,0.04788237050218183,35.94522366963803,9.083341894404485,1.5229808868947021,1.2125868923245573,0.005186837726213069,-0.26782666922853227,-0.052816259567947985,0.04106970553586059,-0.1258146347677242,-0.20216043037042677,0.022580798339720078,0.022809542659584257,0.016036229400625022,1.0,3.771651828494864,40.0,3.128,1000.0,500.0,500.0,1048.0,1048.0,1048.0,0.0,6.0,311486.0
51.188669970713775,52.21383905363906,8.917974410559628,9.462989666530946,-0.0017686532212634954,35.78945115294955,9.005121032190338,1.3707385117546766,1.2510262911616805,0.019201864970715583,-0.29880627208493715,0.03534401580655268,-0.03372775887892224,-0.16108890932366463,-0.16730122829824842,0.012189456904858592,-0.0054067852115935325,-0.08420068445647277,1.0,3.7364825523732916,41.0,3.15,1000.0,500.0,500.0,1073.0,1073.0,1073.0,0.0,6.0,312559.0
51.31936851287724,52.04616799738374,8.966366565293663,10.182989825934841,0.024808878593333642,35.94581225280814,9.028992570102425,1.5036435988821564,1.1412805674034332,-0.033031820475566256,-0.276569028102494,-0.03276037262079105,0.001141440375803337,-0.12275938297207874,0.00028825830620694793,-0.039652266336985105,-0.051960009849531474,0.015428069413755597,1.0,3.6854392460819674,42.0,3.202,1000.0,500.0,500.0,1157.0,1157.0,1157.0,0.0,6.0,313716.0
50.71114220080532,52.04366832990553,8.871620936661419,10.231268583194899,0.027472365422921786,35.446008608724,8.668596488200286,1.5040695232094097,1.2435153630001694,-0.00951535463792401,-0.33964374279400755,0.02594102334221766,-0.02661109225807293,-0.15150864377311116,-0.13594796417474062,0.025829643034321993,-0.016851454859706797,-0.08587781213072324,1.0,3.837453072149643,43.0,3.126,1000.0,500.0,500.0,1104.0,1104.0,1104.0,0.0,6.0,314820.0
50.866216243251976,52.31916817291941,8.723697732508473,10.24194377492284,-0.028784780127400898,35.077425702029,8.78416323341238,1.4656159369815465,1.1584687809153362,-0.023160918074783123,-0.2660903062862246,0.11953459933131924,0.018893250760605048,-0.13616028085895623,-0.05984809275646377,0.038504487082410964,-0.05628694232495145,0.07102677203687033,1.0,3.836796146499645,44.0,3.254,1000.0,500.0,500.0,1124.0,1124.0,1124.0,0.0,6.0,315944.0
50.28030662930662,52.69377350070679,8.688333012338742,9.897729443945952,0.019584696655731114,35.432131451027374,8.986725603353543,1.3164963862328773,1.0815990225516785,0.025312314148348995,-0.2573358886186362,0.0007181400817882356,-0.03545068736813729,-0.21127803427652417,0.12919446735254084,0.004259265516013956,0.04816375157608411,0.006996583858405769,1.0,3.836792815882621,45.0,3.146,1000.0,500.0,500.0,1105.0,1105.0,1105.0,0.0,6.0,317049.0
50.54783384588581,53.02190610126854,8.89250318325499,10.065088059614439,0.021642254557780474,34.91906656744021,8.948732390581437,1.5934496262014943,1.2495995688701587,0.033626041211941654,-0.42237267071451334,0.015499703972170684,-0.042365357207311785,-0.1521050350594564,-0.043479841524324644,0.019810790933200043,-0.050784277205545604,-0.01726016834836962,1.0,3.8685259132164935,46.0,3.102,1000.0,500.0,500.0,1060.0,1060.0,1060.0,0.0,6.0,318109.0
50.49672016854664,52.94481192024542,8.672902287029542,10.193498252340767,0.0021440581480999593,34.33102756923806,8.723192936692788,1.748904924044235,1.0363186929680726,0.03434461242466313,-0.2681619598647709,-0.08975070397385072,0.12375765533414254,-0.14394476132055742,0.04753290763905942,-0.015061805079909505,-0.07791771638232656,-0.045835366012364744,1.0,3.8545810663992164,47.0,3.132,1000.0,500.0,500.0,1061.0,1061.0,1061.0,0.0,6.0,319170.0
50.23887188652444,53.2083422611892,9.011826477715028,10.660016821351407,0.010685255246310163,34.08902181677945,8.459476004324365,1.6211695382744713,1.2032963915394146,0.1222650273399402,-0.34764083926459693,0.013428418714147678,-0.027197106580002302,-0.12949419341580187,-0.03995889175151813,0.016035894705904184,-0.04374566517498964,0.05914575927004983,1.0,3.6831782430939874,48.0,3.142,1000.0,500.0,500.0,1089.0,1089.0,1089.0,0.0,6.0,320259.0
50.64152450263956,53.95062628378285,8.777995590819009,10.386261463371415,-0.03861045383225927,33.64719095769187,8.531088347493405,1.4595198315352298,1.0626133779018923,0.18363886186647585,-0.1662313599169032,-0.013987728661154395,-0.11866575679977016,-0.03736240502577141,0.15136411409942163,-0.03895586466140028,-0.07430833871413596,-0.002339785324484942,1.0,3.7802104242823398,49.0,3.11,1000.0,500.0,500.0,1046.0,1046.0,1046.0,0.0,6.0,321305.0
51.050902013054646,54.69843302590359,8.951246352324153,10.18623948267752,0.01963302829164165,33.71229923205305,8.881956296965711,1.5842650046295652,1.208613796033242,0.1680030812890301,-0.280738945296126,-0.004915991844874529,-0.15354166876436587,-0.09203999922857543,0.008345169940572465,-0.026572493182355827,-0.0779368679363672,-0.02497033320289028,1.0,3.754030624540811,50.0,3.172,1000.0,500.0,500.0,1076.0,1076.0,1076.0,0.0,6.0,322381.0
50.021647011312105,50.22710087241677,9.599026578204816,9.944737971013224,-0.030744583946152676,50.34864051158776,9.715124562567546,1.698052056533797,1.2347923567987642,-0.04819038288824397,-0.4008437429834648,-0.057373972406381715,-0.07197101173465742,-0.21875416627567043,0.014783670524474862,-0.008132927977437568,-0.07414589963143384,0.04792655357581135,1.0,4.084,1.0,3.096,1000.0,500.0,500.0,1038.0,1038.0,1038.0,0.0,7.0,323419.0
50.1801900904583,50.432787931351506,9.251634473887043,10.49725772455686,-0.013341398995686107,50.130040551668195,9.441380348406938,1.6601769858513113,1.0865800041724178,-0.12161919736143155,-0.2915441959082844,0.036666202475477146,0.1323396372647269,-0.3078660361042844,-0.010012861417302439,0.04880792833802142,0.0027771677666443883,-0.04342727561951862,1.0,3.968985951547831,2.0,3.142,1000.0,500.0,500.0,1001.0,1001.0,1001.0,0.0,7.0,324420.0
49.77608380061527,50.286092476589204,9.010434799685415,10.408693608344539,-0.00995927529409817,48.77337064392356,9.7200567607496,1.5760662538083778,1.148836548448792,-0.10720215825376564,-0.3470369000201822,0.07849803845193112,0.029459716614761863,-0.15556254462875,0.01972158835800943,-0.06984184241397343,0.048847408777105986,0.08140011132517147,1.0,3.8765500857777915,3.0,3.316,1000.0,500.0,500.0,1042.0,1042.0,1042.0,0.0,7.0,325462.0
50.1451656906933,50.687717069050926,9.035553893338149,11.127094243223425,0.03903263509226661,48.54756930010536,10.084037012371887,1.4854358506268617,1.1770496222908626,-0.05649400052243977,-0.21444600643913614,-0.06636005730892636,-0.09764062674486604,-0.23606644541586497,-0.021600975016533686,-0.05912140145183746,-0.12022710036108596,0.0013597698054527796,1.0,3.8502624563732897,4.0,3.348,1000.0,500.0,500.0,965.0,965.0,965.0,0.0,7.0,326427.0
50.38590531256055,51.04194191417001,9.500797943250264,10.640989089182789,-0.11386854309468684,48.042304671689415,9.440406989299843,1.7053979171307643,1.3540467451671407,-0.0913099989262403,-0.3599368996297056,-0.02093638333986725,-0.12256738546006726,-0.1598870012753491,-0.23298792912785055,0.007620005669030178,0.0033015195158273554,-0.058656668719443084,1.0,3.854382786384433,5.0,3.156,1000.0,500.0,500.0,1072.0,1072.0,1072.0,0.0,7.0,327499.0
50.77644585197839,50.62705984622207,9.32187070122139,10.48718839963207,-0.02313583146655028,48.110230451659184,9.511821288717456,1.6656519451729106,1.1396255664644077,-0.1451433382802927,-0.2991826457280368,0.06266272597849498,0.009367164540207645,-0.2727508420813362,0.00983705664206469,-0.052935847685700595,0.02370392089737371,-0.03965316467135271,1.0,3.7975678205069126,6.0,3.25,1000.0,500.0,500.0,998.0,998.0,998.0,0.0,7.0,328497.0
50.93115222421897,50.39730345483641,9.684046738065211,10.693659912777782,0.02288686245233449,46.862892521478265,9.681737852931887,1.8332121051819514,1.2596578106029968,-0.18034431670287443,-0.3868186369875141,-0.09536423595702334,-0.059480418454273244,-0.19017175868019123,-0.08219856038418721,0.056419401434608545,0.010927638960607973,0.06650463765891672,1.0,3.866111453532634,7.0,3.176,1000.0,500.0,500.0,1065.0,1065.0,1065.0,0.0,7.0,329562.0
51.042969448840644,51.33856455344786,9.278981031799411,10.169893977749123,0.01367269986835699,46.251862379355785,9.788444755513337,1.5219678317330199,1.0288365136015865,-0.013374550556086509,-0.2692572449303847,0.03527691947751567,0.12544656064544585,-0.3178260238138386,0.08374968440863666,0.022533383158883542,-0.08908657577559703,0.012618952180671043,1.0,3.8219780624823225,8.0,3.152,1000.0,500.0,500.0,1058.0,1058.0,1058.0,0.0,7.0,330620.0
50.90042189381724,50.93993214807267,9.311466235177516,9.875118367896553,-0.06248439023126082,45.497383235596274,10.066555271027658,1.563437750760798,1.184544302405018,-0.06960304058449787,-0.31368846113900645,-0.06968505644336613,0.07698581092178966,-0.1395963163114184,-0.13411026837955653,-0.027292497626305912,0.033168664696777296,0.010561127444453944,1.0,3.8495120703058308,9.0,3.33,1000.0,500.0,500.0,1028.0,1028.0,1028.0,0.0,7.0,331648.0
50.54443074314809,50.7945930154026,9.412706032406907,9.594154967211267,0.03256818351781632,45.13387276148258,9.99073085482193,1.8611990218367858,1.208467995812917,-0.1962409904877313,-0.38882201986336645,-0.07402474905198736,-0.1068104708350666,-0.13592367067524902,0.07023827340640422,0.07195367173964204,-0.08289964305400088,-0.019083546788308238,1.0,3.8252909410479514,10.0,3.236,1000.0,500.0,500.0,1121.0,1121.0,1121.0,0.0,7.0,332769.0
50.147438815443735,51.59689288922462,9.295192283488856,10.230647233411263,-0.08630166567216131,45.258396492804266,10.243253811813453,1.4892988760958634,1.1705725249545134,-0.0284990486865044,-0.27757311134746965,0.0001650641487407498,-0.03017834205930875,-0.1963567171447608,-0.03399601625510006,0.05789376711326554,-0.058909512643223715,0.08494243957247126,1.0,3.798328205312958,11.0,3.352,1000.0,500.0,500.0,1106.0,1106.0,1106.0,0.0,7.0,333875.0
49.65793503057688,51.8738780608275,9.430966749491569,10.106930785869059,0.023375789507381825,45.73981248768664,9.87949851210288,1.4994371689716122,1.1789701885203694,-0.029447336363139162,-0.35209642026171273,0.007255494416547888,0.043700785185817895,-0.2505691441938836,-0.054250770376767024,0.05572710006290799,0.00665227562025665,0.04847565276075412,1.0,3.8346188243744046,12.0,3.2,1000.0,500.0,500.0,1133.0,1133.0,1133.0,0.0,7.0,335008.0
50.09362594368295,51.96452814139327,9.329967122545298,10.422586391698783,0.06014035282658525,44.46737486483416,10.056400888663257,1.619035841483407,1.2921337986292825,-0.015372973257266165,-0.45286765874152507,-0.010072328191207331,-0.1274881967244774,-0.20331594921082558,-0.0025978443475358974,-0.06557654427783466,-0.020921433826843673,-0.044233075363112856,1.0,3.904479996584423,13.0,3.13,1000.0,500.0,500.0,1064.0,1064.0,1064.0,0.0,7.0,336072.0
50.114720547913876,51.21456587408925,9.151550993691437,10.28406843328179,0.03736485734128733,44.3778486808494,9.941170929519455,1.4715165653439568,1.2289158738666832,0.02392449660373134,-0.37399609672979833,0.051416915421521055,-0.12687678843929454,-0.19366408674308347,0.036544101317138464,0.03613233939873683,0.004560936606608809,-0.03762984248011465,1.0,3.823816937360364,14.0,3.17,1000.0,500.0,500.0,1094.0,1094.0,1094.0,0.0,7.0,337166.0
49.77927176643203,51.35785605069757,8.88462663600344,10.880581349594076,-0.04053336037838324,43.22908129391682,10.711922355587571,1.5333540618463446,1.17035001083733,0.06207174518055708,-0.288184650480535,0.014906613098261308,0.09277487186992872,-0.2335132181256844,-0.15364960767730224,-0.03994749852628496,-0.024223210461221424,-0.06589639499024606,1.0,3.736566114556242,15.0,3.178,1000.0,500.0,500.0,1064.0,1064.0,1064.0,0.0,7.0,338230.0
50.18804999434488,50.93190296930099,9.45060124709453,10.48061163557964,-0.03201609320524493,42.769712513803285,9.858032187466824,1.5210699477194876,1.1539793986205744,0.00974300838387398,-0.3539540049408027,0.010872198827852718,-0.04495943683042898,-0.21916234796036796,0.08828429629391704,0.002514536187182101,-0.038886511406560666,-0.07850227021805715,1.0,3.6474277719089927,16.0,3.162,1000.0,500.0,500.0,1032.0,1032.0,1032.0,0.0,7.0,339262.0
50.604797870317185,51.40788873069245,9.368380982076255,10.134579292639762,0.03417738496041463,41.974619994932496,9.841904834929002,1.605597755983702,1.3280491715010458,-0.027135990871913547,-0.4902245909391525,0.032511596697996845,-0.053241175953624396,-0.1812152183807767,-0.12235558037475479,0.07150802348518427,-0.02130665371524927,0.024315724382063978,1.0,3.7021929537907634,17.0,3.08,1000.0,500.0,500.0,1105.0,1105.0,1105.0,0.0,7.0,340367.0
50.78486335753546,50.79073690715358,9.643421107205745,9.817798985274413,0.07154044593744532,41.543743360585935,9.335424233562685,1.5496322459197736,1.2053400615739567,-0.04527178806146569,-0.3727337732924535,0.06542290899787188,0.022919077430098314,-0.11616156435174989,-0.07179889982138597,0.04541461262532518,-0.10313977820445046,-0.0617419073876176,1.0,3.543376274110905,18.0,3.148,1000.0,500.0,500.0,1135.0,1135.0,1135.0,0.0,7.0,341502.0
50.91291791386316,51.38806738356737,9.919704238236031,10.217699154362018,-0.035814205338910096,41.63163810851519,9.429880364005705,1.5965926784786502,1.21631260300693,-0.1040819410744081,-0.3444239210600649,-0.006537812347108429,0.045601875055034824,-0.1965598746077216,-0.1321573444006036,0.022951389129606592,0.004938253996468267,0.005929995551954094,1.0,3.676949671574474,19.0,3.126,1000.0,500.0,500.0,1109.0,1109.0,1109.0,0.0,7.0,342611.0
50.59635299329821,51.952749510736844,10.09215706754786,10.16938107831086,-0.04031122500556263,40.868493024787035,9.994175675663875,1.6292258932431354,1.3551673616434354,-0.008454512093240255,-0.42295567648009313,-0.0152755561149542,-0.19282086336628557,-0.07355238734078551,-0.10089166295849078,-0.06428478441627287,-0.014504636867548217,-0.019619417203924884,1.0,3.5032652603964065,20.0,3.094,1000.0,500.0,500.0,1057.0,1057.0,1057.0,0.0,7.0,343668.0
50.93747104447163,51.58688208789106,9.804723345554645,9.898272076368752,-0.04323421462395955,41.313746593470015,9.627381597094315,1.5003629497821915,1.1739597936360813,-0.03613732899432652,-0.26173204904000436,-0.004598038542545844,0.002200367827546396,-0.23451846774175003,-0.07588226684491936,0.06876741939020808,-0.07850417195369364,-0.012673631300389693,1.0,3.496733749789979,21.0,3.048,1000.0,500.0,500.0,1147.0,1147.0,1147.0,0.0,7.0,344815.0
51.32226399246355,50.7895327812072,9.484721533606946,10.035779757212595,-0.04627533048434918,40.32589044870215,9.139847628344748,1.653795392130677,1.1786873638610533,-0.04798150779163667,-0.3062117983311888,-0.031653025572168925,-0.06515454671041451,-0.1746438755705343,0.014110910498766217,-0.04540783628178442,-0.0393677929738931,0.10218663576351042,1.0,3.645081933168338,22.0,2.95,1000.0,500.0,500.0,1011.0,1011.0,1011.0,0.0,7.0,345826.0
51.11869032439855,50.30366271631766,9.451155896170066,10.056637502883975,0.024537813918573584,39.680138645053766,9.25221366948837,1.7331880036992986,1.1900077779340175,-0.08671795999774122,-0.2519924851838385,0.04668675061783619,0.012578330993183305,-0.16526710323549365,-0.14762333831424163,0.0531613933516419,-0.012747551180829686,-0.024910602437265845,1.0,3.66526325812601,23.0,3.104,1000.0,500.0,500.0,1044.0,1044.0,1044.0,0.0,7.0,346870.0
50.85897851841073,50.422831607144786,9.615054833606898,10.148288047437136,0.0005406433275224589,40.07537627939679,8.982677896977814,1.619475262426231,1.2358082715020122,-0.12124364116661715,-0.30057410529001455,-0.049748635756324565,-0.1229594218550136,-0.17896320043376776,-0.053938023966487024,0.00019013192813363645,0.0002982054110307977,0.05515482131450779,1.0,3.703482349870319,24.0,3.26,1000.0,500.0,500.0,1022.0,1022.0,1022.0,0.0,7.0,347892.0
50.61692177900108,50.275583665441495,9.354696580035016,10.496578393184938,0.009166645480969028,39.39071391302467,9.495132148434383,1.7142104996612622,1.2004937087467675,-0.0644712747513518,-0.3795367232596778,0.16414048944662304,0.013182042804305913,-0.1301918080294234,-0.03314342867891079,0.07633414751814262,-0.03004995932210769,-0.04813949930390523,1.0,3.7153270681756747,25.0,3.098,1000.0,500.0,500.0,1023.0,1023.0,1023.0,0.0,7.0,348915.0
50.007342004634246,49.562346249370044,9.262509119122866,10.231521508051735,0.036807826640779084,39.625162363723774,9.136701653066998,1.7717300008893249,1.134830154134449,-0.12803637527313183,-0.37219336737615794,-0.014110037136294244,0.13984972107663074,-0.273778135380831,-0.03526043506642034,-0.027876926222989366,0.026239411149646764,-0.001555590530779575,1.0,3.691092738616634,26.0,3.056,1000.0,500.0,500.0,1102.0,1102.0,1102.0,0.0,7.0,350017.0
49.606890761883186,49.855915221161254,9.471454404860983,10.086371688256776,-0.05628582537323803,38.93114730593887,9.729338910709277,1.5832009491443617,1.235725369506667,-0.007156921303728411,-0.3685699588170289,-0.01458993603221758,0.005104122077520049,-0.09144714584995814,-0.10984640552064792,-0.01997767026376129,-0.04367838485595913,-0.0069249118236772555,1.0,3.7576876544649083,27.0,3.118,1000.0,500.0,500.0,1115.0,1115.0,1115.0,0.0,7.0,351132.0
50.5101480897363,49.648116329087195,9.980722329536901,10.597633579653996,0.022204027561792666,38.453793469947215,9.742201022686173,1.539376568928283,1.1140377260288923,-0.1135569590335926,-0.3128604926836936,0.05380895713141195,0.11836879902613928,-0.13059646143551396,-0.034601481650562406,-0.015902430424948287,-0.05233315148189786,-0.05977689910477119,1.0,3.7571354263518617,28.0,3.032,1000.0,500.0,500.0,1089.0,1089.0,1089.0,0.0,7.0,352221.0
50.14380384606559,49.826231687204576,9.67020666512696,10.500822033364255,0.05298408190814644,38.182934492451004,9.647038147715879,1.5496621730191806,1.019344627920567,-0.046941096601437235,-0.20629466367672977,-0.017046981448845727,0.07385032208844394,-0.14306227341860156,0.11536636670153215,-0.06189479134038481,-0.041028716749460854,0.08619114476032486,1.0,3.8635252370217077,29.0,3.082,1000.0,500.0,500.0,1073.0,1073.0,1073.0,0.0,7.0,353294.0
49.78114896181004,50.24195254694036,9.384658143098928,10.232911013248298,-0.037926615335736304,37.896818742434746,9.403125202687686,1.5632977610378735,1.0363108300089616,0.030250723681561793,-0.25765579375773323,0.023017648034950385,0.0585045489771675,-0.12249126943622271,0.13861526832885454,-0.06826025030149396,-0.07647740956035434,-0.0442030890258375,1.0,3.8080064680923464,30.0,3.204,1000.0,500.0,500.0,1062.0,1062.0,1062.0,0.0,7.0,354356.0
50.81212467340648,50.64517844221821,9.424209994923146,10.74783743410688,0.04316682403440897,36.89536386300206,10.178268037316005,1.4036299945648762,1.2946548609094852,-0.1257493221569571,-0.4210277480426257,0.01332076106548392,-0.0054310920973742,-0.09607891677253824,-0.1629398360119494,0.0374155794274677,0.032234051752115654,-0.0047858891236071234,1.0,3.6674098342258517,31.0,3.186,1000.0,500.0,500.0,1121.0,1121.0,1121.0,0.0,7.0,355477.0
50.83563436852738,51.01041249654498,9.693833848796862,10.493958453880511,0.006890604664779418,36.70443694509274,10.209445936985551,1.6208330365712613,1.0499847697660942,-0.10805452307828557,-0.16338731124583258,0.04260655837181722,-0.0127621385937385,-0.22260019911698034,0.07224151682382043,0.031503984404024014,0.029864431495254983,0.06827632614767794,1.0,3.61493616703497,32.0,3.06,1000.0,500.0,500.0,1086.0,1086.0,1086.0,0.0,7.0,356563.0
49.72793771662155,51.693400681007695,9.462423625487473,11.107790836356047,0.0009075737095383363,36.373869083765136,9.847782457904886,1.6319123920395324,1.2264912798835592,-0.021913151695080384,-0.3934420001945705,-0.006441524893623719,-0.10013362489440918,-0.17870506551103227,0.04041937679593529,-0.006428266256981369,-0.028991956425420292,-0.0033844453627511015,1.0,3.6377278998137004,33.0,3.232,1000.0,500.0,500.0,1009.0,1009.0,1009.0,0.0,7.0,357572.0
50.37245134620316,51.959433960337996,9.791662110940551,11.046392516015471,0.021413075596886808,35.75625284888346,10.014513945722827,1.6085673911776694,1.2556032258990844,0.029032088102958858,-0.2807805593594641,-0.006867054375719767,-0.11378666467568918,-0.1483906926167231,-0.11149265598379046,-0.047979967288675346,0.07312479954053841,0.012507389433532244,1.0,3.6603717367211663,34.0,3.086,1000.0,500.0,500.0,1048.0,1048.0,1048.0,0.0,7.0,358620.0
50.565589825063164,52.70190062904128,10.023144974336024,11.338613571414838,0.052814994857963746,35.35011980350012,9.90653730396881,1.6130910052494098,1.049065715055169,-0.0008337132408948059,-0.2829563457356019,0.010271191172079194,-0.030998826380376744,-0.22650180049576968,0.21826023748412743,0.0016455302017627908,-0.054852579715840864,-0.008445105196134693,1.0,3.539278334359288,35.0,3.12,1000.0,500.0,500.0,1058.0,1058.0,1058.0,0.0,7.0,359678.0
50.79330727015404,52.684155549655586,10.063287997312925,10.634555711827241,-0.07526427224110196,34.83277416432114,9.548528724468802,1.5047645436851211,1.209787054138067,0.04876066643703415,-0.3843401185452865,0.0032812564722687087,-0.05948291827439421,-0.09222712816157136,0.017992767207944006,-0.002720084110030753,-0.09787994721795136,-0.02909564775225365,1.0,3.562689288886242,36.0,2.952,1000.0,500.0,500.0,1088.0,1088.0,1088.0,0.0,7.0,360766.0
50.99752703525091,51.99520656645563,10.194628168296441,10.375265258429593,0.002183152195937251,34.40012940221718,9.717996322879838,1.5788233097621878,1.136619760301314,-0.01523820491583508,-0.3807204212401524,-0.06488251886648738,-0.01840283104510866,-0.10308040052876342,0.11853897759999649,0.0013438284887402569,-0.09779359715070154,-0.004635019874758257,1.0,3.578840602490442,37.0,3.06,1000.0,500.0,500.0,1035.0,1035.0,1035.0,0.0,7.0,361801.0
50.789406890445576,52.19799576658663,9.882625280394189,10.78231756245917,-0.002329495236476765,34.956137165210286,9.55818779613247,1.5707068896139853,1.2628375696792187,-0.03798443217148356,-0.28254023067000905,0.013703432589449477,-0.09505773532369585,-0.17590135639758925,-0.14785093038234895,-0.04643472239322649,0.0038949950853138537,-0.01955778162109531,1.0,3.5459160469826774,38.0,3.048,1000.0,500.0,500.0,1002.0,1002.0,1002.0,0.0,7.0,362803.0
50.95357833879044,52.57240930673181,9.582647341776042,10.622108066205842,0.009361327326873455,34.87216722374093,9.31442422571302,1.5868538338487335,1.1208651073406266,0.005589218378888538,-0.3006364016308053,0.0006905621706332838,0.11675028979515596,-0.09873106440723614,-0.054462462834825844,0.06029912882861336,-0.06316770381746598,-0.10650622347108753,1.0,3.4399683313804985,39.0,3.044,1000.0,500.0,500.0,991.0,991.0,991.0,0.0,7.0,363794.0
51.05956746917834,52.6002744557975,8.892245069523472,10.61818486624649,0.0051876291880519985,34.927557224710085,9.255509752240968,1.4357211336944296,1.1826118695941896,0.1275814506727382,-0.24215785294077014,0.05582636900685561,-0.007823722432460467,-0.1756806904350783,-0.11647152486107704,0.019350853998998413,-0.11802599648746688,-0.011441560700729126,1.0,3.56353261029771,40.0,3.042,1000.0,500.0,500.0,1051.0,1051.0,1051.0,0.0,7.0,364845.0
51.33207983410756,52.9045682483649,9.108852934550285,10.997625071731184,0.0347363092973909,35.20504615329645,9.14222395749637,1.4217662310841894,1.1012794861962543,0.060012334436838045,-0.2288127822548933,-0.09798499640078424,0.12061511495315468,-0.20871963853316036,-0.08756489330684383,-0.06021951582037001,-0.06388629435009485,-0.00581936963289112,1.0,3.537335416285018,41.0,3.032,1000.0,500.0,500.0,1069.0,1069.0,1069.0,0.0,7.0,365914.0
51.866778732795154,53.2550153662624,9.330362395573749,10.890850838795837,0.010515328653268272,35.02014275112426,9.04531458208269,1.683353894936673,1.1256083406131372,-0.056213911045705466,-0.32053891378511595,0.06298644140786498,0.004777516804955961,-0.1983132580890213,0.06261261251230751,0.04658551841216085,0.01084478773735995,-0.052380431656223546,1.0,3.583944753468335,42.0,2.988,1000.0,500.0,500.0,1077.0,1077.0,1077.0,0.0,7.0,366991.0
51.538310399914856,53.89729556322903,9.174431946150197,10.887871638401567,0.004953523463132731,34.513298868161456,9.30316369963696,1.5367283612173952,1.2348994574594836,-0.0077742303472254914,-0.32197455505914174,-0.010695971976330527,-0.10002521209987628,-0.08816719491990932,-0.04523312470104173,-0.004695814154333883,-0.005896966328024781,0.043283201942848244,1.0,3.6088966351537555,43.0,2.89,1000.0,500.0,500.0,1093.0,1093.0,1093.0,0.0,7.0,368084.0
51.23104348191111,53.84226822613817,9.120119487131308,10.938350704332334,0.10226845556928552,34.15952313875242,9.366407063135895,1.4664987913464804,1.1845566178669762,0.06534408521757867,-0.2171765566807273,-0.07455731737550618,-0.030494796813546974,-0.13257082072259332,-0.12266169913559097,0.001403601443867183,0.008516902312736194,-0.018766238068060537,1.0,3.6323191439975773,44.0,2.946,1000.0,500.0,500.0,1109.0,1109.0,1109.0,0.0,7.0,369193.0
51.62544229561149,53.66109755228855,9.209019164114322,10.528442490869885,-0.05071128552348869,33.29644064555338,9.006980296106759,1.5420096021947873,1.0524351910249452,0.04232952061350998,-0.3450059563631439,0.12361448105057858,0.1008231824280134,-0.1057352969621209,0.13278324387172852,-0.059991361947758455,-0.029873852210242777,0.022271455293921695,1.0,3.5053841723820662,45.0,3.048,1000.0,500.0,500.0,1080.0,1080.0,1080.0,0.0,7.0,370273.0
51.5262304452556,53.863929828623874,8.961165392341165,10.566706635827513,0.031028456092178393,33.075421919798096,9.47674295253427,1.7044889453070526,1.2503459647563955,0.06574717044362455,-0.4115970659226538,0.028105365767909278,-0.015276123068135253,-0.11124718854715095,-0.0748051024032194,0.03546822765989532,-0.04229043947305974,0.038773674270502545,1.0,3.438713730776133,46.0,3.05,1000.0,500.0,500.0,1061.0,1061.0,1061.0,0.0,7.0,371334.0
51.67107567457899,53.34733374111553,9.490369208144598,10.685967987848338,-0.05065263870682031,33.53923856316779,9.907260412950292,1.8280936734239255,1.3280507861591948,0.07701104268180402,-0.4511157794938132,0.04718886376353385,-0.11168640926891668,0.01422706545662869,-0.11356453919502138,-0.0617048068093867,-0.04987673837724052,-0.04555462315864519,1.0,3.3635703230055287,47.0,2.876,1000.0,500.0,500.0,1072.0,1072.0,1072.0,0.0,7.0,372406.0
51.729657964183524,52.97587229682021,8.808054383424434,10.842180165902715,-0.07664433625500483,33.17160702729506,10.100562400627501,1.4531446908448342,1.2247134362635717,0.0020319778761316507,-0.35018880470657093,-0.041771987331561414,-0.03574787239617865,-0.1592296749267921,-0.0628332465030844,0.012597295486351894,-0.0700650385526642,0.011561133783936103,1.0,3.3210911368291427,48.0,2.912,1000.0,500.0,500.0,1009.0,1009.0,1009.0,0.0,7.0,373415.0
52.34467472133415,53.46059705686701,8.814234125426923,11.07541393495521,-0.025285111607189395,33.051481433699145,10.309803375921044,1.5096431484052992,1.2839757157710405,0.021771288465186132,-0.4127275715599338,-0.0462663462013219,-0.09017686853086096,-0.18856103057884951,-0.06971101442454103,0.037755194203792974,-0.08864840186555165,0.05360949777849066,1.0,3.247067153712894,49.0,2.824,1000.0,500.0,500.0,1065.0,1065.0,1065.0,0.0,7.0,374480.0
52.5722507899778,54.64482384484875,9.164741191878303,10.697505177712175,-0.06922924903426775,32.59612761000703,9.852858077960382,1.7365116406499288,1.239528805443203,0.0771231945625713,-0.33591096009575494,-0.10433335535679197,-0.037857069308809436,-0.17170090912620212,-0.10251743805773175,-0.0022401106596837686,-0.047584477801126075,0.037438018656822405,1.0,3.3589860432407455,50.0,2.944,1000.0,500.0,500.0,1114.0,1114.0,1114.0,0.0,7.0,375594.0
50.40762178374958,49.82584229913238,9.854710113217417,10.264377455379341,0.1075628496551613,50.193842907331494,10.68482789818275,1.5939994755550362,1.1905462739398671,-0.08863348539169164,-0.33880856386902947,-0.11955830923068939,0.0012326912783429675,-0.22688167026751477,-0.04620963875151243,0.04329878013285584,0.05066270093555744,0.014474887106996386,1.0,3.942,1.0,3.28,1000.0,500.0,500.0,1048.0,1048.0,1048.0,0.0,8.0,376642.0
50.63017733777885,51.04534660696068,9.612748573515557,10.14789372053859,-0.032996861828433685,49.63384656646092,10.319415750644511,1.5672489182939962,1.1350955424185984,-0.0935664807420728,-0.28332919533101647,-0.02578030944752819,0.04682320720792946,-0.19656354869237266,-0.03755529868721946,0.04510475473810146,-0.02829486689302189,0.01659596313759943,1.0,3.735281861479383,2.0,3.264,1000.0,500.0,500.0,1045.0,1045.0,1045.0,0.0,8.0,377687.0
50.21600920422138,50.67866965659191,9.328360184132704,10.04379035637278,0.001467141267992627,49.393818999299164,10.582534828385443,1.5736771120293853,1.1810012218123478,-0.07154144279068214,-0.3292658911173618,0.06219405929271566,-0.025484941709441274,-0.16454984486780888,-0.028294823620276847,0.0466979980019731,-0.07125204047489095,-0.060285659059017116,1.0,3.7609088336093053,3.0,3.102,1000.0,500.0,500.0,1056.0,1056.0,1056.0,0.0,8.0,378743.0
49.70223846138128,50.74572746912029,9.46872052278941,10.315372573562517,0.04531497048174,48.666048985380975,10.238539844801654,1.5826675085922446,1.2039929387674566,-0.07455917822836336,-0.45159598521670913,-0.07993878680970112,0.07648668703786367,-0.23903238198509488,-0.07804828872789003,-0.0035848312460379297,-0.1163250849629325,-0.14807774212108377,1.0,3.767653941933569,4.0,3.242,1000.0,500.0,500.0,1073.0,1073.0,1073.0,0.0,8.0,379816.0
49.626308476144615,50.73271031674375,9.490091229721019,10.212008651181995,0.012319701499875426,47.62543900842073,10.403168493077953,1.5771525479874267,1.1449534350153512,-0.056485913115300615,-0.3958458145095568,0.08846127691941527,0.048972895826936265,-0.19554212836731197,0.037926291278378564,-0.04484232181813294,-0.04704868625252912,-0.0669189989049078,1.0,3.691934787469199,5.0,3.128,1000.0,500.0,500.0,1054.0,1054.0,1054.0,0.0,8.0,380870.0
49.40468919267894,51.13333825142601,9.139523271056559,9.978465419619223,-0.008929118823581451,46.98648029444786,10.671483056648864,1.58482111367273,1.1467322590967888,0.0285820999942687,-0.32254431399924655,0.02606197086816536,-0.06464026433286989,-0.33188887815911516,0.09152333658303549,0.04968671043095051,-0.06260531959530323,0.038237407801358377,1.0,3.6900180005432315,6.0,3.04,1000.0,500.0,500.0,1038.0,1038.0,1038.0,0.0,8.0,381908.0
49.434523835234046,50.58317161093593,9.189463680996624,10.075572584485565,-0.040255731931363864,46.45894995597634,10.791800802658011,1.637864977201278,1.2085985266315695,-0.02445337991723545,-0.42610180873118514,-0.05701481946813558,0.018476587487382467,-0.22683922689090624,-0.02872050885876782,-0.06160422284741327,-0.07281541813004164,0.08384682101757818,1.0,3.6059029719423465,7.0,2.998,1000.0,500.0,500.0,1061.0,1061.0,1061.0,0.0,8.0,382969.0
48.98057902827595,50.741009102062705,9.353571074469755,10.059851079748114,0.028211874717543193,45.16555854397318,10.676629077765657,1.7045519532686104,1.22279645240471,-0.07634469434702683,-0.41905038157997504,0.06860348504446047,0.04430994750812143,-0.10818135147707135,-0.0721537874902125,-0.029425220419836903,-0.010040451668223194,-0.0017829898616385266,1.0,3.600662227047919,8.0,2.962,1000.0,500.0,500.0,1084.0,1084.0,1084.0,0.0,8.0,384053.0
48.595638600090226,50.22953856840509,9.047088458461307,10.193996668265168,-0.0028337672568627538,45.2537405787214,10.152760516541488,1.682686790617436,1.161212809441323,0.018412563938017042,-0.324097957215537,0.01591340333141252,0.027985251995892836,-0.15097053694510285,-0.035304282511498836,0.04929884922816515,-0.06356465475358707,-0.003479056867391231,1.0,3.344278947930203,9.0,2.88,1000.0,500.0,500.0,1026.0,1026.0,1026.0,0.0,8.0,385079.0
48.468907771308395,50.46281906196361,8.883008165525979,10.17151076053705,-0.025664597943676648,45.05444386836331,9.216997103343905,1.4872765794914307,1.1942267149173005,0.004978499015511496,-0.3740249895577819,0.008633765981745579,-0.04528917732962984,-0.1462272931664531,0.019341455771232974,0.02219398399587241,-0.0715611446021124,-0.01984034675931502,1.0,3.2552075670681475,10.0,2.89,1000.0,500.0,500.0,1143.0,1143.0,1143.0,0.0,8.0,386222.0
48.37853843867312,50.226512036418214,9.599292249548496,10.088116347006595,0.042413006147615825,44.42036067784576,9.534844566686461,1.5183129025835078,1.1892460018171755,-0.01746508077880491,-0.46688726342388553,0.030189468056149405,0.1432841723430578,-0.11774663021403062,-0.04972469841065047,-0.04763964785998404,0.007938523357029827,0.08911150057443978,1.0,3.408704618216375,11.0,2.81,1000.0,500.0,500.0,1091.0,1091.0,1091.0,0.0,8.0,387313.0
48.35503215823348,50.448377640814215,9.361147792428554,10.009936959974539,0.033326372548634346,44.20244969501775,9.534341891133002,1.7368851145499584,1.2447060042764622,0.09759438351446115,-0.4512216078813184,0.05642003000858734,-0.010027021509991805,-0.17736316248708214,-0.032145180917292335,0.03324618006323941,-0.07164604870148246,-0.01867955609038096,1.0,3.3652190218052853,12.0,2.762,1000.0,500.0,500.0,1033.0,1033.0,1033.0,0.0,8.0,388346.0
48.12359526096109,50.6498436250671,9.072311340000065,9.74906461895647,0.004669459222907502,43.94422841883512,9.095786980071505,1.7289806960617258,1.1546584037568506,0.07993392884345318,-0.35247806661173525,-0.005258332342808384,0.09347330379571875,-0.2668320434863574,-0.05266307141379097,-0.005832400980668787,-0.07048657273423341,0.0398885749029445,1.0,3.36914128197777,13.0,2.932,1000.0,500.0,500.0,1059.0,1059.0,1059.0,0.0,8.0,389405.0
48.36190371849697,50.40149397233145,8.873378241886405,10.379773030471073,0.03540412080950977,43.396111750001324,9.324044785084778,1.507089610050249,1.1212879778953293,0.028899036564090312,-0.3523555025555614,0.1339073758783191,0.00850135332442898,-0.20793143709705514,0.09197414426251196,0.026543673355400033,0.05426663461482919,0.04111038645529292,1.0,3.3238832369633204,14.0,2.962,1000.0,500.0,500.0,1139.0,1139.0,1139.0,0.0,8.0,390544.0
48.4235897287474,51.051652858608115,9.167081072848093,10.466593954072536,-0.02282635582953358,43.44245460943046,9.70195684518537,1.5564933646792825,1.1284020433094994,0.09745681415453653,-0.27457048472540785,-0.06514330631575097,-0.07191808688035851,-0.21534772500642718,0.09333896536952523,-0.06277154940862203,-0.07910025214480422,0.0907370271914473,1.0,3.2845765207566555,15.0,2.904,1000.0,500.0,500.0,1116.0,1116.0,1116.0,0.0,8.0,391660.0
48.44044937614685,51.25946034188474,9.599825353618463,10.176757960667155,-0.015835329159231505,42.33241896760732,9.95222931953567,1.5859850472412256,1.2381672778119415,0.1369382898988825,-0.38864422396538056,0.02823609307324164,-0.05413311154468259,-0.2930724543782051,-0.041399939944062346,0.03280250717369893,-0.07425890055997209,0.09218228009712186,1.0,3.319249401627643,16.0,2.932,1000.0,500.0,500.0,1094.0,1094.0,1094.0,0.0,8.0,392754.0
48.77172256659885,51.49752262064424,8.964505903571078,10.969935095181848,-0.014880744563084494,41.97926052680767,10.301475135812224,1.390883199120993,1.080046410600481,0.012714523731810734,-0.22818773728958197,-0.014033292063431917,0.10189778704711515,-0.17991166435739825,-0.04673927283083102,0.0060763731239703075,-0.04353876494781935,0.1495075742221225,1.0,3.284205885631524,17.0,2.986,1000.0,500.0,500.0,1052.0,1052.0,1052.0,0.0,8.0,393806.0
48.75762978875741,50.40389966313669,9.603184151332231,11.103356518651065,0.053552471237966824,41.7862094696703,10.436923668372192,1.6913865959277863,1.2789562817500495,-0.04083804467766634,-0.3775578840123636,0.03671506205171377,-0.08629517579309237,-0.20136040290207616,-0.09680530223402076,0.010827878101617432,0.013637380031368383,-0.0036991635482386,1.0,3.3029627986443795,18.0,2.984,1000.0,500.0,500.0,1114.0,1114.0,1114.0,0.0,8.0,394920.0
48.45101192942114,50.68548475333642,9.38298949807123,11.31264537286208,0.0009952588285343962,41.991435659448115,10.365575391375707,1.485310539396371,1.2025430144878764,0.04786507607111621,-0.3943478788259172,0.026164327405679137,-0.02649212399899314,-0.1238927844875822,0.023436731056612543,-0.08252701877471846,-0.04130265888579139,0.06600886042000874,1.0,3.316082433632992,19.0,3.026,1000.0,500.0,500.0,1134.0,1134.0,1134.0,0.0,8.0,396054.0
48.6662413570434,50.04551956410572,9.274094843653591,11.356450869231931,-0.006413329098743338,40.84162871479477,9.977900913736974,1.6102214276031235,1.1607779397954514,0.012722063263722844,-0.23047271082152965,-0.06165029264244885,-0.05382377771364107,-0.20221768146139943,-0.04103017447666795,0.018646177245457637,-0.09171721960998529,-0.07003184841649265,1.0,3.3823710805192246,20.0,2.896,1000.0,500.0,500.0,1083.0,1083.0,1083.0,0.0,8.0,397137.0
49.22742231741326,50.6366289868621,9.505968191599425,11.578970548013556,0.02789603313030759,40.13609528096904,9.749761679723226,1.4513490420217547,1.1622121224696789,0.03816150461023788,-0.25838699349133576,0.0031967913283368734,0.04898181084674069,-0.1037582630286592,-0.11905327295137337,-0.046646239213307183,-0.05944883996418155,-0.049990917320964466,1.0,3.3328620478321334,21.0,2.946,1000.0,500.0,500.0,1118.0,1118.0,1118.0,0.0,8.0,398255.0
49.48497924027151,52.173206793993536,9.249836921294776,11.598059583968494,-0.04981759369440794,40.821669404131484,9.75451291628295,1.5947569190812438,1.1617003942204849,0.014567159866570385,-0.31300957402707247,-0.03532703414442037,0.029406081001961137,-0.18748908178632245,-0.016333316097481763,0.12168776511367821,0.02217633789613995,0.07591199571443735,1.0,3.3063954483140545,22.0,2.984,1000.0,500.0,500.0,1110.0,1110.0,1110.0,0.0,8.0,399365.0
49.11226817214524,51.50566963514119,8.67521162259693,11.09040703221447,-0.04668685078683723,39.96450834410932,10.450268509324927,1.6979606276421257,1.176065290800597,0.09013080768698785,-0.21109934896107888,0.011378007626810266,-0.05755070622626411,-0.14531087460418224,-0.07968823221612524,0.04029819300177145,-0.07681509232758213,0.004886460282862416,1.0,3.3031595725607974,23.0,2.818,1000.0,500.0,500.0,1058.0,1058.0,1058.0,0.0,8.0,400423.0
48.91941650980418,51.94463701475141,8.994709120757145,11.055680330843735,-0.023232182622259647,39.89667799656266,10.32316371786385,1.4290331033278023,1.1007386675951902,0.056032361398644745,-0.21126115693224684,0.023908823897331476,0.032748387751720294,-0.2149105688825423,-0.023714490385877546,-0.0588731302889988,-0.07656879415316993,0.11363461540264122,1.0,3.3316555890491912,24.0,2.972,1000.0,500.0,500.0,1070.0,1070.0,1070.0,0.0,8.0,401493.0
49.1271721777359,52.176678426912446,9.170769460281095,10.894360880713618,-0.03991202245796553,40.09209584176119,10.493157600980602,1.4122640837874272,1.3247261073637049,0.04853408962020645,-0.3088301549199237,0.08068253731918881,-0.140461315932438,-0.14242980274781597,-0.19979518113659905,0.03971912464308156,-0.04475331587608023,-0.03986536204997205,1.0,3.4697953607171144,25.0,2.902,1000.0,500.0,500.0,1143.0,1143.0,1143.0,0.0,8.0,402636.0
49.64438636126957,52.73373167244847,9.073841101418006,10.61591518304223,0.015202621291360654,40.38032181653271,10.330835947083225,1.584586466165413,1.1781717083813263,0.07322841383734983,-0.3848539513315016,0.0047418960829396705,-0.002493788918859642,-0.20048946722324276,0.032331549488427834,-0.051785047037427694,-0.05218548053784175,0.006949894875566269,1.0,3.293426031520381,26.0,2.966,1000.0,500.0,500.0,1064.0,1064.0,1064.0,0.0,8.0,403700.0
49.42818692591559,52.33824329283545,9.188142841979607,10.97943676935629,0.050008473692164046,39.592954534248044,9.94638327983214,1.5838210961779835,1.2483304485957873,0.037798431073642676,-0.4218234845445877,-0.019658206860659864,-0.05184775635444476,-0.15084919301280833,-0.030860894661762773,-0.001635285705414694,-0.048010702198896305,0.02540024347825793,1.0,3.362213064384568,27.0,2.856,1000.0,500.0,500.0,1103.0,1103.0,1103.0,0.0,8.0,404803.0
49.28982535836693,52.3220837119232,9.102018895370737,10.412073491330128,-0.06879621230156484,39.72602036025764,10.050025005166125,1.6818659222509358,1.2549536383520103,0.0794539462505219,-0.45751458431333947,0.06469929894442786,-0.07277303957997133,-0.13752139130815905,-0.009639380621356051,-0.028952475049778787,-0.13480786397029096,-0.1079973760228898,1.0,3.5017423785867514,28.0,2.964,1000.0,500.0,500.0,1076.0,1076.0,1076.0,0.0,8.0,405879.0
49.496100396698296,53.03417735842662,8.89921891147741,9.990486337952579,0.01886788740346624,39.68710863485761,9.780399301335278,1.7300469418583515,1.1838727236791975,0.09400846524462857,-0.2836147507717405,0.034085044137081334,-0.07515392318387289,-0.22858825056629753,-0.016052913877691304,0.06682650951337425,-0.046242481439432145,-0.107366344117507,1.0,3.435990766934941,29.0,2.832,1000.0,500.0,500.0,1041.0,1041.0,1041.0,0.0,8.0,406920.0
49.92215072691922,52.69123676044304,9.29869671742326,10.191749206353025,-0.021611829742140334,38.88881674435669,9.660952063748093,1.5758428723337714,1.1186165256431344,0.03241696210372846,-0.33312526824296473,-0.04912010881428234,0.035763570488226634,-0.2789170152907796,0.059615251187072615,-0.023491116767417212,0.024091307170294944,0.03804050273712559,1.0,3.5187816694020695,30.0,2.828,1000.0,500.0,500.0,1095.0,1095.0,1095.0,0.0,8.0,408015.0
49.81959056824963,53.2564907979704,8.758404032620026,10.590869625027313,0.0018409211717378875,38.08815297294488,9.62096302302463,1.7009356670080775,1.044406231522504,0.13289004925015482,-0.2316437334354196,0.03693304582715679,0.03589060476390393,-0.212538017946421,0.09948191630846673,0.015123555496536706,-0.07244759446314723,-0.031095412708208443,1.0,3.4023096201498073,31.0,2.986,1000.0,500.0,500.0,1061.0,1061.0,1061.0,0.0,8.0,409076.0
49.7163512288451,53.68092001178129,9.266326390934571,10.38671077345911,0.0038510169204683084,37.20561683312681,9.963673693298807,1.5593291418650996,1.1514457030597738,0.20336518145614346,-0.3647946529737732,0.0972684846374396,0.0845178517654283,-0.14773326208167198,-0.01484708834403508,0.05468546318570715,-0.0724180428662961,0.008975478449137384,1.0,3.4130037104196265,32.0,2.924,1000.0,500.0,500.0,1093.0,1093.0,1093.0,0.0,8.0,410169.0
49.983035063732174,53.62986010818671,9.154694403889252,10.663884186436395,-0.015068453131172598,37.41861405218729,9.79939877585016,1.4881515658134339,1.1817316541339484,0.10009717239776147,-0.28942935428882965,0.08200754922114042,-0.04368950493343402,-0.14336787300570375,-0.021369820557773492,0.031258566765273166,-0.08099426404901837,0.005106620490929433,1.0,3.3693289601547436,33.0,2.784,1000.0,500.0,500.0,1129.0,1129.0,1129.0,0.0,8.0,411298.0
50.357373418714246,53.714080267376886,8.941059891946615,10.705781389925422,0.0795065935725658,37.49619232659207,9.499806851980216,1.517500388178665,1.1880099597127087,0.0583084610406427,-0.2900218926021746,-0.03567203327676586,-0.06245479705783466,-0.1780287478053158,-0.03141736418752997,0.014599846212633882,-0.08462149299884372,0.013778879936318357,1.0,3.2986261927364384,34.0,2.956,1000.0,500.0,500.0,1112.0,1112.0,1112.0,0.0,8.0,412410.0
50.578005708401875,53.30040571216893,9.001583087020741,10.408150653697456,-0.015296962572289404,36.22621456757217,9.303234496099925,1.519910403185665,1.2203348984337703,0.09103960820570126,-0.27225775552109616,-0.01265467804000487,0.01820483960473958,-0.16475097616628528,-0.19367572375961906,0.022288393380695697,-0.023320081250371025,0.060263655998756493,1.0,3.2601601277734917,35.0,2.9,1000.0,500.0,500.0,1148.0,1148.0,1148.0,0.0,8.0,413558.0
50.455841639813805,52.81432899779533,9.218693807235052,10.548779330627797,0.03841944385248013,35.88639767703384,8.972861362801606,1.89473587262057,1.273438535292709,0.10126483778130045,-0.4487774546121083,-0.027487947293273918,-0.036332764611202835,-0.27688463954696374,-0.05578327581503956,0.007202459824800099,-0.16642645373545403,0.04721942161135234,1.0,3.311841905053797,36.0,2.788,1000.0,500.0,500.0,1042.0,1042.0,1042.0,0.0,8.0,414600.0
51.328323083539296,53.995964863331174,8.696694092503835,10.701566359467392,-0.08954308562543413,35.455569301158924,9.169063440053362,1.4576455916038038,1.1650436582522068,0.06576245098900615,-0.3469251244562984,0.041323485261649674,-0.06166445723864701,-0.15277195012020423,0.10543624107311748,0.007546647170394885,-0.055278852807756886,0.1264621901451432,1.0,3.3262259982055626,37.0,2.92,1000.0,500.0,500.0,1058.0,1058.0,1058.0,0.0,8.0,415658.0
51.15196445314439,55.137865776221545,8.90572415224869,10.424912459477534,-0.02454377012673601,34.5903075922371,9.122048438134643,1.5815863233293448,1.1787092340322955,0.08690497501816515,-0.31212534065921704,-0.08114114538653615,0.026447594045120978,-0.1355225556401483,-0.07260421539226165,-0.002915440671137904,-0.11757236441758441,-0.012191446074303513,1.0,3.357416794798356,38.0,2.968,1000.0,500.0,500.0,988.0,988.0,988.0,0.0,8.0,416646.0
50.82779465356746,55.02518067624149,8.932197296168818,10.204113654990943,-0.02162474753604392,34.68050560930049,9.308794637672385,1.6221090881087246,1.1651821109056892,0.10326383758030103,-0.23515525176172422,-0.004855778760089686,-0.049396036764132255,-0.19369475657540136,-0.04908091547661722,0.017745982985370168,-0.1132928666525108,-0.053061365701566936,1.0,3.5146072374562785,39.0,3.046,1000.0,500.0,500.0,1093.0,1093.0,1093.0,0.0,8.0,417739.0
51.484189638103615,54.30961120814506,9.047286441038805,10.319174450361617,-0.03617388930617284,34.4010330571049,9.177810463157902,1.5329280648429595,1.0999149479226427,0.172276946504833,-0.14946254492328606,-0.009131841460790468,-0.038332850136757725,-0.167267902942326,-0.012100985414248642,-0.09209698617954121,-0.07590270096792082,0.054128883077096804,1.0,3.5908052450910066,40.0,2.972,1000.0,500.0,500.0,987.0,987.0,987.0,0.0,8.0,418726.0
51.69094100801598,54.346182186907484,9.133264300570493,10.11367955646331,-0.025711448409279556,34.39605360308499,9.403718697990179,1.6562615899714292,1.1905508001946283,0.10137983013784832,-0.3554744419736986,0.0606338028620515,0.07421094469870952,-0.17209718257308626,-0.09931462483279709,-0.016329666060896385,-0.09160395359204034,0.052966560508671164,1.0,3.6245457363600364,41.0,2.852,1000.0,500.0,500.0,1083.0,1083.0,1083.0,0.0,8.0,419809.0
52.10866155320879,54.932379746169644,9.20287942536723,10.164560826350431,0.06907795938703801,33.60938866809786,8.886722787465567,1.4468449931412892,1.1041141503293148,0.143147172461712,-0.2560724837195435,-0.09992218358941786,0.0527784171147056,-0.15205087820648394,0.003427619226111952,-0.04218110052503296,0.021309666507330228,-0.03427868319717215,1.0,3.7067652552983468,42.0,3.088,1000.0,500.0,500.0,1080.0,1080.0,1080.0,0.0,8.0,420889.0
53.03652972953958,54.748534073798595,8.980010429309225,10.004455784335038,0.04136689698560242,33.30093308510356,9.622931317536505,1.7103424072265616,1.2078479761310268,0.09649138141791228,-0.4573600322298949,0.04523997239250347,-0.09080327895343612,-0.09968432493787606,0.1273022399412657,0.0301343517970841,0.010077068072058954,0.034798265506651486,1.0,3.6930133117909905,43.0,2.988,1000.0,500.0,500.0,1024.0,1024.0,1024.0,0.0,8.0,421913.0
53.193694328945135,54.67500780056179,8.436058934723668,10.138777054110813,-0.06194120597945535,33.069711167467865,10.236404981075237,1.704440210056127,1.0961560365520149,-0.012644029033097057,-0.2760514103349882,0.03238935482466261,0.055627071627110294,-0.1311415468269792,0.016305231684651665,-0.06298448185160727,0.009155754181174454,-0.03753365428339331,1.0,3.720073751951217,44.0,2.984,1000.0,500.0,500.0,1039.0,1039.0,1039.0,0.0,8.0,422952.0
52.91142589886726,54.8490802706229,8.805848534316622,9.649059600206176,-0.07134775090603737,33.06846025997758,10.810079460948904,1.7204865761370978,1.1854557959425778,0.10339787037515485,-0.3398857797517438,-0.03156212206618054,0.05959460997660038,-0.136776403161621,-0.09880259241825681,-0.049581376935324016,-0.06810330538343234,0.028647811843317782,1.0,3.6125875696780763,45.0,2.994,1000.0,500.0,500.0,1053.0,1053.0,1053.0,0.0,8.0,424005.0
52.939828302641224,54.95809173796559,8.717075933066674,9.84750634426256,0.007998846051086004,32.133258803787,10.739786545946597,1.6736577093931726,1.306729313336944,0.026215297162969237,-0.4202631706063138,-0.010370649806841067,-0.13901030061115344,-0.16482970698823035,-0.052743315961561926,0.05947325292896205,0.00535426156246355,-0.03079447272487986,1.0,3.6903043791096652,46.0,3.04,1000.0,500.0,500.0,1074.0,1074.0,1074.0,0.0,8.0,425079.0
52.58348509372258,54.6980889285093,8.609625380728865,9.713185608779424,0.03168553781938606,32.17244087400204,10.544861867682895,1.5177185407864955,1.2000923753583825,0.03433152901852462,-0.3182951957844915,-0.06238744486697642,-0.09943211586854166,-0.0582004114993669,0.013696596931275071,0.0373802893018324,-0.05061327948293784,0.06432930672920133,1.0,3.6424445802518908,47.0,3.16,1000.0,500.0,500.0,1049.0,1049.0,1049.0,0.0,8.0,426128.0
52.643307693871286,54.63061520623712,8.572791975048474,9.62234816642234,-0.011659544852066162,31.297818752169736,10.619032004190073,1.4518632290441107,1.2247193704387198,0.03371463727115682,-0.3642466328726731,-0.08659592573058994,-0.043588043478089575,-0.18569253539576647,-0.04417234046020459,-0.05705738101113241,-0.015541132730790148,0.05789069511063436,1.0,3.6519514255298184,48.0,3.162,1000.0,500.0,500.0,1109.0,1109.0,1109.0,0.0,8.0,427237.0
52.76863582217262,54.89799562443108,8.418841197948803,9.568502947665072,0.01321258589650494,30.685426460754623,9.937909292552925,1.4792243767313016,1.19715630422509,-0.028726719971611893,-0.3681594920187248,-0.01268476916832467,-0.050985015117758055,-0.18184152841582432,0.02404459665540236,0.006956235229812799,0.0239690606246379,-0.00563714655120604,1.0,3.8205660228851688,49.0,3.164,1000.0,500.0,500.0,1140.0,1140.0,1140.0,0.0,8.0,428377.0
52.61250960983615,54.723928775236075,8.218625489287868,9.833528993846974,0.020275119563940885,31.067976687681707,9.646822903786287,1.597890596337814,1.230842429635731,0.05649688228230057,-0.34008792120464065,-0.07953725559855686,-0.04961442356951369,-0.12070564800467404,-0.061124200730341985,-0.006762235695919247,-0.12511995127296774,-0.010026256332167747,1.0,3.7994307645736556,50.0,3.27,1000.0,500.0,500.0,1061.0,1061.0,1061.0,0.0,8.0,429438.0
50.23728925039922,50.01696944422036,10.710311946444916,9.907703351977398,0.09376392915570335,49.828713091025655,10.117654090797583,1.6458927804853414,1.1123721371618704,-0.08213092188657718,-0.34644965048540327,-0.1081853377661609,0.11418127717642124,-0.17798047331795483,-0.0009950502888503166,0.06335635873237737,-0.03945455250056463,-0.02419224398440988,1.0,4.008,1.0,3.332,1000.0,500.0,500.0,995.0,995.0,995.0,0.0,9.0,430433.0
49.56355637882648,50.03278807025196,10.183671489264956,10.153800902415458,0.08668993551638991,49.37304533539123,9.827706996195946,1.561073218929155,1.2737281242788185,-0.17672240627785896,-0.39315458114334556,-0.07199902920709397,-0.05576025925813852,-0.18943873677519998,-0.10037681926005868,-0.02426989115752844,-0.018028225157941575,-0.034828953069352825,1.0,3.989922212925593,2.0,3.098,1000.0,500.0,500.0,1022.0,1022.0,1022.0,0.0,9.0,431455.0
49.09778138653632,49.58445604211598,9.965425078593636,10.004314474806622,0.014332195424009373,49.30145726114975,10.034378456037253,1.5721293286702478,1.2262347448450657,-0.10211770680282616,-0.46319403704659223,-0.03355660095500284,0.02181189205989259,-0.09905024802286273,-0.01107561921331727,0.013201082701805408,0.03442912928189728,0.042120508482983474,1.0,3.723507356972046,3.0,3.154,1000.0,500.0,500.0,1061.0,1061.0,1061.0,0.0,9.0,432516.0
48.3918110585825,49.29082405662435,9.45069582612938,10.27027169498075,0.015834313992564714,49.55371562870561,10.156827071090698,1.6870499843472808,1.1840932519511465,-0.09969756794347004,-0.4001583914925504,-0.08786877824096237,-0.0026898019634491663,-0.2174536602612737,0.03957828634437999,-0.007235384696640376,0.015011700219346303,-0.059007394079799894,1.0,3.664788702792681,4.0,3.13,1000.0,500.0,500.0,1036.0,1036.0,1036.0,0.0,9.0,433552.0
48.41360648428781,48.683930338943476,9.485753292511307,10.301404127802925,-0.013037519332177906,48.707523164359074,10.227784060721895,1.4808730672060202,1.1672273123317345,-0.2140077083245868,-0.2508362319906993,-0.04732583182341516,-0.022938635356001668,-0.15345677396004562,-0.06325844797215402,0.06388671403728532,0.06523430323610067,-0.04928728400456806,1.0,3.682096466105139,5.0,3.1,1000.0,500.0,500.0,1058.0,1058.0,1058.0,0.0,9.0,434610.0
48.00410858234427,48.74514139450026,9.681683121614576,10.542885863962914,-0.05395744196916764,47.432447289409815,10.207298067975712,1.6238905325443778,1.1637632025647429,-0.010821466485516313,-0.36956302826458937,0.09520708070309118,-0.0505041948761898,-0.28838348205522846,0.10487598013584681,0.0289600469816823,-0.14432481219529167,-0.09935710960881396,1.0,3.7451221700313795,6.0,3.136,1000.0,500.0,500.0,1040.0,1040.0,1040.0,0.0,9.0,435650.0
48.61708946643109,48.907353641414765,9.564989377028763,10.417356128023298,-0.02343213690029006,46.94535166968016,9.948446023962596,1.5696339622078035,1.2137955035068138,-0.0737034260886099,-0.43682221898214046,0.021016544399078137,0.018033814171579395,-0.24898898764802987,-0.009373453790130838,-0.03358435828544426,0.01655792315724448,-0.010942837916293873,1.0,3.9230997919528967,7.0,3.112,1000.0,500.0,500.0,1067.0,1067.0,1067.0,0.0,9.0,436717.0
48.53963764840718,49.363925118152274,9.343238301663225,10.4641867115248,-0.021357672987528987,46.834278569765324,10.290261529830484,1.618485225764355,1.2201329154683247,-0.07251969988721621,-0.37871462016442137,0.031450675402682725,-0.011690441862388977,-0.08770980692168263,-0.05729558611302156,0.050633931483286945,-0.008295783813566559,-0.06012057981800615,1.0,3.7986806319865645,8.0,3.264,1000.0,500.0,500.0,1057.0,1057.0,1057.0,0.0,9.0,437774.0
48.69338599555578,49.05923551685622,9.263126946892733,10.204035579911418,0.03899810692107577,46.59233261413681,10.333272702140542,1.5120753133587201,1.0563798879366793,-0.09143794011874205,-0.25917123721379187,0.04250608615947397,0.07353833647720093,-0.20466349984419593,0.07073178113191042,-0.06199542138720001,-0.06822823574237581,-0.06068859212413109,1.0,3.766362000192009,9.0,3.262,1000.0,500.0,500.0,1126.0,1126.0,1126.0,0.0,9.0,438900.0
48.37913066167644,49.74688323184741,9.395788776366814,10.651704809152927,0.060619103295044975,46.18977047223565,10.324560952951975,1.6117283171316759,1.20531807472538,-0.05088668280778143,-0.4010448043954661,-0.09390829172553444,-0.0008111452618065623,-0.17087539371270444,-0.013576388734442137,-0.007307384207838223,-0.010144161612837738,-0.03167378975049261,1.0,3.7869091981986704,10.0,3.174,1000.0,500.0,500.0,1068.0,1068.0,1068.0,0.0,9.0,439968.0
48.67423116657787,50.278810978093844,9.283383667829726,10.49993026683383,0.1015332846946406,45.841256072292495,10.133253063150878,1.5389081856263316,1.1881407878894785,-0.08468562500092078,-0.3203450341769187,-0.052126457026276385,0.04515889770777352,-0.16480764149678315,-0.10517447908046423,-0.014235983341424745,-0.029876470509942705,0.014758426176885558,1.0,3.8032519765674015,11.0,3.008,1000.0,500.0,500.0,1036.0,1036.0,1036.0,0.0,9.0,441004.0
48.43340308436955,50.36110573453617,9.10221187765629,10.53297769490967,-0.0151047896265526,45.45966376964786,9.34604535139221,1.5928015274747078,1.2647342003626636,-0.027978060049498703,-0.31429291537391657,0.022183539946606778,-0.1340030870362234,-0.13919109573575228,-0.06816566287106611,0.0886407446344085,0.02050329199204491,0.06646324959761547,1.0,3.854889166923401,12.0,3.15,1000.0,500.0,500.0,1136.0,1136.0,1136.0,0.0,9.0,442140.0
48.6810651725919,50.706354803895195,9.288903020031857,10.448499246100763,-0.08896278197196514,44.47398707525099,9.63483661212733,1.5468711955198446,1.137876325820807,-0.040102857822190696,-0.3934058172148887,0.030468727397720045,0.06623070287452873,-0.19784316663135315,0.029271096120737385,-0.013000319982968666,-0.06761772439852799,0.08946958663219978,1.0,3.7977872821159835,13.0,3.212,1000.0,500.0,500.0,1110.0,1110.0,1110.0,0.0,9.0,443250.0
48.87821806346972,49.89170251826383,9.465424382556508,9.532158146184548,-0.0007459668563969234,44.41583185610427,9.5390019232936,1.6992447993415685,1.201982866533311,-0.1117064999881321,-0.44213285924616774,0.1148814123774449,0.04896020913256763,-0.1984568662559407,-0.018178006407025972,-0.06182954938623673,-0.0459672364194767,0.0006328081253449197,1.0,3.878278772134285,14.0,3.07,1000.0,500.0,500.0,1137.0,1137.0,1137.0,0.0,9.0,444387.0
48.5289491942943,49.98211695606588,9.7535243789143,9.977658585471456,-0.03438377165229967,43.72941010416161,10.189601072556442,1.67500507427591,1.2612586674532464,-0.05920671459482909,-0.36369917053232503,-0.020700413718323978,-0.06477062066080673,-0.18438239945046508,-0.09845529104681144,-0.05648338220005362,-0.006895126046653012,0.01991700234166378,1.0,3.8428948998797994,15.0,3.242,1000.0,500.0,500.0,1022.0,1022.0,1022.0,0.0,9.0,445409.0
48.534903574529956,50.03982618517212,9.634662776700464,10.195688847879076,0.06848391763658992,43.39442611982493,9.418040229711929,1.4726993284903394,1.0517251733014172,-0.04579444567982853,-0.2647344994705011,0.07892983139679646,0.12096734296485291,-0.11583137521398738,0.0342470249675362,0.06438699215760225,-0.09052711782407193,0.013870792947433784,1.0,3.994780860760369,16.0,3.234,1000.0,500.0,500.0,1081.0,1081.0,1081.0,0.0,9.0,446490.0
48.230028101091236,49.810260963427005,9.864517210016322,10.23972053717751,0.005097909084601369,42.61307811328604,9.983925423111822,1.6396395537634905,1.1383029189445626,-0.05005079068690403,-0.322614784180567,0.031694811200000755,-0.016345840331191522,-0.18643696919336167,0.06057881177109539,-0.047482001300475446,-0.044432966669247245,0.013009841707798182,1.0,3.9389273922831354,17.0,3.308,1000.0,500.0,500.0,1122.0,1122.0,1122.0,0.0,9.0,447612.0
47.688036301281166,49.81829390418452,9.681284396132128,10.394033790607207,0.07594603826619001,42.36170945703597,10.515044272786806,1.6366591965999358,1.1584891519189982,0.07759498686032694,-0.2516579806842301,-0.01395345437501705,-0.07512019747692161,-0.21183867759203986,0.0070462851593257715,-0.0006792322636253791,-0.05369711388842708,-0.01316502059173272,1.0,3.8033909296437978,18.0,3.072,1000.0,500.0,500.0,1034.0,1034.0,1034.0,0.0,9.0,448646.0
48.83075001433169,49.49329367414886,9.437183268021931,10.151562061599662,-0.0041258543539594555,41.297766909724,10.591075951310307,1.8006024506672391,1.1387117136966274,0.0033348345694225105,-0.345978063488776,-0.11003871054996905,0.14476697096044297,-0.1365689411470965,-0.07615619131188732,-0.06541807624054131,-0.036761109213096534,-0.044918561263195385,1.0,3.884219036294175,19.0,3.24,1000.0,500.0,500.0,1077.0,1077.0,1077.0,0.0,9.0,449723.0
47.94552364955699,49.11360777714757,8.86732893266553,10.410091773779044,0.011731767122172358,41.16405184948255,10.58923930496677,1.6860753743127457,1.2165517078561867,-0.00523410896816472,-0.27409969384959915,0.008595082724009268,-0.015789841344999563,-0.1227631482137111,-0.1476181860616607,-0.059435151199995616,-0.03348440627282556,0.06957486429336324,1.0,3.826813327252213,20.0,3.24,1000.0,500.0,500.0,1047.0,1047.0,1047.0,0.0,9.0,450770.0
47.49105334169559,49.29355189915537,9.532247524228032,10.657860081228458,-0.0204768853913494,41.638762866391566,10.468499757717838,1.5487528344671206,1.1581863934139054,0.03489372983252108,-0.2849568839479191,0.02358501096861899,0.006476866118452711,-0.10548519607690472,-0.04262181944367665,-0.006873532629605037,-0.02442593296216898,0.0025977600561211235,1.0,3.9037345587224674,21.0,3.318,1000.0,500.0,500.0,1050.0,1050.0,1050.0,0.0,9.0,451820.0
47.9894207907924,48.66369622253853,9.573274970086286,10.76120300695361,0.054899535932966856,41.07257042604788,10.208932641227218,1.525522049171281,1.2083461737635586,-0.031519098233519414,-0.34332905042755596,0.05273450934968154,0.05892051062670351,-0.1940399343850571,-0.1311635575499734,-0.00025996982689994064,0.011135123231644012,-0.057532869263086255,1.0,3.928644343085936,22.0,3.224,1000.0,500.0,500.0,1047.0,1047.0,1047.0,0.0,9.0,452867.0
47.219405924400135,48.342280127123736,9.176462321684044,10.118128349530854,-0.003330380452939216,40.451644255933665,10.209203903646415,1.5634854618709542,1.1471819226818372,0.012949291906653221,-0.34372799890827843,0.044994380990269534,0.08326716532939611,-0.10552933068461898,-0.041416956146578594,-0.016804131470628935,-0.016556997213041737,-0.05302643962153461,1.0,3.8995849023238076,23.0,3.294,1000.0,500.0,500.0,1067.0,1067.0,1067.0,0.0,9.0,453934.0
47.401599916613165,49.86635476278541,9.217173001641997,10.453345387068293,0.024167866103589026,40.228922569653164,9.929286603200076,1.7838649460271083,1.1467728573671507,0.0865719979298383,-0.33059076354988276,-0.03178302605876884,0.05881388071826363,-0.16848758131722,-0.05491787321651917,-0.004854843774979326,-0.16795122370400378,0.08247117143692387,1.0,3.920333366386501,24.0,3.25,1000.0,500.0,500.0,1110.0,1110.0,1110.0,0.0,9.0,455044.0
47.91302331267931,49.982241072302244,9.628839239759884,10.596937641735007,-0.014858687683046434,40.114358161595796,9.814825273275211,1.8009254059881845,1.159508591323531,0.04266740498199459,-0.29257609647434324,0.06582963711731221,-0.07438467159911671,-0.1397187023332813,0.033738936340394515,0.006423747892728523,-0.07484402033744726,-0.053930000115465886,1.0,3.8663696993336116,25.0,3.288,1000.0,500.0,500.0,1055.0,1055.0,1055.0,0.0,9.0,456099.0
48.05676646294764,50.96611927974791,8.921509716639774,10.471457935288157,-0.01171005758973689,40.119003398386894,9.90464208083578,1.720191754702198,1.260114026946604,0.0831960167084337,-0.3681876654422255,-0.03587300102835951,-0.11147446813132389,-0.09220719140753049,-0.064546383648265,0.012511014080815607,-0.11518526124507421,0.05529428395389004,1.0,3.9641046637002946,26.0,3.308,1000.0,500.0,500.0,1018.0,1018.0,1018.0,0.0,9.0,457117.0
48.31767892370788,51.06342245653997,8.980449638113502,10.179112958940223,-0.03935517397365387,39.173419938647044,9.936059697483278,1.5902535582995567,1.1884535631657729,0.09926710190136097,-0.4185019662040438,-0.05073276066618693,0.06847496469922507,-0.20659783355825292,-0.06884793892976679,0.032281126450367854,-0.13534368146792186,0.009376394229665744,1.0,3.996591300598032,27.0,3.314,1000.0,500.0,500.0,1030.0,1030.0,1030.0,0.0,9.0,458147.0
48.147704170251195,51.56753494268948,8.8914631506457,9.57111133242792,0.03564283244329439,38.681869476655166,9.775175421081325,1.591083913477735,1.1174625083085707,0.156326681360101,-0.3923505428312363,0.026695011034995286,0.15039365595399523,-0.18774742191559204,-0.006713634430972721,-0.03209774697346599,-0.040233663505519365,-0.04691957171078205,1.0,3.8716895530938213,28.0,3.208,1000.0,500.0,500.0,1036.0,1036.0,1036.0,0.0,9.0,459183.0
48.237181873844754,51.43499647132463,9.059512877616221,9.958051419148761,-0.004324090460994154,38.56259817098975,9.775436417238287,1.5477758315290502,1.1740483896303613,0.1303413963810226,-0.2876874847671047,-0.10160467429839276,0.02662575384781067,-0.18106456905781346,-0.11096209115633703,-0.06085205522598396,-0.08008442442696978,0.006702339019717941,1.0,3.80680064812365,29.0,3.132,1000.0,500.0,500.0,1057.0,1057.0,1057.0,0.0,9.0,460240.0
49.027849977427586,51.63202223802223,8.98751444092313,9.718958520432679,-0.02119629961642807,38.35339249200547,9.54827062303994,1.5316846304745537,1.2785077564954848,0.11337718964941175,-0.4180687506677086,0.04258612369645929,0.025226727771421726,-0.1557245974056758,-0.18650106611618378,-0.021699822429064666,-0.10050476936766985,0.05633920324522762,1.0,3.7639341044598575,30.0,3.218,1000.0,500.0,500.0,1065.0,1065.0,1065.0,0.0,9.0,461305.0
48.54733311497939,51.9013090050395,8.971682902979019,9.494471296270708,-0.013128719113505539,37.90722266130342,9.347172896113335,1.5693739332640797,1.1257912657444795,0.13813063911906726,-0.32726650210949326,0.13063685734169259,0.11562883298109128,-0.1380895438411924,-0.050892310827949434,0.03627133919010179,-0.08056255958170928,-0.020773231928047545,1.0,3.8009107225831134,31.0,3.128,1000.0,500.0,500.0,1093.0,1093.0,1093.0,0.0,9.0,462398.0
48.74158158957801,51.78753244951066,8.755029448162716,10.305326948340916,-0.05156111138245646,37.670104582601574,9.221803761926948,1.7505604563691917,1.1827278240130052,0.07570727008344419,-0.33447568589394405,0.09405375808925723,-0.07457722329023773,-0.1289222739016875,0.0251158882092914,-0.0298298241822612,-0.030499657465291458,0.04644549567809764,1.0,3.7792661316935656,32.0,3.162,1000.0,500.0,500.0,1086.0,1086.0,1086.0,0.0,9.0,463484.0
49.109504755443396,51.85521814682523,8.731028495817386,10.633670664652943,0.03469527244264513,37.302541273040426,9.392701601922791,1.598797174109584,1.1400775399095497,0.0753287719480564,-0.19028980848336263,-0.05106397855323525,-0.021471135328293662,-0.13471167327375222,-0.10664209797661055,-0.015128684774966943,-0.14020452304353825,0.09059392307978599,1.0,3.773233902831932,33.0,3.306,1000.0,500.0,500.0,1058.0,1058.0,1058.0,0.0,9.0,464542.0
50.59599606091105,51.16347462831899,8.546225014337558,10.732234513967827,0.0009294755348393548,36.54549144538741,9.543632385350682,1.345309246227258,1.1593293209312912,-0.001149542275652649,-0.26684607889952916,-0.0550269293196967,0.014662896047621922,-0.17213899707344057,-0.0826861032135236,0.03199468599754448,-0.060583570033425224,0.07948653823519775,1.0,3.7633721225814862,34.0,3.244,1000.0,500.0,500.0,1053.0,1053.0,1053.0,0.0,9.0,465595.0
50.04873069927759,51.47854064084568,9.000259174116279,10.008183217263102,-0.04179792643106814,36.50506548068907,9.649961558541955,1.55562154363464,1.1644253962832738,-0.0008339961672619105,-0.31091164619529044,-0.048022978414590314,-0.03723925219053789,-0.13371631614588003,0.019692494587062678,0.03560368659902621,-0.014484544669975508,-0.003700190954309228,1.0,3.8985689901042555,35.0,3.316,1000.0,500.0,500.0,1129.0,1129.0,1129.0,0.0,9.0,466724.0
50.29164127109124,51.871094668482655,9.174721458203486,10.21024731725636,0.03120513202322092,35.73215043766178,9.948341295192456,1.5791927246388993,1.118765114205806,-0.04373388813881125,-0.2940163892724269,0.058300728797557336,-0.011022680652340964,-0.1546883092625214,0.06688634994556084,-0.04926693809501584,-0.04558798317303728,-0.02994960752907028,1.0,4.049267192139746,36.0,3.404,1000.0,500.0,500.0,1101.0,1101.0,1101.0,0.0,9.0,467825.0
50.513208541266245,51.16751426506364,8.777412057848723,10.380245707166486,0.08565412801720873,34.68650281625899,9.387709485916279,1.5970096119615513,1.1264694053018198,0.042483975909934885,-0.33386948018932977,0.07111317132133702,0.03629634183742634,-0.08040498102387163,0.027492610063960827,0.03029160294025713,-0.09059081039027568,-0.10121247805682612,1.0,4.102004325874376,37.0,3.326,1000.0,500.0,500.0,1060.0,1060.0,1060.0,0.0,9.0,468885.0
50.64144307121008,51.007113960288876,8.823794916972037,10.48237986669134,-0.06831277028357911,34.73006920568214,9.13970519509204,1.4793595176838574,1.1475631991688013,-0.021943995783308443,-0.21961490667196942,-0.03713012311347235,-0.03828621234951043,-0.14465498882855432,-0.04951539753392031,0.004478618168079889,-0.058639791584743896,0.026141250544553737,1.0,4.006149792638687,38.0,3.248,1000.0,500.0,500.0,1131.0,1131.0,1131.0,0.0,9.0,470016.0
50.53170781240662,50.94312325200479,9.405454665031737,10.279236013023647,-0.0020180478957754233,34.63277166628798,9.156412323364563,1.523565029829857,1.2025558003478156,0.0032070651533034357,-0.31131863001359067,-0.06584542856257132,-0.10517273079584313,-0.04077257008671307,0.01561592811292332,0.035184017844303486,0.02128366196895631,-0.009451212632612125,1.0,3.9145739187429767,39.0,3.596,1000.0,500.0,500.0,1038.0,1038.0,1038.0,0.0,9.0,471054.0
50.632755151969896,50.79823258087672,9.04218585224444,9.897073864236875,-0.11433575491531787,35.21395091349062,9.562358470295544,1.456525673869459,1.1861008634980188,-0.010544944802083737,-0.28573045847132617,0.06038921419804332,-0.044538523398327444,-0.08804032226111054,-0.05827060403389615,-0.04394054775926579,-0.06797704797753946,-0.08253612673954203,1.0,3.830677140184404,40.0,3.358,1000.0,500.0,500.0,1072.0,1072.0,1072.0,0.0,9.0,472126.0
50.940348151423734,50.804778800300404,9.560843804001038,9.628413589024504,0.022370083577366747,34.52511323709166,9.285222169038416,1.504277825482554,1.3023443745343788,-0.12731544016739674,-0.34662272248977916,0.008434814147436057,-0.13985624717902956,-0.11314805255412194,-0.12344447149189164,-0.028890333409173737,-0.05488844209498781,0.037577421422930274,1.0,3.721625766958197,41.0,3.32,1000.0,500.0,500.0,1059.0,1059.0,1059.0,0.0,9.0,473185.0
50.340370077564,50.29259815257723,9.242261654506763,9.888745363036014,-0.04038057198005192,35.12504534280179,9.396658232367393,1.7163665313989724,1.1982894064745488,-0.08438303569009163,-0.4358863817158969,-0.0041680156028095165,0.06324135073110346,-0.15531432202067808,-0.027965863864774888,0.030119823164813677,-0.060549760284584773,0.060089472142466294,1.0,3.679233044790687,42.0,3.192,1000.0,500.0,500.0,1114.0,1114.0,1114.0,0.0,9.0,474299.0
50.44475638403312,50.07953576090402,8.935468576370596,10.311495475592599,0.00690065773000493,34.63872387054934,9.247579535468113,1.6170421923984282,1.1705075840812575,-0.08486463931944209,-0.3052747749107351,0.0029708618008632425,0.005747832507863457,-0.14858699051425456,-0.051316825557406694,0.015163357011693801,-0.0719325775502571,-0.009235515813600235,1.0,3.7482048191137625,43.0,3.21,1000.0,500.0,500.0,1083.0,1083.0,1083.0,0.0,9.0,475382.0
50.091667685852336,49.85022968800492,8.970607387034493,9.778590457662304,-0.025717959932614862,34.58317774709289,9.117006453451644,1.5791147038830393,1.1192414257374586,-0.06862686608461807,-0.29375813426381286,-0.05021822868800428,0.0033777954287922555,-0.23116549706579603,0.07279779251941702,0.019370341184288174,0.012654166263576664,0.11033539878292287,1.0,3.8008228507028385,44.0,3.13,1000.0,500.0,500.0,1037.0,1037.0,1037.0,0.0,9.0,476419.0
49.82357054481779,50.45173652605712,8.612204348774998,10.071747097317724,-0.048997927198150375,33.86239570445044,9.145309041522351,1.5324415085474221,1.2195362599117436,0.0015828089726826603,-0.3543892543538192,-0.008952635636272098,-0.03911325796812322,-0.10046904350834406,-0.05023359437424904,0.029843212253948464,-0.02128056198940065,-0.0355153452161373,1.0,3.6383084822380867,45.0,3.162,1000.0,500.0,500.0,1076.0,1076.0,1076.0,0.0,9.0,477495.0
50.15086747576126,50.32655535561978,8.841796643904475,9.707236367107825,-0.022540328308528836,34.04888637729307,9.083702832429134,1.4585453586590886,1.160672154548376,0.04136303664798457,-0.2880562554562853,0.01216884875873783,-0.02771021614600676,-0.24025672008468082,-0.021023804379633432,-0.019798487709271125,-0.02515184887703384,0.07764722307519356,1.0,3.6104532536850025,46.0,3.15,1000.0,500.0,500.0,1117.0,1117.0,1117.0,0.0,9.0,478612.0
50.578120640251754,50.59366944115153,8.890661171959138,10.211794081638873,0.04988139559372954,32.78011176221608,9.059449868652377,1.5523427060660189,1.082040915703888,-0.038854247235994226,-0.14275979470277528,-0.007688300308712711,0.0654982194833696,-0.19870468767064886,-0.09090342845725763,0.045243442254242934,-0.03578183292317008,-0.01085910381671962,1.0,3.6714507409862316,47.0,3.136,1000.0,500.0,500.0,989.0,989.0,989.0,0.0,9.0,479601.0
49.65611431681308,49.97695026576059,9.528570002329925,10.458603908800665,0.021401805204533563,32.04328169244399,9.410674472292019,1.4685486475590852,1.1329706224850808,-0.024634925563699027,-0.25144565716944306,0.05832328006322826,-0.001236142715720207,-0.12087979897213157,-0.011393026076626197,-0.002719401352985697,0.04782487526827897,-0.01340397469442566,1.0,3.6160774600658407,48.0,3.26,1000.0,500.0,500.0,1139.0,1139.0,1139.0,0.0,9.0,480740.0
49.4175167793122,50.354892112339186,9.70258723771897,10.796695514374813,-0.057001337773569305,31.692003699798416,9.698937066361568,1.681485991184629,1.0182803115551224,0.05891014860376876,-0.32937315891469804,-0.05444757530955343,0.06095504083597406,-0.1856423770946823,0.2256014458562777,0.013276655621741133,-0.07142225845310511,-0.012319416017019294,1.0,3.490877984111133,49.0,3.132,1000.0,500.0,500.0,1101.0,1101.0,1101.0,0.0,9.0,481841.0
50.55600470440287,50.890435691478096,9.093404655311547,11.114626671357174,0.030326567078511016,31.387468005831046,10.13582096069552,1.457514292426972,1.173949306527889,-0.00023553149547510314,-0.26311641278587705,-0.0018874099331264206,-0.04580917143629922,-0.16649741169623153,-0.03603370107406896,0.007967480760078223,0.018366111140723757,0.0746466198253391,1.0,3.535320198653424,50.0,2.892,1000.0,500.0,500.0,1130.0,1130.0,1130.0,0.0,9.0,482971.0
50.12710720561723,50.40851907768802,10.10272573864293,10.196032690224905,-0.040120780295416054,50.20335921247031,10.116962490706998,1.831552827815566,1.105832327857261,-0.1402884481594786,-0.32031960672807774,-0.047025170878161084,0.051696458509814365,-0.2901287841445344,0.05468039553377721,0.012855523175742388,-0.008326271385060877,-0.02206463291623849,1.0,4.194,1.0,3.24,1000.0,500.0,500.0,1041.0,1041.0,1041.0,0.0,10.0,484012.0
49.56647069709055,50.3143238589374,9.654795684054212,9.958671605525934,-0.04570938429296021,49.77176970873441,10.430526014812408,1.5616419998706763,1.1965706815255541,-0.10789190551645474,-0.296703194085062,0.025244397851187084,0.11544937264815529,-0.1661034988327173,-0.21546287981366108,0.009288165460823082,0.018605409931628993,-0.047797484296683165,1.0,4.14978743479211,2.0,3.248,1000.0,500.0,500.0,1033.0,1033.0,1033.0,0.0,10.0,485045.0
49.6642646561647,50.336611390435266,9.636392108760043,9.650256986871028,-0.06020065600679156,50.0039969652757,10.301578673230734,1.706566182112489,1.131878548874744,-0.1163723129104811,-0.328390936920618,0.08083887282728244,0.08162744307235029,-0.27971684856596113,-0.01709758461152627,0.016071134749956938,-0.07848125712642026,-0.01811785387750036,1.0,4.10995075590837,3.0,3.148,1000.0,500.0,500.0,1023.0,1023.0,1023.0,0.0,10.0,486068.0
48.86574232569786,49.86609648989876,9.88087497831598,10.254232715124829,0.006763824661617031,49.11079624849361,10.284990931476035,1.8773398083278698,1.2028293056306485,-0.04463030141449569,-0.3586840780303424,0.0742220221971646,-0.05795288357202729,-0.14110820136747215,0.01224937597571515,-0.008845914386700604,0.04886586554589283,-0.048537129328928945,1.0,3.8611970887019114,4.0,3.23,1000.0,500.0,500.0,1031.0,1031.0,1031.0,0.0,10.0,487099.0
48.56244543473029,49.824789797214386,9.758783586931388,10.204098811998337,0.07061142294380363,48.72864380207843,10.328450851298898,1.543300553412892,1.2023702415894533,-0.025258441449914883,-0.3671489516165827,0.031807961470103854,-0.09374111429507703,-0.18236298716396593,0.05125425843433424,0.00038351736025551205,-0.01652613466209553,-0.05257908724425563,1.0,3.9474971541006036,5.0,3.278,1000.0,500.0,500.0,1057.0,1057.0,1057.0,0.0,10.0,488156.0
48.93136830011847,49.963947726744934,9.693027608479058,10.64069282147677,-0.02922867204425544,48.53677309198721,10.825688814245039,1.4395575098878048,1.2406984308097098,-0.023784566639009595,-0.35373144366554204,-0.10311370623378924,-0.07186456487291816,-0.2070313701915191,-0.07412976561398178,-0.04183226703331816,-0.06299946307809014,0.018949142368455987,1.0,4.036404617280816,6.0,3.108,1000.0,500.0,500.0,1099.0,1099.0,1099.0,0.0,10.0,489255.0
48.92975236438024,50.795373745437864,9.357145721133781,10.386154051397881,0.09542618561334316,48.427359205818036,10.04809388211502,1.69393910830427,1.1627634188467004,-0.007309196088857927,-0.3574457712166575,-0.03838425556451806,-0.01433185086170058,-0.20270728574674413,0.025803829806941125,-0.0296106740408464,-0.0924951996397037,0.04852454911722077,1.0,3.889910885190106,7.0,3.096,1000.0,500.0,500.0,1030.0,1030.0,1030.0,0.0,10.0,490285.0
48.90177305098932,50.927204805500395,8.820236649217307,10.59497595759398,0.02162622277007545,48.075354175525746,10.13602039474614,1.4424215488643037,1.2243040572504054,0.011658869625784395,-0.3864960967560751,0.08089854635554765,0.03645535515271133,-0.23819535772988235,-0.1148079092108035,0.060548881746907,-0.08338945992033472,-0.00046899354744914425,1.0,3.8707006541440783,8.0,3.252,1000.0,500.0,500.0,1004.0,1004.0,1004.0,0.0,10.0,491289.0
49.1510781049826,51.150205275350324,9.023771797913925,10.699640852246503,-0.02160637114926475,47.607484812572274,10.429226079615693,1.4441946536743333,1.2481965767704053,0.06789862379638364,-0.379510086553737,-0.07495230663520647,-0.08585615910767816,-0.0724298428886968,-0.04396420447742296,0.06725860738053883,-0.09108171648586724,0.0033527058551443075,1.0,3.8176488811950797,9.0,3.264,1000.0,500.0,500.0,1052.0,1052.0,1052.0,0.0,10.0,492341.0
49.628441070081536,51.29314748532013,8.879871366309361,10.675620565487058,0.03586705985719336,46.98712282602477,10.276966404082987,1.535811690269221,1.1699712665929418,-0.026723488866503154,-0.26187673754687546,0.0629030943447086,-0.023680061956534094,-0.2593388276874508,-0.060589276735795054,0.04096941812198158,0.01607622503882995,-0.07959920043103468,1.0,3.91018871622922,10.0,3.206,1000.0,500.0,500.0,1062.0,1062.0,1062.0,0.0,10.0,493403.0
49.3627822575634,51.423467874947605,9.533899101651755,10.261773822987122,0.05575018814790803,45.63380810120858,10.021235043311883,1.4428693137362867,1.1328197854960151,0.010138841498456537,-0.3002920584570342,-0.005696125077893621,0.10090482708810004,-0.15500201726059903,-0.07705759926357132,-0.03293959558673444,-0.12697252853155663,-0.07335828449337735,1.0,3.815733949455327,11.0,3.244,1000.0,500.0,500.0,1099.0,1099.0,1099.0,0.0,10.0,494502.0
49.08393071700476,51.490070893003654,9.485299296182557,10.474000002146532,-0.0220336354776912,45.02357075677136,10.510987531690532,1.4788905625958733,1.1468427683705404,0.02325593012038938,-0.2940438141150558,-0.045875484945770095,0.026770439801237934,-0.22862014529321212,-0.032663928566272586,0.007826593410016043,-0.08772065802989357,0.05594190848117266,1.0,3.6919618320428786,12.0,3.12,1000.0,500.0,500.0,1076.0,1076.0,1076.0,0.0,10.0,495578.0
48.87741708299792,51.91624230267979,9.431227785266692,10.241861329409966,0.024514736648075106,45.08803313761174,10.68577452119655,1.450196068892809,1.1721370094814159,0.04469563697040079,-0.45121947808084006,-0.117808793495229,0.028010897676538225,-0.21128095796070165,0.06582147680571615,-0.028614555885597293,-0.060458633274062944,-0.01044079882357572,1.0,3.6054713889752183,13.0,3.028,1000.0,500.0,500.0,1147.0,1147.0,1147.0,0.0,10.0,496725.0
49.23855669869602,52.46853091574828,9.631160282837268,10.363784524089114,0.05447766855545854,45.15143517633607,10.30006208776693,1.7936988252046986,1.2463240442948165,0.07171899699900791,-0.34622298901302256,-0.03887013648803499,-0.06994831376672883,-0.189402708525032,-0.08325876483047666,-0.05678359473992543,-0.05399317836898137,-0.03643945072263192,1.0,3.5282143496076737,14.0,3.118,1000.0,500.0,500.0,1060.0,1060.0,1060.0,0.0,10.0,497785.0
50.05397321946679,52.135707312732606,9.496942084086273,9.903349118992132,-0.009771906185428081,45.194512518805524,9.686994213505207,1.5177185407864955,1.2622141501613366,-0.04279885047107432,-0.4015017961441187,0.04237513207584964,-0.09477288457093795,-0.2400282041321337,-0.03663043863040914,0.05249140216156521,-0.022295220279920813,0.05735458384782953,1.0,3.5215149310790266,15.0,3.03,1000.0,500.0,500.0,1049.0,1049.0,1049.0,0.0,10.0,498834.0
49.8741852567499,52.98466276586461,9.571343193172703,10.063675414345616,-0.010087544261661453,44.410111060982665,9.875946318990943,1.6090200576053382,1.340349900691004,0.040241601380196466,-0.41235396789278184,0.020541784498523893,-0.056269961626923694,-0.12130727829579122,-0.233518473774741,0.11657420767744649,-0.08454457240744165,-0.036541203911521956,1.0,3.3585313009798328,16.0,3.018,1000.0,500.0,500.0,1108.0,1108.0,1108.0,0.0,10.0,499942.0
50.15420729780302,52.64281728601169,9.867066387138124,9.780142878866753,0.023643234592465173,44.107125106901265,10.182311379084215,1.8555405498203135,1.2445442426370736,0.0145727316539217,-0.4566115709361528,-0.0630113101265444,-0.006560648751693517,-0.1612847447149185,-0.03741823062571014,0.02381778280133285,-0.04166289945972427,0.016812889913865817,1.0,3.377601366158411,17.0,2.918,1000.0,500.0,500.0,1106.0,1106.0,1106.0,0.0,10.0,501048.0
49.90854069172006,52.43223812400282,9.72616379789416,9.338456139712056,-0.010474345284169328,43.42268749715802,9.296508473912533,1.641436585103263,1.1924746849132504,0.046194408942231646,-0.38968772147287817,-0.0474604257370627,0.02455774948125023,-0.18566397130736104,-0.041592798828688556,0.012361819566486347,-0.11069718626334595,-0.04525746760608434,1.0,3.4359889484807735,18.0,2.972,1000.0,500.0,500.0,1038.0,1038.0,1038.0,0.0,10.0,502086.0
50.33745607079334,52.54627692118043,9.485713816373735,8.97538914954695,-0.0271824521641186,42.61343750597995,9.757695622457497,1.522075488204009,1.196316393222486,0.04039155353304337,-0.33465791305668624,0.030222539477783222,0.0006598556031048655,-0.18284894250034617,-0.05735557928580801,0.04880211717966588,-0.0008361996457299202,-0.012816234715744267,1.0,3.3853735900259423,19.0,2.912,1000.0,500.0,500.0,1053.0,1053.0,1053.0,0.0,10.0,503139.0
50.88638121170443,52.80075344370922,9.158247115376525,9.475827236795205,-0.0690562907888772,42.367727890315834,10.081435639211191,1.597875160036836,1.1501865100457542,0.050161540086876774,-0.2905675236885248,-0.07007392619731023,0.10044334340342653,-0.1842801651677053,-0.11283733337484107,-0.008782929678758215,-0.06960795373742845,-0.010522344368485878,1.0,3.412254028930946,20.0,2.926,1000.0,500.0,500.0,1055.0,1055.0,1055.0,0.0,10.0,504194.0
51.38250890063717,53.260495020523464,8.950890692814465,9.510382103690386,-0.026394225967381217,42.12391566435077,9.801271725534592,1.5215419501133791,1.1195479742804701,0.016503924867570754,-0.2601844789743437,-0.00510298671449605,0.04572236414327638,-0.18978461447855213,-0.03197311060864806,-0.04742941397804108,-0.07336063338557004,-0.07998423218537497,1.0,3.430774000079828,21.0,2.796,1000.0,500.0,500.0,1050.0,1050.0,1050.0,0.0,10.0,505244.0
51.153418282336574,53.2563509805656,8.837899898229471,9.534727352136148,0.014182327907793104,41.86909685721419,10.040790811685497,1.529138258168095,1.0869941628741255,-0.055695130840858136,-0.3125837949893802,0.0010281428572686021,0.05803970267651956,-0.1972587694168431,0.08913732854959662,-0.07636619911105991,-0.04389232965763324,0.07387027367026786,1.0,3.4644592381368065,22.0,2.924,1000.0,500.0,500.0,1095.0,1095.0,1095.0,0.0,10.0,506339.0
51.088883177146776,53.216275698127745,9.349425933246698,9.308411957072519,-0.02001929644247383,40.60747047570367,9.56578617886411,1.666573722095128,1.079705472174033,0.03371793694797644,-0.3103261563289959,0.07983146173655513,0.20338189319368888,-0.12799040702543923,-0.05779494165867371,0.04798753972962392,-0.07509183243045534,0.08129314287074581,1.0,3.312445404501538,23.0,2.92,1000.0,500.0,500.0,1051.0,1051.0,1051.0,0.0,10.0,507390.0
51.14180217914378,53.443054807440745,9.132187430877707,9.663707619665907,0.059274500515194166,39.574802269590165,9.518918759080352,1.5771012381895335,1.1133913981225996,0.02905900834265719,-0.26572458816275146,0.01793881311769348,0.03381550220834141,-0.18432546201494343,-0.0013734408880457661,-0.0062136129268154025,-0.13951446077984164,0.05239802690581717,1.0,3.3128860845628116,24.0,2.878,1000.0,500.0,500.0,1081.0,1081.0,1081.0,0.0,10.0,508471.0
51.32628617346655,53.8612196586134,9.320771446024416,9.757000665207139,0.0037053472486837657,39.140961381494456,9.769324896333254,1.5513560540219768,1.1518342146692435,0.09621513075930495,-0.2941352221458369,0.032156412444577974,0.0582408667325899,-0.10260222930569408,-0.07554796883109482,0.040087118885544434,-0.05426697425778133,0.005977458195233968,1.0,3.347080112103678,25.0,2.966,1000.0,500.0,500.0,1057.0,1057.0,1057.0,0.0,10.0,509528.0
51.99003319859676,53.800192761543414,8.98476729079186,10.011483417252611,-0.051601738608690564,39.4438886641329,9.431894984368773,1.5852277543270787,1.2275686818746276,-0.06273938602024376,-0.38961348443191246,-0.04625484783922828,-0.07643549863747029,-0.22761714506090436,0.007920662930878552,-0.03725885496066992,-0.001552218331976851,0.019147082519876703,1.0,3.4607284362961246,26.0,2.93,1000.0,500.0,500.0,1113.0,1113.0,1113.0,0.0,10.0,510641.0
52.55207225189202,53.571042938136834,8.575581457857583,10.084396599054546,-0.05034038613355839,39.1133773400428,9.45085206539393,1.6279516596123864,1.3200167119244626,-0.06215958918913324,-0.37057081131365033,0.00010998991567007459,-0.08541562042891476,-0.0856640443659915,-0.1918610433981093,-0.04098615464499826,-0.049561922994778046,-0.014694248376343316,1.0,3.254466272850391,27.0,2.952,1000.0,500.0,500.0,1072.0,1072.0,1072.0,0.0,10.0,511713.0
52.36780352203084,54.01972373767228,9.049431243422372,10.325038572085472,0.019093597646565003,39.117634146815504,9.953371886532137,1.6706374980998053,1.1733441419127952,0.025535831604581755,-0.40152384079516984,0.035446344138707266,0.06978767994686601,-0.1741391593989499,-0.013691727489970263,-0.029043030083286913,-0.08346705968022035,0.05226210311324281,1.0,3.3251366488861605,28.0,3.0,1000.0,500.0,500.0,1076.0,1076.0,1076.0,0.0,10.0,512789.0
52.30977936065373,53.66921328168117,9.331156445709459,10.009945195849653,0.10724177858070454,38.31699352662002,10.409251677472183,1.7762685044849238,1.2497533327546901,-0.01052437088287857,-0.3884618707159093,0.07077920476390927,-0.09895271204709186,-0.21530180562968337,-0.00486480016737902,-0.02255495610710636,0.010643311869858289,-0.013625735726550344,1.0,3.3205798123216095,29.0,2.97,1000.0,500.0,500.0,1122.0,1122.0,1122.0,0.0,10.0,513911.0
51.93865490725564,54.496398863951555,9.197987265901117,10.132386111625042,0.01578396110696697,37.41760932543173,10.46488116909245,1.6258150327458827,1.1369687202024314,0.06594726700923108,-0.32372990696559445,0.09126865313377593,0.026358719955203103,-0.14880043191201967,0.03023475175289366,-0.02855105956434817,-0.008483175110469456,0.06982914763561854,1.0,3.447408346154881,30.0,3.138,1000.0,500.0,500.0,1052.0,1052.0,1052.0,0.0,10.0,514963.0
52.01274435767144,53.87614175644965,9.603027274855675,9.717187045696207,-0.06496336275325858,36.837283953053664,10.681513688184133,1.527221145668085,1.3031010961942031,0.05941274159527632,-0.43457982162948755,0.07944900381024075,-0.08621238535496616,-0.16940275248935854,-0.10419141211587095,-0.07001574385892673,-0.034859519216950366,-0.06888696599719024,1.0,3.4380901930728758,31.0,2.984,1000.0,500.0,500.0,1101.0,1101.0,1101.0,0.0,10.0,516064.0
52.198667871624025,53.85150184774941,9.345799804053518,9.3692510439807,0.05444948660560459,36.26258078357443,10.12483217045831,1.4843129118253617,1.1196385851293127,0.027127875458490085,-0.3310617447392623,-0.00863159866458499,0.057240833061561865,-0.1282791454703784,0.037382076507947594,0.01381971143099366,-0.00885630153678864,0.03660397585627763,1.0,3.323861874377624,32.0,2.974,1000.0,500.0,500.0,1128.0,1128.0,1128.0,0.0,10.0,517192.0
53.46550980933554,53.796349831956036,8.530590144917369,9.46830383663979,0.041964474926903,35.853255532062214,10.240150752958295,1.5924406289890451,1.171209004417082,0.024578228611682906,-0.22192262642800953,0.09755308264917388,-0.014892152077861296,-0.1731246970621966,-0.10012160826782272,-0.05814774903369703,0.014687350946876497,-0.025969030192790607,1.0,3.310805576462233,33.0,2.812,1000.0,500.0,500.0,1068.0,1068.0,1068.0,0.0,10.0,518260.0
53.53874701174317,54.31013428943328,8.18182933749701,9.5751005644887,0.007104175304677879,35.6352353477036,9.938283946371536,1.6477186644134951,1.1906828026797938,-0.010395347055331605,-0.22780154913827513,-0.00761335296372553,-0.03974081172473726,-0.19522499294474902,-0.114716813072582,0.0034121262213313843,0.06287520227143106,-0.021324895569461037,1.0,3.3685632370279546,34.0,2.978,1000.0,500.0,500.0,1048.0,1048.0,1048.0,0.0,10.0,519308.0
53.980812553463416,54.995338500894555,8.445049068751969,9.431353945088743,0.03864284664398425,35.247772047007174,9.618347493514044,1.5762523899196703,1.0714866276268227,0.08690609110876119,-0.2875887914938913,-0.10141504736753475,0.10078278807203535,-0.2871543765502261,0.05360160709003976,-0.043484399484647725,-0.07320878645401935,0.019809464193347656,1.0,3.424262405732573,35.0,3.02,1000.0,500.0,500.0,1054.0,1054.0,1054.0,0.0,10.0,520362.0
53.18189736886408,54.85797865730481,8.48252863140032,10.19829348662422,-0.01794235771070382,33.95701247935205,9.021544656596705,1.581818146100359,1.209833063575526,0.036636359053670714,-0.22862483339178366,-0.024457942576651164,-0.12153440828872711,-0.09228748341609266,-0.059618054365527695,-0.07243846848306992,-0.07935001271833454,0.06919898093545633,1.0,3.556335044842638,36.0,2.91,1000.0,500.0,500.0,1009.0,1009.0,1009.0,0.0,10.0,521371.0
53.34187504507093,54.29719417190604,8.331428890878245,10.375232809485196,-0.0059098450962309906,33.595816060256965,9.543420740061626,1.544161603669425,1.1422921053464812,0.01908405235848702,-0.29336433618644825,0.09408195526177109,0.03510012253661486,-0.20670527930404473,-0.02822718533200593,-0.11210500857616824,-0.056243642789200764,-0.029053977486129808,1.0,3.63488707708894,37.0,3.024,1000.0,500.0,500.0,1067.0,1067.0,1067.0,0.0,10.0,522438.0
52.792224548078536,54.45983338049153,8.309367117912426,10.261627424845685,0.028216110577774626,33.50276046113722,9.118441746704864,1.3969230797624022,1.125860982034197,0.10141321965534923,-0.27476903734373836,-0.04134010395886122,0.07327346227121335,-0.1698221723565777,-0.05692908454445155,-0.0029649815707064584,-0.1082738951283986,-0.011770334475989647,1.0,3.703331588349185,38.0,3.052,1000.0,500.0,500.0,1041.0,1041.0,1041.0,0.0,10.0,523479.0
53.06429463551871,54.85655679635247,8.546962409464609,10.229652725018,-0.03075615792206887,33.36309942888409,9.200159456464505,1.5125165321377387,1.0675354675714124,-0.003617853751747062,-0.2336848746291494,0.012007689751999442,0.09046380570324647,-0.057970839898045586,-0.002013778246193484,-0.036365422225639946,-0.04857196968692933,-0.03723689222055265,1.0,3.6257327851949825,39.0,3.034,1000.0,500.0,500.0,1042.0,1042.0,1042.0,0.0,10.0,524521.0
53.24725605498902,54.86317466728824,8.716942583782888,10.069183819864513,-0.006958761483950785,32.572162838244395,9.122644431479904,1.5211536646925095,1.159361470082987,0.032252555063648124,-0.3824281284347341,0.018658879689766004,0.07716242729019679,-0.20381360113437014,-0.022410728910470377,0.0005929231594183318,-0.03198964938671581,0.013988711408807168,1.0,3.6335622621164,40.0,3.058,1000.0,500.0,500.0,1123.0,1123.0,1123.0,0.0,10.0,525644.0
52.692023793321,55.77992417607025,8.572177254637767,10.025856895970165,0.008896166632291858,32.1242596191728,9.472225806567302,1.790676061283005,1.1451646143993452,0.05921723266644179,-0.32870541388118785,0.030008338174683263,-0.08446059947122263,-0.24423327771685585,0.11550828272171267,0.002091011664969071,-0.024548378070263693,0.10831650114389342,1.0,3.6321160654244093,41.0,3.01,1000.0,500.0,500.0,1078.0,1078.0,1078.0,0.0,10.0,526722.0
53.035580072596495,56.548914158892,8.452863954632642,9.815328264130859,0.05048304606174157,31.970946131576426,9.27547960952498,1.6174823472120776,1.1794515041097642,0.17038788382246642,-0.22086422233630865,-0.002001438428859135,-0.06278725726539336,-0.07975273084163567,-0.07584045760012335,0.03255360256218191,0.009344877237403305,-0.02752006369380789,1.0,3.654999271708497,42.0,3.036,1000.0,500.0,500.0,1110.0,1110.0,1110.0,0.0,10.0,527832.0
53.25411655451481,56.54751027771936,8.811019026896396,10.470266350563753,0.10143780320664117,31.724447476832733,9.536223246955489,1.4392152770531141,1.1258446210448954,0.054904306779680355,-0.32005271206586955,-0.06502236474979733,0.08700496366687278,-0.12353686256669316,-0.04136731546394344,0.027966845272892345,-0.05812144880021174,0.01429976707733459,1.0,3.4987735763906667,43.0,2.958,1000.0,500.0,500.0,1036.0,1036.0,1036.0,0.0,10.0,528868.0
53.49945871343063,56.69489702379912,8.638751558671341,10.18930538775515,0.010979296210646113,31.047049603627578,9.752220942988407,1.8649518393616782,1.2266001120703316,0.10024418746239833,-0.34196768881649303,-0.014236523355776645,-0.123323118532612,-0.21891822829319238,0.011626264967173852,-0.010636479098964065,-0.010300162043237589,-0.03663891919457641,1.0,3.5371499521363066,44.0,2.994,1000.0,500.0,500.0,1065.0,1065.0,1065.0,0.0,10.0,529933.0
53.9555213382465,56.16774361266914,8.718678531088207,10.172929845736224,-0.002506590787307088,30.425423721242893,9.803824565201683,1.508810007234708,1.116058600729612,0.06524044668704182,-0.26232702234332644,0.025089190728574323,0.062327776159448636,-0.18032463771564433,-0.03642453233340914,0.06571202980448991,-0.11970149758532198,0.0421720726136124,1.0,3.447933861801496,45.0,2.952,1000.0,500.0,500.0,1035.0,1035.0,1035.0,0.0,10.0,530968.0
53.99529315443093,56.401794217761164,8.495300143440373,9.527558779216271,0.07481576355423544,30.185902286116196,9.71974213709422,1.4745371240360674,1.1907630857944596,0.09815824037218501,-0.38563029660787107,0.011566408813651995,0.06799845411217668,-0.08249501781876718,-0.061418513949419995,-0.06284759913514097,0.026846774413188966,-0.08378445800249093,1.0,3.5587515229664883,46.0,2.886,1000.0,500.0,500.0,1082.0,1082.0,1082.0,0.0,10.0,532050.0
54.37762392357729,56.511216450180925,8.525058841519037,9.513557453132874,0.0065946313992720105,29.94754221790397,9.244132104796064,1.6183181099934483,1.1775655177322477,0.0909533067991354,-0.3557031489404678,0.019158055686556184,0.08189614610155813,-0.0944369231940601,-0.10174799031990067,-0.0518071065317304,-0.013886375001242587,0.12163575164022716,1.0,3.6236133061123583,47.0,3.096,1000.0,500.0,500.0,1116.0,1116.0,1116.0,0.0,10.0,533166.0
54.20792596108468,56.225785211111216,8.577330186374754,9.514158050765408,-0.028672086930071616,29.51516283768428,9.36105884625289,1.5165809005278668,1.1776807815042587,0.1322621084924785,-0.3705291044301077,-0.005777481740906675,0.12550180476778627,-0.19390335703251987,-0.11251010949774325,-0.03999751220542895,0.010748142697652258,-0.0141223451034253,1.0,3.8517838286013104,48.0,3.124,1000.0,500.0,500.0,1098.0,1098.0,1098.0,0.0,10.0,534264.0
53.96953245141282,56.533065763207354,8.506206490137336,9.556513806270988,-0.022557457850915764,29.55582828014661,9.206439753187,1.6693952987216092,1.161740280195511,0.09112488280221324,-0.32753711516331147,-0.1352554443207734,0.024603283188019076,-0.09959799836276144,-0.019919534577437736,0.00654518703828919,-0.0019017741743658674,0.015544608040834677,1.0,3.6910621055280544,49.0,3.168,1000.0,500.0,500.0,1034.0,1034.0,1034.0,0.0,10.0,535298.0
54.17731974521064,56.7764770026669,8.524872548930395,9.651679199051555,0.0008864520536837496,29.78071566437513,9.185329363233823,1.4888250878237217,1.1845042639040342,0.10943039110943632,-0.2816100378990374,0.09080962151751702,0.005149960496995587,-0.17916872759362484,-0.09690896911602846,-0.029519780271677554,0.008640154498724566,-0.06648511990283787,1.0,3.63465277789103,50.0,3.108,1000.0,500.0,500.0,1014.0,1014.0,1014.0,0.0,10.0,536312.0
