MeanMale,MeanFemale,SDMale,SDFemale,cor,MeanCount,SDCount,is,int,BMale,GMale,BFemale,GFemale,BSperm,GSperm,GMF,GMS,GFS,a,MeanRSC,Generation,MeanMates,population,males,females,offspring,offspring_desired,offspring_realized,offspring_dropped,Rep,TotalOffspringBorn,Runtime_Seconds,Memory_MB
49.818174206174696,50.10592862555721,9.921220972578912,9.934233921677523,-0.0037320158149364534,50.234794045957415,9.977656372036973,2.241995801340752,1.2099533591018783,-0.1065266160287989,-0.3799164039134599,0.028134241032519023,-0.021496952750067223,-0.2348306294371256,-0.016780943116662617,-0.0034864614097830453,-0.04969873301091019,0.011866232854130528,1.0,3.9778,1.0,4.0102,10000.0,5000.0,5000.0,174720.0,174720.0,174720.0,0.0,1.0,174720.0,58.458392292,168.34841918945312
49.559490344256965,49.88098683183208,9.259280525866963,9.965362661532184,0.012422874103465912,48.89360375526377,9.669382915750273,2.0426486752620536,1.171300185647489,-0.10203100128975277,-0.32004312176106314,-0.0286178226697155,-0.015369936815413966,-0.19550133758958335,-0.00961375539894858,-0.0125869910289909,-0.031281022351993204,0.04456436932431426,1.0,3.75015497198822,2.0,3.7384,10000.0,5000.0,5000.0,181288.0,181288.0,181288.0,0.0,1.0,356008.0,58.458392292,168.34841918945312
49.42415091957335,49.38440137156382,9.40863620811489,10.141708451480639,0.015220377745249798,47.973862576204674,9.838506161447128,2.067318311775745,1.1502953999530607,-0.11182065994974422,-0.32797504454175475,0.014205721412974107,0.03072029232835982,-0.19435464619678042,-0.004440207212579299,-0.01836422926181288,-0.03693331060127706,-0.004504860061761306,1.0,3.6418170624822888,3.0,3.6816,10000.0,5000.0,5000.0,180450.0,180450.0,180450.0,0.0,1.0,536458.0,58.458392292,168.34841918945312
48.882132349330426,49.3096505105405,9.460977437257052,10.48366861178721,0.003192686446129622,47.35772643345266,9.891100859688686,1.9150635148283277,1.1515220968575202,-0.08013202662069922,-0.36652071518890905,-0.004871284976286863,0.05100280600091726,-0.21695378702291565,0.011519787005287883,-0.014096481767642046,-0.04431526194391019,0.032995731129183754,1.0,3.563867722788026,4.0,3.527,10000.0,5000.0,5000.0,189011.0,189011.0,189011.0,0.0,1.0,725469.0,58.458392292,168.34841918945312
48.39925024159335,49.11473000004668,9.615749949097804,10.388863700649011,-0.001190333300236886,46.27105925596765,9.913785153587392,1.9998948667514962,1.1836085642724388,-0.07536894322641347,-0.33255807608431776,-0.002746299153939438,-0.027654707402724573,-0.17629840252063927,-0.009131363327685018,0.036662365757191256,-0.037578369393751636,0.014994429807353875,1.0,3.484723814191947,5.0,3.4664,10000.0,5000.0,5000.0,184364.0,184364.0,184364.0,0.0,1.0,909833.0,58.458392292,168.34841918945312
47.848616507240706,49.27904372821168,9.637550777053347,10.665120024300828,-0.0008593752133828895,45.626822852669086,9.91803558027336,1.9474107172974757,1.1593646494946708,-0.021409788383532625,-0.3249240299812887,0.03089193427259697,0.028950537112885096,-0.18816301345609446,-0.02631612701916991,-0.0073465951241023794,-0.06547479615789548,-0.021732495966038174,1.0,3.444837923847677,6.0,3.386,10000.0,5000.0,5000.0,193509.0,193509.0,193509.0,0.0,1.0,1.103342e6,58.458392292,168.34841918945312
47.91855912907869,49.33657034667344,9.239940184192335,10.612828068182838,0.014003246497312858,45.06626348471516,10.017631434118817,1.9234508981006158,1.1809806828587555,-0.06269772329925208,-0.3450405305429635,0.02522212928747181,-0.04145663913634694,-0.22312586939989193,0.021290837342298644,0.008892757026557226,-0.04315812672883136,0.006905223658847272,1.0,3.42682708382697,7.0,3.4016,10000.0,5000.0,5000.0,195120.0,195120.0,195120.0,0.0,1.0,1.298462e6,58.458392292,168.34841918945312
47.69342985478873,49.16569746878017,9.526860837754631,10.452948507291495,-0.008843587448354728,44.23721574781613,9.78986293010718,1.8515776773519335,1.1555339941090035,-0.026365907406854103,-0.31685015704278263,-0.02949630284329282,0.006943383016975494,-0.18184047089095925,-0.0006199999004758535,-0.03216119403624461,-0.002441148710528599,-0.034255993820929566,1.0,3.3106280555298007,8.0,3.3352,10000.0,5000.0,5000.0,192941.0,192941.0,192941.0,0.0,1.0,1.491403e6,58.458392292,168.34841918945312
47.52020193755242,49.32666583178402,9.438510029128711,10.474524357792369,0.008346844295216595,43.73993442249896,9.99664106572027,1.902865805061272,1.1446446680950861,0.0012668131837905666,-0.3394210102406657,-0.0207763751841424,0.026745622479617388,-0.18934042733562179,0.020762278468799356,0.0005355354548902895,-0.05667005007486062,-0.0183765147965982,1.0,3.2538314151051773,9.0,3.2424,10000.0,5000.0,5000.0,195213.0,195213.0,195213.0,0.0,1.0,1.686616e6,58.458392292,168.34841918945312
47.494685036985175,49.48543915510271,9.321567659232064,10.366165662230365,-0.010204025212907857,42.65150956562153,9.793765349402754,1.9245661876387883,1.1924289774220629,0.024515037612184955,-0.3438371807704294,0.025689821522866186,-0.002812369339620254,-0.1654720365338933,-0.042617494247832594,-0.011445277510895947,-0.07613856354833702,0.02555044621195086,1.0,3.2813483362217086,10.0,3.2766,10000.0,5000.0,5000.0,188895.0,188895.0,188895.0,0.0,1.0,1.875511e6,58.458392292,168.34841918945312
47.64287166349624,49.70904913811778,9.448655608348576,10.602165305338211,0.020814154009637733,41.872471598334165,9.776033953876155,1.904704209878834,1.1908243331686699,0.006292519174170953,-0.3496454553477823,0.010430249985530457,0.0006179340449706548,-0.12936337738317275,-0.035517752330703756,0.010942474715688504,-0.0604571315684276,-0.006925995156128833,1.0,3.2266331286621366,11.0,3.2698,10000.0,5000.0,5000.0,192314.0,192314.0,192314.0,0.0,1.0,2.067825e6,58.458392292,168.34841918945312
47.6753805530104,49.59070441026923,9.328580399798314,10.313809626011524,0.010776715069434928,41.13220173760041,9.67128876413322,1.851225188115085,1.1726952506873456,0.00970809045027588,-0.3153895254103022,0.0014481047949814866,0.0027973084448548713,-0.13381335509990872,-0.03242647737509483,-0.006167873414822547,-0.042711348432913465,7.137271069481927e-5,1.0,3.206650715776567,12.0,3.1384,10000.0,5000.0,5000.0,188099.0,188099.0,188099.0,0.0,1.0,2.255924e6,58.458392292,168.34841918945312
47.887567823646464,49.30983082713246,9.473418691980061,10.273006884961724,0.01590194478063614,40.555709950347044,9.53793696715565,1.8536697494659462,1.185452297731922,-0.010677452211433082,-0.3330512250903781,0.01048492921254501,0.010706154531425559,-0.16346677505111604,-0.04889347488549091,0.009654066496166819,-0.06094065366515614,-0.037705092486878374,1.0,3.189854360231291,13.0,3.1914,10000.0,5000.0,5000.0,193340.0,193340.0,193340.0,0.0,1.0,2.449264e6,58.458392292,168.34841918945312
47.85495334315242,49.289771896199774,9.317350509566783,10.13181555213791,-0.01616637484189949,39.98019339698501,9.750325781879475,1.9486048614843878,1.2022342743828245,-0.013944618402856724,-0.3562420848175587,0.0335063768810645,-0.022817265679464686,-0.16137550301014192,-0.024387194463325164,-0.0024655625197273893,-0.045670253067592155,0.039374329385826676,1.0,3.1653834904908034,14.0,3.1608,10000.0,5000.0,5000.0,188846.0,188846.0,188846.0,0.0,1.0,2.63811e6,58.458392292,168.34841918945312
47.96311127273987,49.2934156069485,9.4817251763107,10.202693025041564,-0.008242015972353033,39.23792097488024,9.473621034012757,1.9174833308418682,1.2160125941575393,-0.015518810186097909,-0.3453964115954493,0.010575567845191317,-0.02806670367395953,-0.13374734350693165,-0.06558200212891409,1.4304692320034401e-5,-0.06522477829189811,0.009575776598397529,1.0,3.129393741509742,15.0,3.166,10000.0,5000.0,5000.0,191475.0,191475.0,191475.0,0.0,1.0,2.829585e6,58.458392292,168.34841918945312
47.977423649297045,49.642909549956364,9.435115650193362,9.965769385926304,0.0033451493979495595,38.54940134555674,9.518384490164946,1.912237052731311,1.1737338097958225,-0.0031605884512071083,-0.3375943735506797,-0.012367005171759938,-0.04329724648972723,-0.1631896998526536,0.028946983176056946,0.028800835196430348,-0.03757011511021257,-0.021887099584982903,1.0,3.1555022700828004,16.0,3.1126,10000.0,5000.0,5000.0,197264.0,197264.0,197264.0,0.0,1.0,3.026849e6,58.458392292,168.34841918945312
48.00142132252969,49.7612818514578,9.283509949816217,10.245708113461697,0.010829182688080417,38.02304475265316,9.527847472599406,1.8736942495679274,1.187267974244846,0.029745255021337878,-0.33416505113353995,0.034008646040113374,-0.0025856108058469516,-0.14743874064319437,-0.037963343057566656,-0.008160921928199717,0.0001600621866295229,0.024211903119260077,1.0,3.138029002277836,17.0,3.1268,10000.0,5000.0,5000.0,193510.0,193510.0,193510.0,0.0,1.0,3.220359e6,58.458392292,168.34841918945312
48.23432359553428,49.842609598731634,9.231394469018431,10.140206490226284,0.0023143346167505867,37.397501557487004,9.480933583937658,1.8934333041676787,1.1714696492926622,0.011560922897050853,-0.3212958452250831,0.023000408714957527,0.014902462830794454,-0.13266150146577738,-0.03970221903060561,0.025038870781546024,-0.055816306040527223,-0.021192788084637017,1.0,3.185086615051703,18.0,3.16,10000.0,5000.0,5000.0,193715.0,193715.0,193715.0,0.0,1.0,3.414074e6,58.458392292,168.34841918945312
48.50512532730797,49.853298265052295,9.279419812315318,10.431373234145404,0.003272390907821016,36.99382607601533,9.434803108908872,1.9388708915606325,1.1603939948649564,0.01517365521473813,-0.3301320732911007,0.0020619128349967735,0.027254741435771855,-0.13931286098706902,-0.01957916074960959,-0.00561643511365456,-0.027591737347198504,0.026595574642058327,1.0,3.158454687042981,19.0,3.131,10000.0,5000.0,5000.0,188864.0,188864.0,188864.0,0.0,1.0,3.602938e6,58.458392292,168.34841918945312
48.43006267913454,50.2642997336079,9.188994768076823,10.17806959047562,0.015052072175465354,36.42161895946147,9.481712933649689,1.9232720092605553,1.1866045054298366,0.03827624517369517,-0.32711934222499817,0.04096032129970723,-0.01630710033516551,-0.1360243200634776,-0.030039611759546114,-0.025999403959599928,-0.048567177802585015,0.012025979850516332,1.0,3.2170837371107432,20.0,3.1368,10000.0,5000.0,5000.0,193083.0,193083.0,193083.0,0.0,1.0,3.796021e6,58.458392292,168.34841918945312
48.45943506844861,50.28297403266042,9.212215943521679,10.056541270115215,0.006099929464873794,35.58577869888252,9.528396687692211,1.8358262311077262,1.172855821521259,0.03020124788679711,-0.3326894761767428,-0.0063896099521180486,-0.0031359332853182335,-0.1425293435633232,-0.015712726635550886,-0.004656908930047766,-0.0610294137437085,-0.0070320008350002626,1.0,3.1649243943144376,21.0,3.1822,10000.0,5000.0,5000.0,189239.0,189239.0,189239.0,0.0,1.0,3.98526e6,58.458392292,168.34841918945312
48.65736788174293,50.37993917406094,9.109778367858622,10.0551045733311,0.0007080002125015427,34.756405399552236,9.492480167013984,1.8917270243090472,1.2197832441724477,0.01969509917814426,-0.38938308165869095,0.0070721487282785255,-0.012775888417173656,-0.13782984892714686,-0.04220245844599678,0.008427488875552384,-0.060402843152293,0.013390621079436378,1.0,3.1608474996530123,22.0,3.2224,10000.0,5000.0,5000.0,193083.0,193083.0,193083.0,0.0,1.0,4.178343e6,58.458392292,168.34841918945312
48.89499258475376,50.51892807994235,9.186257770354562,10.37393081781124,-0.043352689556843495,34.31088639839645,9.597170830758888,1.8544505028978142,1.174934982610413,0.018024822810263633,-0.3204478574639369,-0.0034327146777935968,0.02377522288624876,-0.11949322503902249,-0.058291773798687406,-0.030454342217432668,-0.03478723053985364,-0.008066319233791192,1.0,3.130630468118232,23.0,3.1176,10000.0,5000.0,5000.0,193562.0,193562.0,193562.0,0.0,1.0,4.371905e6,58.458392292,168.34841918945312
49.092221649418036,50.543127756728744,9.300451720238993,10.238890403452224,0.014901644636075986,33.626848059926765,9.357816132169198,1.9323982983354338,1.1886036322930724,0.025858127424895308,-0.36304468080126145,0.008927579797036326,0.025602947619374757,-0.15540999332295527,-0.04274906700472289,-0.02226035581801604,-0.04677564460048848,-0.013559348418727983,1.0,3.094846525802346,24.0,3.136,10000.0,5000.0,5000.0,190776.0,190776.0,190776.0,0.0,1.0,4.562681e6,58.458392292,168.34841918945312
49.35423142399837,50.64644360121002,9.157243365828956,10.398154467607002,0.009484752564177938,33.04795561770247,9.335522943198,1.885606510150508,1.1690533340194618,-0.00363613189189383,-0.31779474814393105,0.0043864548722562,-0.004105860058066538,-0.1486505150662085,-0.017753251643630157,0.0213954201177063,-0.014173943396774294,-0.021927734525884448,1.0,3.1002894423982115,25.0,3.116,10000.0,5000.0,5000.0,190371.0,190371.0,190371.0,0.0,1.0,4.753052e6,58.458392292,168.34841918945312
49.23492514502171,50.73051913998774,9.104939049836393,10.184939017158808,-0.011289948947146067,32.94801898634194,9.396446903270895,1.9568282107593542,1.1882298747155962,0.025599525470376586,-0.3580220709754352,-0.009055595609870863,0.03550817973702567,-0.1601467562119099,-0.05461763145271044,0.0025106614425360278,-0.041284843806182324,-0.0029647891502208343,1.0,3.09187311056393,26.0,3.1088,10000.0,5000.0,5000.0,197362.0,197362.0,197362.0,0.0,1.0,4.950414e6,58.458392292,168.34841918945312
49.20216753861296,50.52081022940555,8.853301749070491,10.109427440013373,0.0201930668865113,32.28894060084602,9.503612671506653,1.8117617650315383,1.2165599957513094,0.03410678497366073,-0.35171190306360345,0.024067882233204503,0.015210329906671108,-0.08595829799846652,-0.09905236035380363,0.008268088125251752,-0.03301667388724701,0.008987102715326165,1.0,3.1304315520053496,27.0,3.124,10000.0,5000.0,5000.0,196935.0,196935.0,196935.0,0.0,1.0,5.147349e6,58.458392292,168.34841918945312
49.252347938402686,50.8303700774526,8.984862358301728,9.83429410993849,-0.015051691321079858,31.74670978097063,9.272002444767363,1.8357527424551123,1.208799185888796,0.010737894942570034,-0.30879110808611415,0.006262434094901531,-0.019046250037075035,-0.08724013798608393,-0.09227990817920581,-0.002819355224032217,-0.028943708731802176,0.017477182430899532,1.0,3.131912560696102,28.0,3.1438,10000.0,5000.0,5000.0,193078.0,193078.0,193078.0,0.0,1.0,5.340427e6,58.458392292,168.34841918945312
49.22416288272068,50.73799839141694,8.945409425677678,10.079811564602215,0.013337891711819323,31.264528152653284,9.238326528763103,1.928610996160199,1.1700730414488267,0.04896540984771751,-0.33655483957788346,0.0017522489475945919,-0.013269635650938149,-0.12327112588287621,0.009215725915495313,-0.004027725357839841,-0.01641515215202849,0.01524722909228182,1.0,3.1746694109698805,29.0,3.1886,10000.0,5000.0,5000.0,188567.0,188567.0,188567.0,0.0,1.0,5.528994e6,58.458392292,168.34841918945312
49.628105821547884,51.0537469400885,8.744016981539891,10.098327580766126,0.016061298298514094,31.278665235130216,9.371172904486942,1.853860011083736,1.1597463898923321,0.04578361967281251,-0.26706440762999206,-0.010416191101434756,0.00030590765668821635,-0.11614028559028954,-0.05217049461487189,-0.016724371191104457,-0.038510513332000895,0.0007293469241116255,1.0,3.182472054213775,30.0,3.177,10000.0,5000.0,5000.0,193500.0,193500.0,193500.0,0.0,1.0,5.722494e6,58.458392292,168.34841918945312
49.64218243953224,51.031355318997626,8.90335993907178,9.906103782643111,0.004260976056877674,30.679478507844383,9.416142655242043,1.9119827711774786,1.175811643388046,0.0026030628751183144,-0.28612598614999113,0.0041542442867596495,-0.05319906936500757,-0.14699381147361798,-0.012980366618364594,0.007386220202833243,-0.03731738458879125,-0.043353720964463285,1.0,3.2155013614931702,31.0,3.1836,10000.0,5000.0,5000.0,189216.0,189216.0,189216.0,0.0,1.0,5.91171e6,58.458392292,168.34841918945312
49.64153801662269,51.13959914348804,9.00871415532062,9.99162883523896,-0.0128417919796063,29.90892399631232,9.485974872667514,1.8127601794167796,1.1962003500894929,0.02341436885046249,-0.34380105965470636,-0.007128169568758732,-0.005551765992208642,-0.12126128231529001,-0.04594112869656084,0.0033587740198325394,-0.023833609958805783,-0.017708657792809245,1.0,3.164687703945663,32.0,3.1612,10000.0,5000.0,5000.0,198976.0,198976.0,198976.0,0.0,1.0,6.110686e6,58.458392292,168.34841918945312
49.568227380177504,50.89956760766422,9.03830608277799,10.007966238819128,-0.01467550375408533,29.6231192789527,9.490741630881994,1.891466022460297,1.2121879992314715,0.009563024883867122,-0.3346069492993372,0.014356539919044307,-0.022310100584215245,-0.14200677915847024,-0.0692716695373815,0.013968751627558583,-0.043226867953907636,-0.022202085072339894,1.0,3.1525601057447465,33.0,3.1956,10000.0,5000.0,5000.0,189816.0,189816.0,189816.0,0.0,1.0,6.300502e6,58.458392292,168.34841918945312
49.67674019587453,51.19188881213619,8.917341017348397,9.7409355489185,-0.017139744224305413,29.004148736460564,9.430452333354406,1.842221204863154,1.1977205355025997,0.03187371442332717,-0.3502893559177109,0.0031546214964073608,-0.004416152619554099,-0.14027694247135863,-0.04483582984505818,0.0026987530439946004,-0.04718353408189415,0.007153223198894469,1.0,3.1768843251971344,34.0,3.1564,10000.0,5000.0,5000.0,193158.0,193158.0,193158.0,0.0,1.0,6.49366e6,58.458392292,168.34841918945312
49.95905705179073,51.31309170760784,8.868116911247604,9.903086162628602,-0.00948278407300432,28.282577260369244,9.528783924664609,1.914026094987226,1.1793510938834917,0.04846784287601441,-0.29828332700784643,0.0059963037537494645,-0.03103440481219858,-0.12119293416293374,-0.02832612279942595,0.015765297804467324,-0.046736664472095645,-0.034902274095382574,1.0,3.1431446234718643,35.0,3.1828,10000.0,5000.0,5000.0,188303.0,188303.0,188303.0,0.0,1.0,6.681963e6,58.458392292,168.34841918945312
50.02492725934526,51.560357904000206,8.768488494127821,9.88969351381842,-0.014746756768947758,27.760055619864666,9.35186212985974,1.8588510283693893,1.1896706877929701,0.032741331673371794,-0.32152304679246174,-0.0020196974851620438,-0.000236430405717872,-0.10751177863906822,-0.05889144953523137,0.0018294672174123884,-0.015289311799512166,-0.028455293680247132,1.0,3.172121696006746,36.0,3.1328,10000.0,5000.0,5000.0,194690.0,194690.0,194690.0,0.0,1.0,6.876653e6,58.458392292,168.34841918945312
50.54949204197078,51.839574517423735,8.747028874009743,9.925342318607075,-0.004861034854981059,27.20285525661337,9.239030139142589,1.8922011536495569,1.1907233244406916,0.026328945956701745,-0.33296748500928425,0.020096303290971822,0.025637042859385808,-0.07668680447729045,-0.074779967638445,-0.018269379202920162,-0.01660105451064812,-9.604213979644052e-5,1.0,3.2112346599109918,37.0,3.2598,10000.0,5000.0,5000.0,192367.0,192367.0,192367.0,0.0,1.0,7.06902e6,58.458392292,168.34841918945312
50.96649569413514,51.78642625555291,8.72274854549686,9.809386817059696,0.010871815461611735,27.165895970002246,9.320538030498854,1.8500888838770924,1.194386098886716,-0.01931466124027869,-0.3273490574555819,-0.03526214628459007,-0.01435131218124062,-0.09456547414375457,-0.0465945004679144,-0.009852301014973395,-0.039957546390344975,-0.010241684716120926,1.0,3.2092176089858855,38.0,3.1434,10000.0,5000.0,5000.0,192122.0,192122.0,192122.0,0.0,1.0,7.261142e6,58.458392292,168.34841918945312
50.94671232311719,51.797939235496905,8.793392707050188,9.912343729771587,-0.002015535318510592,26.920375073344157,9.293256130550514,1.840571642189704,1.1719571321542273,0.0046663260475272505,-0.31131204012558394,-0.0005277622572601404,0.00372164756588654,-0.10833371155870551,-0.03652010406726597,0.019310828635542798,-0.009697338441384637,-0.02645339478679294,1.0,3.1666033079291327,39.0,3.1916,10000.0,5000.0,5000.0,190536.0,190536.0,190536.0,0.0,1.0,7.451678e6,58.458392292,168.34841918945312
51.04665085966524,51.67842043514193,8.959002281937885,10.026738011180603,0.0030206333514646018,26.69950877346373,9.276765630599172,1.9561771327046873,1.1744938361490682,-0.0085784833152051,-0.30792838745087736,0.003687379456087116,-0.0010988040476557503,-0.12775133830858917,-0.04115925694465977,-0.010075757000256121,-0.02752770931293792,-0.013444475478509695,1.0,3.2029265910627895,40.0,3.2388,10000.0,5000.0,5000.0,191159.0,191159.0,191159.0,0.0,1.0,7.642837e6,58.458392292,168.34841918945312
50.98581292321505,51.76327022375059,9.026520995059332,9.985709803000129,-0.0035934665439405506,26.14822490374352,9.513722901037367,1.8542383397999698,1.2101224795459775,0.013105120761642795,-0.34196463740525435,0.042639573833752345,0.009214925310294175,-0.10512491915602594,-0.0898095603089443,-0.013067974249981353,-0.03597760291611301,-0.0002442653572134042,1.0,3.2077867793325305,41.0,3.2384,10000.0,5000.0,5000.0,193359.0,193359.0,193359.0,0.0,1.0,7.836196e6,58.458392292,168.34841918945312
50.98526087191194,51.60556290653308,8.932099394874397,9.939465547361264,-0.01286244564613339,25.72355120114063,9.339283071314645,1.9260525746093378,1.1930036296356696,0.007451865355492349,-0.3216902887978876,0.021274492632267866,-0.01839565686575875,-0.12011231156346897,-0.04634735242156926,-0.011377979284230986,-0.02066567790886804,-0.011961360278435822,1.0,3.2162552939981084,42.0,3.1478,10000.0,5000.0,5000.0,193214.0,193214.0,193214.0,0.0,1.0,8.02941e6,58.458392292,168.34841918945312
50.827820544627365,51.94492282381809,8.74302605969343,9.80272028600715,0.0016492754748373194,25.509546850368416,9.3519818797875,1.8956795297167455,1.1998335259334136,0.03851192574002806,-0.3466886261459789,0.009186652647529313,0.008258422183419553,-0.09324050785935223,-0.06113088753565112,0.036674123779806854,-0.03284252822295964,0.015563128787667524,1.0,3.22551818298274,43.0,3.2286,10000.0,5000.0,5000.0,191112.0,191112.0,191112.0,0.0,1.0,8.220522e6,58.458392292,168.34841918945312
51.07687677104429,52.099730990361216,8.767263617461895,10.012219998424106,0.024607896624635354,24.802037952039058,9.305995151427915,1.7986438085512049,1.183093863238004,0.03012215737741674,-0.3228881987294905,0.010067053089069078,0.0329458884425377,-0.04696301022902892,-0.076212235872192,0.028849610476442553,-0.03534565011250495,-0.020437268507999623,1.0,3.237353551271768,44.0,3.2218,10000.0,5000.0,5000.0,198258.0,198258.0,198258.0,0.0,1.0,8.41878e6,58.458392292,168.34841918945312
51.092889822390056,52.48095280547251,8.62137006540626,9.98178403932607,0.006145908847157767,24.560432584960665,9.270468505362473,1.8052758603467594,1.181547324285207,0.05515611228832994,-0.3270771440203582,0.006424801721877213,0.01118790179213225,-0.09630776461232146,-0.04883524258152899,-0.0052600829432894,-0.051014105151336774,0.023949117768566733,1.0,3.1981472956937664,45.0,3.179,10000.0,5000.0,5000.0,194329.0,194329.0,194329.0,0.0,1.0,8.613109e6,58.458392292,168.34841918945312
51.34296889324265,52.725907518409656,8.65823554962779,10.020308293182495,-0.0018669238408716286,24.312903594547613,9.273963320208013,1.9171100066151585,1.1803528182489105,0.050174713764802946,-0.31734177160002613,-0.013141951518210645,-0.026468242556895703,-0.09501436878267984,-0.016016469883152508,0.019631722810808383,-0.025824359569222913,-0.01485361799577634,1.0,3.1818557433375645,46.0,3.2344,10000.0,5000.0,5000.0,193502.0,193502.0,193502.0,0.0,1.0,8.806611e6,58.458392292,168.34841918945312
51.691345484671835,52.89878936937947,8.560566198065883,10.091074451869124,0.023396096679445536,23.847903095681147,9.164482224671334,1.8686276987107904,1.1987585451211993,0.03759986570489555,-0.33365764624634003,0.030434953787483975,-0.040746272862669214,-0.08591472068016309,-0.021594260817899735,-0.0062300088763373035,-0.07105235587249886,-0.025390862594967763,1.0,3.2327695032891306,47.0,3.156,10000.0,5000.0,5000.0,193858.0,193858.0,193858.0,0.0,1.0,9.000469e6,58.458392292,168.34841918945312
51.64534393016315,52.72105587422955,8.572833002523026,10.043960466995664,-0.007407516749198982,23.548669013184035,9.2532072461474,1.8065397430864971,1.1820126303404497,0.03298987463780424,-0.3091004304394246,0.008092657221208312,-0.006185494676509225,-0.09690935543342456,-0.04913127094443261,-0.026050365189096383,-0.01061237139120361,-0.010526645453792864,1.0,3.1720811470567436,48.0,3.197,10000.0,5000.0,5000.0,192469.0,192469.0,192469.0,0.0,1.0,9.192938e6,58.458392292,168.34841918945312
51.507724006641055,53.095510524184014,8.619243192867973,10.040402164495294,0.006662475911183184,23.232902020268902,9.227248614705324,1.8581290446837397,1.178757801657998,0.04104334051209951,-0.29429754832636307,-0.021470987352273076,-0.012154708226002285,-0.08812211693893163,-0.051216140303218576,0.00706264558343927,-0.036915011726204566,-0.009219814369160903,1.0,3.2107390131886446,49.0,3.218,10000.0,5000.0,5000.0,190840.0,190840.0,190840.0,0.0,1.0,9.383778e6,58.458392292,168.34841918945312
51.86470426530826,53.035678479720175,8.698430849615837,10.022793854605077,-0.018935553329341742,22.78601153813561,9.07921687769423,1.8928450170904174,1.2005407307747653,0.026381734495646403,-0.32707660262905885,0.03581637140695156,0.0054149918109193266,-0.053318285511166345,-0.07930658216487149,-0.008745733472248647,-0.0010769635779817154,-0.021758478240950688,1.0,3.2036110107982765,50.0,3.253,10000.0,5000.0,5000.0,192302.0,192302.0,192302.0,0.0,1.0,9.57608e6,58.458392292,168.34841918945312
51.62905466961025,53.17841166600676,8.812678640275776,9.885645016828388,0.003782269755644178,22.75436646612971,9.18789956158103,1.8950539646364155,1.182567892104836,0.04258124541075262,-0.302492195159234,-0.03192010746794744,0.0023541819956806437,-0.07166561956241316,-0.06593504952963793,0.01219787258818315,-0.025563959129776468,-0.007514151387063147,1.0,3.206965726304451,51.0,3.2096,10000.0,5000.0,5000.0,191371.0,191371.0,191371.0,0.0,1.0,9.767451e6,58.458392292,168.34841918945312
51.93973860650985,53.196745180408435,8.551502801286707,10.302201542090764,-0.00351866944125748,22.538019357875722,9.186842551518863,1.8312123753479626,1.1664605132900157,0.04771681350880273,-0.27262314920018976,-0.0344876121718106,0.01268752324842167,-0.04813153440258801,-0.07058925106931936,0.02653552603734023,-0.04568427045728195,-0.025879065383275533,1.0,3.19927351105393,52.0,3.221,10000.0,5000.0,5000.0,194487.0,194487.0,194487.0,0.0,1.0,9.961938e6,58.458392292,168.34841918945312
52.20495526295243,53.520743414456724,8.610901383122663,10.109415962734777,0.03009338084471481,22.54638333194753,9.11503906572226,1.7916689085444448,1.1785979015926036,0.05074449634695808,-0.29477173677604945,0.004190689099987329,-0.02051129008195443,-0.07810195536625116,-0.04188851086844047,-0.0033939757351714285,-0.013846411491562786,0.009403368390019802,1.0,3.165664735012343,53.0,3.2102,10000.0,5000.0,5000.0,194209.0,194209.0,194209.0,0.0,1.0,1.0156147e7,58.458392292,168.34841918945312
52.41774397529127,53.84136989529058,8.457141045144137,10.07902755302066,0.0025727224987285007,22.10127037597679,8.961431385168192,1.870984267995157,1.1364195311505219,0.020228977957782675,-0.266360263518544,-0.019133193986027527,0.02421447328662651,-0.08522598451675346,-0.03203889621286762,-0.0034870617058583566,-0.039485383589836026,0.032903247178998125,1.0,3.199391228236451,54.0,3.1942,10000.0,5000.0,5000.0,192267.0,192267.0,192267.0,0.0,1.0,1.0348414e7,58.458392292,168.34841918945312
52.692134613859906,54.045662896752496,8.498553719030134,9.974178692137512,-0.008805368943778244,21.578738306847605,8.97338905115255,1.805799068860885,1.143630205795291,0.045276477786349655,-0.27232333392429625,0.02723485636895538,0.002552728313744929,-0.07928671684237155,-0.01816257743669812,0.004745761555564524,-0.01852734797119609,0.012193804629813988,1.0,3.1892444447486223,55.0,3.1848,10000.0,5000.0,5000.0,194296.0,194296.0,194296.0,0.0,1.0,1.054271e7,58.458392292,168.34841918945312
52.618640822341874,53.781865161591725,8.42511824604673,10.041846787634771,-0.030628185919589195,21.493616026186473,8.912366009777557,1.8312335586900086,1.1757924787352818,0.05376656863694415,-0.3217669076490476,0.024190608985721947,0.001327317549036919,-0.08897211815683828,-0.030787942002238784,-0.00047837613900533066,-0.004162818132868705,0.014795459996140957,1.0,3.1620051317339093,56.0,3.1946,10000.0,5000.0,5000.0,193960.0,193960.0,193960.0,0.0,1.0,1.073667e7,58.458392292,168.34841918945312
52.7265787658752,53.667144884040326,8.329263215500495,10.04619815345437,-0.02298700745192686,21.151179450564705,9.033487206816616,1.8618051360946462,1.14207512988331,0.04355822691061635,-0.2883134122738347,-0.005217534634214904,-0.0027162890244689926,-0.05913800266099968,0.005883484494738255,-0.006209775062503361,-0.037586674548842174,0.005315985078559593,1.0,3.124752158433054,57.0,3.1502,10000.0,5000.0,5000.0,189305.0,189305.0,189305.0,0.0,1.0,1.0925975e7,58.458392292,168.34841918945312
52.933401961002055,54.162749176479245,8.475030616332152,9.999924843891138,-0.0023491465121121633,20.932520469847397,9.135276547434549,1.8652610984257423,1.1892964275235278,0.04931159755414637,-0.30455809354984525,-0.015691280441534717,-0.0049637607741358425,-0.10968543114996802,-0.06946656075503033,0.011137731283034592,0.0007678598906466909,0.021183019865573763,1.0,3.1417625947422554,58.0,3.1242,10000.0,5000.0,5000.0,195730.0,195730.0,195730.0,0.0,1.0,1.1121705e7,58.458392292,168.34841918945312
53.101720123329564,54.30210002815245,8.435100746498172,9.586788997800765,0.010936197905628608,20.501107048046613,9.042520620125176,1.763112760236512,1.1894273338043215,0.04820652728561397,-0.31056229661973006,0.015768289099809617,0.032079733533249395,-0.07463762806921503,-0.10238931162591453,0.0128351583257099,-0.06450205386749465,-0.020490223291633188,1.0,3.1234977790187655,59.0,3.1262,10000.0,5000.0,5000.0,198548.0,198548.0,198548.0,0.0,1.0,1.1320253e7,58.458392292,168.34841918945312
53.35208739318063,54.33730969929212,8.484870438717575,9.668434360149156,0.006472378257517161,20.166496363665246,8.96427162200413,1.879735415114158,1.1839878132255368,0.024626956129445283,-0.3070163157677413,-0.01868963803456376,-0.014885447592531817,-0.09730009871094186,-0.04621918166351498,-0.0067385535469949446,-0.009589824694431589,-0.012327048853292836,1.0,3.072586018678215,60.0,3.0198,10000.0,5000.0,5000.0,197362.0,197362.0,197362.0,0.0,1.0,1.1517615e7,58.458392292,168.34841918945312
53.54698883719807,54.396107746051996,8.313737740222502,9.638314942394617,-0.011239756269742688,19.898246002626216,8.919274467945337,1.8900904782902126,1.1768161870463179,0.05135427803986369,-0.27292086718497033,0.010608665356463973,-0.018405774116117685,-0.08344261284991526,-0.06350226024555729,-0.010831478151342517,-0.010955407783855887,0.011449976291802045,1.0,3.1253579474074025,61.0,3.0904,10000.0,5000.0,5000.0,190428.0,190428.0,190428.0,0.0,1.0,1.1708043e7,58.458392292,168.34841918945312
53.73264105605107,54.613742530259586,8.628082867494255,9.817052999935566,-0.029711276283374503,19.77388896288049,8.896177982030242,1.842120441381962,1.1968361803639649,0.0068163253953593414,-0.3291101812821914,0.01408924453873437,0.012595929508734099,-0.05783090389229038,-0.08002089003749963,-0.008535225264144148,-0.034110440654374505,-0.014417717876924235,1.0,3.1263909309398086,62.0,3.1304,10000.0,5000.0,5000.0,196171.0,196171.0,196171.0,0.0,1.0,1.1904214e7,58.458392292,168.34841918945312
53.97801790679742,54.589242416969036,8.486697011002368,10.019913811989516,-0.006355479498641824,19.410233153557968,8.927300511652783,1.8275095594344832,1.151151021537146,0.00046584867343006816,-0.2689775007621609,0.01419752369208674,0.02468693231503927,-0.051648767029005366,-0.0584288900119831,-0.002186640022799549,-0.015008921142278555,-0.0046371996146643965,1.0,3.1650865279055522,63.0,3.1124,10000.0,5000.0,5000.0,196185.0,196185.0,196185.0,0.0,1.0,1.2100399e7,58.458392292,168.34841918945312
53.78978880876062,54.35775073338959,8.591921082773645,10.102470747867512,0.00513170354687818,19.255200402332463,8.884395375713808,1.8169152866530762,1.1844564259141324,0.016165727638034352,-0.3271134172137677,0.011313327666992107,0.01478283476352734,-0.04733909598782384,-0.057787553374893684,-0.011669433205524857,-0.01978980680460156,-0.0038146838477842488,1.0,3.154956077147669,64.0,3.1404,10000.0,5000.0,5000.0,196095.0,196095.0,196095.0,0.0,1.0,1.2296494e7,58.458392292,168.34841918945312
53.88908638533242,54.5585238267245,8.409279128161451,10.014101655653912,0.013677786187227009,19.231208292633376,8.841362299846406,1.8270065283725532,1.1790141635957723,0.025424701102866085,-0.2923945097563294,0.0034418545592350457,-0.020771051305192335,-0.027210614847432913,-0.04554345226027759,0.031064359930606744,0.0030479404963939228,0.015675750771722424,1.0,3.1567561551979457,65.0,3.149,10000.0,5000.0,5000.0,193495.0,193495.0,193495.0,0.0,1.0,1.2489989e7,58.458392292,168.34841918945312
53.71466789527218,54.50936284757985,8.418491359636352,10.045148526389125,-0.006432475392881717,19.275072811186774,8.842797825657264,1.8895666334287557,1.1582120318601086,0.03634741794959928,-0.2857237769224789,0.013486287066384512,0.026305865251015876,-0.0672346287548074,-0.056461502078467264,0.03231936860679487,-0.008918250706768879,0.0014016829401577195,1.0,3.1542160807909734,66.0,3.1166,10000.0,5000.0,5000.0,192195.0,192195.0,192195.0,0.0,1.0,1.2682184e7,58.458392292,168.34841918945312
53.86088744701565,54.54969961394533,8.550964364559281,9.750776292136337,0.007194758811828,18.967736892964428,8.8033675813902,1.8388861174355082,1.1432994529111549,0.007432920456978877,-0.2836494696304997,0.045813636086183156,-0.01495920829185031,-0.028456205358163122,0.01108750531270858,0.027821928373490932,-0.028071501513674768,0.007136044646910059,1.0,3.17975909378604,67.0,3.1856,10000.0,5000.0,5000.0,194008.0,194008.0,194008.0,0.0,1.0,1.2876192e7,58.458392292,168.34841918945312
53.54828827380489,54.36802397456103,8.20015608565514,9.758689039993753,0.008047251479628204,19.06999245027088,8.957350924027914,1.8203221554443998,1.1914508579132803,0.02779373692915285,-0.32163937391520353,-0.014510970892473466,-0.001497319754114332,-0.060439969610657604,-0.06004681015324393,-0.027243798549803015,-0.010460014817878931,0.0013512957029867426,1.0,3.203736722832006,68.0,3.1826,10000.0,5000.0,5000.0,195457.0,195457.0,195457.0,0.0,1.0,1.3071649e7,58.458392292,168.34841918945312
53.54093366997535,54.6465079213253,8.118886477820382,9.741085074974702,-0.001554989345836253,19.054726349887435,8.779145688988349,1.8012235281723306,1.1512102142185048,0.025985412528299424,-0.2729091458618375,-0.0012150641935790901,0.02697070884729651,-0.04421470969024135,-0.05739545938451713,0.008910839675657235,-0.008306100725770973,0.0104493026824348,1.0,3.206772870585996,69.0,3.2042,10000.0,5000.0,5000.0,198889.0,198889.0,198889.0,0.0,1.0,1.3270538e7,58.458392292,168.34841918945312
53.93006674379296,54.67556210090623,8.313207059322723,9.763664810014633,0.0010341121668128916,18.765334751088403,8.962767925681254,1.8802081735572973,1.176409274623608,0.008510025981736022,-0.275996909561454,0.010470538073712597,-0.011417230695345705,-0.0699372433486398,-0.06588158746814377,0.03062417948255787,0.003306356610984175,-0.007928744527963997,1.0,3.228076977091994,70.0,3.1954,10000.0,5000.0,5000.0,193173.0,193173.0,193173.0,0.0,1.0,1.3463711e7,58.458392292,168.34841918945312
53.898425654825175,54.34993824436087,8.261278182720948,9.59546017549075,0.02372025735208263,18.68211769724816,8.692832647190166,1.9044759082334706,1.1489034093173043,0.021103277351701703,-0.3248644316658245,0.005525326512845689,0.03784815358987655,-0.06378827774912828,-0.010278022482080705,0.0044143197713886135,-0.001700955522363699,-0.02249095326847464,1.0,3.232475941724374,71.0,3.251,10000.0,5000.0,5000.0,193764.0,193764.0,193764.0,0.0,1.0,1.3657475e7,58.458392292,168.34841918945312
53.8722902300418,54.402028833258825,8.020800527047896,9.725698111993562,-0.002050568115472819,18.815048122539096,8.707802534671659,1.8962428339987236,1.1952107702628212,0.0033531284589967216,-0.30835828281617883,-0.03977568843128234,-0.019760322292191632,-0.059399197588440804,-0.06288501300827555,-0.012519288926716686,-0.010378809601489692,-0.0033904702752073617,1.0,3.208733144297927,72.0,3.1356,10000.0,5000.0,5000.0,191874.0,191874.0,191874.0,0.0,1.0,1.3849349e7,58.458392292,168.34841918945312
54.20470804555912,54.75893330556783,8.216458233444481,9.860278287378037,0.004251294615013287,18.575643759640062,8.752250584485202,1.9325058442283627,1.1671312820074367,0.0022046409703580343,-0.312234115846891,0.00725861931772311,0.0406454171201886,-0.06097127583132331,-0.06261904355015264,0.010783699414269036,-0.0045454918227297025,0.006150624411859361,1.0,3.1601386971431062,73.0,3.183,10000.0,5000.0,5000.0,191042.0,191042.0,191042.0,0.0,1.0,1.4040391e7,58.458392292,168.34841918945312
54.22176418031283,54.733694549778896,8.159466531649969,9.897367202601554,0.013371117353921796,18.358408063964703,8.504789887487535,1.8408322467496563,1.1760003081061625,0.009636559636549625,-0.3094511596527105,-0.007479355040402638,0.019251815225003445,-0.03512908662858726,-0.06150463806514615,0.012828511472674645,-0.01809843352322021,-0.007067908100516047,1.0,3.1935070198302444,74.0,3.1358,10000.0,5000.0,5000.0,193479.0,193479.0,193479.0,0.0,1.0,1.423387e7,58.458392292,168.34841918945312
54.14528729611768,54.7891047906144,8.084823904510351,9.838773257070168,-0.03407949671824456,18.46379978401442,8.580848111747779,1.85687843051464,1.1591466630408165,0.005269455278413138,-0.3035657647627555,-0.003389674233153219,-0.004701355529060169,-0.0633656897463957,-0.011697406493881927,-0.014664292258452175,-0.02805816514164901,0.012944751599567617,1.0,3.184243503239486,75.0,3.125,10000.0,5000.0,5000.0,202278.0,202278.0,202278.0,0.0,1.0,1.4436148e7,58.458392292,168.34841918945312
53.963890327765164,54.50414101544594,8.093593007700395,9.729303555025615,-0.022768016231975885,17.892691716495417,8.63300638749712,1.8506428558681196,1.1603755448233324,0.00889776176593862,-0.30114762924224325,0.009972064668097488,-0.02208063530866267,-0.07145489007825023,0.002305933223891996,-0.0027563912934492475,-0.014785969686554075,0.02000621582354801,1.0,3.1905166469343174,76.0,3.2718,10000.0,5000.0,5000.0,191528.0,191528.0,191528.0,0.0,1.0,1.4627676e7,58.458392292,168.34841918945312
54.203451926445126,54.19552773590572,7.952500385503323,9.82836860424599,0.003880914952372472,17.604443795441174,8.60608315524663,1.7653163376445593,1.1557115922742869,-0.00044470382961498713,-0.27740175506811227,0.026867885001459108,0.006741722242200066,-0.039303020165699025,-0.04110014351810597,0.007519937964379032,-0.01157342794751042,-0.008149907404015793,1.0,3.177213571207656,77.0,3.1604,10000.0,5000.0,5000.0,197906.0,197906.0,197906.0,0.0,1.0,1.4825582e7,58.458392292,168.34841918945312
54.16796182656941,54.51139383444452,7.990080199323634,9.91055384775535,-0.007113891538195241,17.450067192761765,8.73521830476469,1.8411485267201935,1.1802075556787177,0.020628502237904987,-0.3130208637556831,0.018080416254410397,-0.011883860044385746,-0.023421037864928065,-0.035545180818988956,0.0007413899380084498,0.0031715585059669316,0.017431779983916543,1.0,3.211710798650133,78.0,3.3204,10000.0,5000.0,5000.0,191359.0,191359.0,191359.0,0.0,1.0,1.5016941e7,58.458392292,168.34841918945312
54.43288885975445,54.525456225700616,7.996775176815333,9.733696844553009,0.004657525057722203,17.65943439988587,8.625908849975518,1.8074515641046058,1.1526156032404733,0.0014782863795678018,-0.2699512212767163,0.017155887992560286,-0.0011254250457189568,-0.0762318692675902,-0.03386659116030788,0.010121474871786456,0.0025947715415724913,-0.02232277274708225,1.0,3.23475260025353,79.0,3.1656,10000.0,5000.0,5000.0,192995.0,192995.0,192995.0,0.0,1.0,1.5209936e7,58.458392292,168.34841918945312
54.473147290229996,54.75476729591718,8.132825054987075,9.5707187861951,0.0007261516551203534,17.407328196698153,8.59930756068817,1.7524811658643675,1.1532106601560812,-0.0032421210027234527,-0.28157782404228954,0.021393020511939326,0.01673659829023858,-0.03895006984229603,-0.04013788109362402,-0.010490766745961546,-0.03658160837331845,-0.0064414807929020195,1.0,3.1902357477567507,80.0,3.192,10000.0,5000.0,5000.0,193742.0,193742.0,193742.0,0.0,1.0,1.5403678e7,58.458392292,168.34841918945312
54.640154702994906,54.808178368759016,7.846210982535828,9.699827670529254,0.00013276739016618847,17.24953310477752,8.900224969191585,1.836147220482926,1.1447316032170347,0.0011912785636751424,-0.28181694883201364,-0.019416804043110594,0.007852780521138194,-0.03825661450185485,-0.015514782597999233,-0.029680516234346355,0.0015862783818975607,-0.0032729586499208206,1.0,3.1826337646017584,81.0,3.197,10000.0,5000.0,5000.0,195440.0,195440.0,195440.0,0.0,1.0,1.5599118e7,58.458392292,168.34841918945312
54.628631303904086,54.76996748621466,7.921355501207097,9.800286596934164,0.01926950495900723,17.250780876886257,8.814718750972228,1.8740686416535997,1.1923855386853968,-0.0008914634430297936,-0.2820690769461542,-0.024679091657245206,-0.03703772163823989,-0.040837022363414244,-0.06654358073150264,0.012913409837758094,-0.030546195999653393,0.03559860340110297,1.0,3.193357528190068,82.0,3.225,10000.0,5000.0,5000.0,198111.0,198111.0,198111.0,0.0,1.0,1.5797229e7,58.458392292,168.34841918945312
54.9578682104455,55.051308076620465,8.02479490179476,9.58206457180917,0.020865317506369385,17.006705821336777,8.735519097165668,1.8195889659783933,1.1693036170587432,-0.0320818338321906,-0.31411904575003474,0.030233739288857468,0.014302513571330656,-0.059300038889972914,-0.037460975888953904,-0.023859083432184052,-0.016118059232718175,0.02372851881742618,1.0,3.1743860861459483,83.0,3.2136,10000.0,5000.0,5000.0,196662.0,196662.0,196662.0,0.0,1.0,1.5993891e7,58.458392292,168.34841918945312
54.80769620668084,54.81382084102636,7.99648786565551,9.862718325698923,-0.021544649626150086,16.960051693490378,8.7399619604002,1.8981540402892185,1.178598279392266,-0.0234048316619459,-0.2925228527388194,-2.4314232408483793e-5,-0.032551219025270216,-0.05390796355091139,-0.032086935236763744,0.011822901233217673,-0.011107554799777904,-0.0031758312439178365,1.0,3.1777241214065115,84.0,3.1492,10000.0,5000.0,5000.0,193602.0,193602.0,193602.0,0.0,1.0,1.6187493e7,58.458392292,168.34841918945312
54.75773871590195,54.65224029614998,8.03289993713088,9.821503285441265,0.018209202930042433,16.67991135713116,8.655203277751442,1.7711512249127361,1.180080514404795,-0.028887511709656352,-0.2798251271988135,-0.017454175936520263,-0.04987175313500985,-0.028280539541284445,-0.030615792959425542,-0.017227777712033418,-0.022243580609212787,0.012311172862520156,1.0,3.1518535159891123,85.0,3.0892,10000.0,5000.0,5000.0,197228.0,197228.0,197228.0,0.0,1.0,1.6384721e7,58.458392292,168.34841918945312
54.86249017669079,54.66588489811418,8.029828733841885,9.434038824896048,-0.003050170907593211,16.837377951983974,8.775131292261296,1.8275790330578894,1.1509684019859308,-0.023207342591340618,-0.32937997735062957,0.0028488806533416154,0.059755667491070495,-0.04680864728463655,-0.032790704366680135,0.021024148904250174,-0.030002927195771214,0.03732703170849841,1.0,3.161308705039129,86.0,3.1082,10000.0,5000.0,5000.0,197828.0,197828.0,197828.0,0.0,1.0,1.6582549e7,58.458392292,168.34841918945312
54.71290552618308,54.65159947227119,8.037865836177192,9.27674529013504,-0.014476059858001539,16.674546638758468,8.961987871386478,1.8087201379078948,1.1539189678097683,-0.02702476541723819,-0.31528070324992713,-0.02027494819756941,0.011066625069977116,-0.05634058373212954,-0.003997005510486338,-0.0036054515919860435,-0.007800453969973169,-0.010507684585280968,1.0,3.204903886062089,87.0,3.205,10000.0,5000.0,5000.0,195902.0,195902.0,195902.0,0.0,1.0,1.6778451e7,58.458392292,168.34841918945312
54.35115896081654,54.77051158190388,7.892592169271143,9.39731447476929,0.016219663511733803,16.58190291988441,8.924177808624604,1.8173052641074456,1.1675286027195613,-0.00707871233422989,-0.28110276947962437,0.005980997807086046,-0.01328729544377822,-0.07334651350804107,-0.0404832628814746,-0.001946826837780317,-0.007972522955057971,-0.006119768874066283,1.0,3.1576803988124933,88.0,3.1858,10000.0,5000.0,5000.0,197973.0,197973.0,197973.0,0.0,1.0,1.6976424e7,58.458392292,168.34841918945312
54.184410640335955,54.960694212559446,7.852354258753073,9.465243060335153,-0.02265481720629154,16.370863626032737,8.842822915786194,1.800455454850752,1.1702845577903218,0.00487821779435634,-0.2979345673279632,0.03128565667196163,0.03185730199249144,-0.017290621315758,-0.07440024181228902,0.0015329426073329158,-0.029634733188278608,-0.003001964545863134,1.0,3.156524759457422,89.0,3.1446,10000.0,5000.0,5000.0,195883.0,195883.0,195883.0,0.0,1.0,1.7172307e7,58.458392292,168.34841918945312
54.1612664666329,55.034941607679265,7.8526218060391875,9.747403077165563,-0.021512997354683133,16.27155105464418,8.674340132052713,1.8761751953562118,1.1749331217390913,0.03181045185036401,-0.2915711562582046,-0.006740940205462871,-0.014512299723823356,-0.00863659737946946,-0.043058566187051374,0.022034753970761704,0.01827522936367586,-0.016932582649157087,1.0,3.0976853819403702,90.0,3.1334,10000.0,5000.0,5000.0,194493.0,194493.0,194493.0,0.0,1.0,1.73668e7,58.458392292,168.34841918945312
54.69745035338933,55.522457057385004,7.892295077091609,9.526724963746426,-0.017569858783068458,16.424385878274567,8.702615648494925,1.9182135499346644,1.1561457153008414,0.012592880258874903,-0.2911325372993058,0.03267166304928962,-0.011526896226289366,-0.07172656034967194,-0.010805541593081894,-0.003243504530108655,-0.017888567156997468,0.016144930448747864,1.0,3.101706395290558,91.0,3.0934,10000.0,5000.0,5000.0,193991.0,193991.0,193991.0,0.0,1.0,1.7560791e7,58.458392292,168.34841918945312
54.718134457232686,55.230205107791114,7.760833093936883,9.333073210767937,-0.021371260461422712,16.36201731283317,8.668901917221975,1.855677551620897,1.1771831377736242,0.025952025564809984,-0.29198848112739334,0.00415118212494615,-0.03661344866343422,-0.051338343358102646,-0.025931662030870627,-4.097979262266983e-5,-0.0022935555180957734,-0.0012895633431944291,1.0,3.056310528063299,92.0,3.0492,10000.0,5000.0,5000.0,197145.0,197145.0,197145.0,0.0,1.0,1.7757936e7,58.458392292,168.34841918945312
54.8436175498497,55.47627298363313,7.824937334974732,9.63162987200775,0.0020929479401417964,15.963294836973407,8.644289561006957,1.8365325918442514,1.1604406972120431,0.012678268181742234,-0.33040594581905436,0.0009349318405386643,0.030242860211249264,-0.04635649493939798,-0.021303663026801867,-0.02081744201150418,-0.0026756309652861904,0.032210820825941636,1.0,3.0770861990472813,93.0,3.0972,10000.0,5000.0,5000.0,196780.0,196780.0,196780.0,0.0,1.0,1.7954716e7,58.458392292,168.34841918945312
54.903682783442854,55.339814288862705,7.723415281938145,9.655816316266865,0.006476177315772968,15.640833580923482,8.621498841663467,1.7551421178662874,1.1564081043105034,0.0069033478983973415,-0.26977561462939875,0.011670622978343788,0.014758763664405329,-0.055198365620352983,-0.05679516392479022,0.0036249259666589328,-0.018784568314852885,-0.007224602191632353,1.0,3.0914145926928533,94.0,3.0852,10000.0,5000.0,5000.0,194114.0,194114.0,194114.0,0.0,1.0,1.814883e7,58.458392292,168.34841918945312
54.70435303034059,55.24160916543396,7.855512139531208,9.405812860210162,-0.010446590212635186,15.667017670778034,8.503407052842691,1.8569385531238107,1.1756307517064768,-0.00014477120816583464,-0.3220649309165786,0.00021749757138587322,-0.0006975027595996625,-0.010989422519196131,-0.028999311381223386,-0.007696798001678902,-0.024171931406274143,-0.029598181728063812,1.0,3.1226739475465424,95.0,3.0968,10000.0,5000.0,5000.0,192909.0,192909.0,192909.0,0.0,1.0,1.8341739e7,58.458392292,168.34841918945312
54.84219499086331,55.04087596279893,7.7132590621421935,9.41663938863088,0.003406845097576096,15.903734296238987,8.602913422044324,1.8302831274999631,1.2213667330597264,-0.009654525914434955,-0.31649452435207986,0.005930252349615551,-0.05839074776440072,-0.054213399398332106,-0.06596761526797908,-0.007060839157973054,-0.012398104370677359,0.040935849222131504,1.0,3.101218519809873,96.0,3.0646,10000.0,5000.0,5000.0,194619.0,194619.0,194619.0,0.0,1.0,1.8536358e7,58.458392292,168.34841918945312
54.74260017929687,54.918265986336834,7.600509335660784,9.540413369661971,0.04732606173618085,15.451716085733759,8.626576038238127,1.7562642767292251,1.1519310120580823,0.022234932329381313,-0.26874165467061994,-0.009334569515116386,-0.03618583904714407,-0.018071673523626656,-0.0013704778628823985,0.008618429328091787,-0.02468263428181807,0.008820399805930721,1.0,3.103610766394071,97.0,3.082,10000.0,5000.0,5000.0,195610.0,195610.0,195610.0,0.0,1.0,1.8731968e7,58.458392292,168.34841918945312
54.84505640909994,55.06638843452395,7.673473929842356,9.365580135757213,0.01926072412086424,15.64521391207272,8.49625892226362,1.776709342568286,1.1523750776699957,-0.0029377491613235295,-0.2759970324125078,0.02884839622206174,0.02751436138246526,-0.034404716505424204,-0.056566817310350445,0.0012758581824649702,-0.011974962865033918,-0.014901773187544412,1.0,3.0928833837415413,98.0,3.1224,10000.0,5000.0,5000.0,194529.0,194529.0,194529.0,0.0,1.0,1.8926497e7,58.458392292,168.34841918945312
54.567093740394874,55.275655226823105,7.667441259023861,9.414869473698886,-0.006201762919959792,15.428056912460754,8.482435341960173,1.865946207649661,1.158525365322296,0.01364108861807521,-0.29891444373101167,0.035840150700520934,0.015137791055823137,-0.03774460302734325,-0.034217814181464495,0.013631057185481547,-0.06842802179742358,0.019373560170479108,1.0,3.1156548206976717,99.0,3.148,10000.0,5000.0,5000.0,198463.0,198463.0,198463.0,0.0,1.0,1.912496e7,58.458392292,168.34841918945312
54.49856647754259,55.11928172573034,7.6106962013172,9.487981521377169,0.0022748812782549866,15.377257367513987,8.523042162644176,1.7619153845416302,1.1523956127119102,0.0161782731674318,-0.2709616492592209,0.0009140317125919654,0.021806745701633014,-0.025874687749393697,-0.05950878873300439,-0.007002859920088895,-0.03897238818972644,-0.034638019816192266,1.0,3.1004773950816658,100.0,3.1644,10000.0,5000.0,5000.0,194938.0,194938.0,194938.0,0.0,1.0,1.9319898e7,58.458392292,168.34841918945312
49.9268119073767,50.10886278902269,9.824576361253815,9.84743534819154,0.002877424480166913,49.894770366751544,9.906056332301914,2.1681977636693786,1.1827118294607786,-0.11439380160968862,-0.36616102994767136,-0.008995522325836218,0.005998886420220794,-0.2000521235193786,-0.007630524924911619,0.0044208895656305935,-0.03808602305851418,-0.009424485914547477,1.0,3.996,1.0,4.0294,10000.0,5000.0,5000.0,176473.0,176473.0,176473.0,0.0,2.0,1.9496371e7,58.458392292,168.34841918945312
49.89568243460992,49.726586030905615,9.66784065102418,10.011087208563216,0.007044574150220698,48.87457221170417,9.85493143659194,2.079707284681149,1.2066811922119904,-0.12423024569235444,-0.37847169540592746,0.010068322215207271,-0.005459434323108801,-0.1771927990454257,-0.03188352339217436,-0.020883554537216586,-0.030490347185069815,0.004958779341835917,1.0,3.7896325576118906,2.0,3.8706,10000.0,5000.0,5000.0,179426.0,179426.0,179426.0,0.0,2.0,1.9675797e7,58.458392292,168.34841918945312
49.37932209584331,50.08000664357932,9.579882372616108,10.124058531675672,-0.006034253603121396,48.098764479586464,9.702423805800299,2.062122665131508,1.2095528414697372,-0.07398948560397636,-0.38220008184329296,0.002905807669889203,-0.028676447644267796,-0.18513943836203356,-0.01011651154050978,-0.0015213191254946831,-0.02732543997493511,-0.006077394109041781,1.0,3.689997293751553,3.0,3.747,10000.0,5000.0,5000.0,182397.0,182397.0,182397.0,0.0,2.0,1.9858194e7,58.458392292,168.34841918945312
48.76143766261741,50.07872256546641,9.53071892289735,10.24006653732922,-0.02693830411443225,47.39457029289694,9.685378561606965,2.0079705924146376,1.2006120312657285,-0.040435198963150676,-0.34209567357160636,0.0318065626215785,-0.05205544247857239,-0.20269991111460164,-0.011188126587578518,-0.006041292626523995,-0.06549760343332382,-0.021449194005952306,1.0,3.6046114295636116,4.0,3.6124,10000.0,5000.0,5000.0,187875.0,187875.0,187875.0,0.0,2.0,2.0046069e7,58.458392292,168.34841918945312
48.85601133726676,50.17089922981754,9.403734129078678,10.680257541629167,0.016468872260503375,46.449050488125046,9.848723558345165,1.9431904624840846,1.1960677594673688,-0.04799519341567119,-0.3489747780868424,-0.0010582901167789822,-0.013633809715015564,-0.19114292942876554,-0.02983775748290157,0.007316279335380932,-0.002048357102421365,0.009803564673196676,1.0,3.54068759449181,5.0,3.4802,10000.0,5000.0,5000.0,188614.0,188614.0,188614.0,0.0,2.0,2.0234683e7,58.458392292,168.34841918945312
48.563961688758894,50.22882303478668,9.439843750575875,10.483540892715055,0.03143899362623599,45.82319557119211,9.754342920951542,1.9145079260711413,1.173752302009655,-0.024993512038747893,-0.3260783315917825,-0.032918833207197115,0.015211265987032508,-0.1907588218323008,-0.039747655679662146,0.001260301079954734,-0.05203686570974787,0.016611741610178282,1.0,3.424769922318417,6.0,3.4622,10000.0,5000.0,5000.0,188143.0,188143.0,188143.0,0.0,2.0,2.0422826e7,58.458392292,168.34841918945312
48.73576569508135,50.1719027990771,9.415862753887358,10.369081498152054,0.013458771803638789,44.922254068294194,9.647206620263,1.8985159306225525,1.214443798587126,-0.0488340583445585,-0.3453815991876081,-0.0018735269637394866,-0.061062285424320926,-0.18140181296112687,-0.02471365253374094,-0.01125075338179867,-0.03150837479088087,0.0011586474501014518,1.0,3.3799078552542166,7.0,3.3754,10000.0,5000.0,5000.0,191137.0,191137.0,191137.0,0.0,2.0,2.0613963e7,58.458392292,168.34841918945312
48.50451141645559,50.18245694892914,9.420267078669534,10.27893742353424,-0.003546128414696145,43.897838534458984,9.744639161166871,1.92324564430902,1.1665834550962555,-0.010299240253733438,-0.3499041486268131,-0.006964996081212844,-0.030668508849801226,-0.18808610657148042,0.04434971382013751,-0.0029468159098829084,-0.05441839984995708,0.0071965915670947666,1.0,3.3412644544625842,8.0,3.3414,10000.0,5000.0,5000.0,192242.0,192242.0,192242.0,0.0,2.0,2.0806205e7,58.458392292,168.34841918945312
48.526824935033105,50.254668830173834,9.469679418968663,10.372512667127493,-0.012870468345264126,43.02587611020404,9.933933219173678,1.9349023872165745,1.1658226210662372,0.014857056612575609,-0.34997676888923307,0.007945220326096255,0.034365605035967146,-0.1811686672172787,-0.016023542297026877,0.009057209918420793,-0.07597345400543834,-0.023638437289575105,1.0,3.280666706260357,9.0,3.3018,10000.0,5000.0,5000.0,190411.0,190411.0,190411.0,0.0,2.0,2.0996616e7,58.458392292,168.34841918945312
48.59591871393218,50.348458056845026,9.43060555333086,10.603974265633957,0.00446111815005659,42.21082522376508,9.904516456695797,1.9291909003460923,1.155633111996175,-0.005581164339520574,-0.30906687624209656,-0.0034398522845638943,0.005231782945210968,-0.15745784825758213,-0.013503262659448996,-0.017648982944856624,-0.07701314047605383,-0.008095026246181523,1.0,3.2725830116133756,10.0,3.2978,10000.0,5000.0,5000.0,190245.0,190245.0,190245.0,0.0,2.0,2.1186861e7,58.458392292,168.34841918945312
48.90903435523184,50.39416704741211,9.560687896789894,10.503690278881267,0.0007522762388152519,41.46177584246545,10.001128300047306,1.8628848758844954,1.1986767788082595,0.012462598410355312,-0.37730148919790063,-0.01410000424937765,0.044932714950925365,-0.14726884726997316,-0.07140478245221599,-0.03784024356682796,-0.05211401265226042,0.031175849070960052,1.0,3.2399037653188407,11.0,3.2366,10000.0,5000.0,5000.0,194689.0,194689.0,194689.0,0.0,2.0,2.138155e7,58.458392292,168.34841918945312
49.127082394893876,50.314439313890084,9.503435661890837,10.219416077189926,0.004232786168331661,40.78252651457763,9.702040040315861,1.945214843832435,1.1777243415547305,-0.05042336168937753,-0.34614826210186955,-0.009485540019123653,-0.039643102775900094,-0.17105837425549394,0.02874956720567174,-0.01692159373426014,-0.01775717374408971,0.003729220403111528,1.0,3.227301820989197,12.0,3.2434,10000.0,5000.0,5000.0,195385.0,195385.0,195385.0,0.0,2.0,2.1576935e7,58.458392292,168.34841918945312
49.160558957533084,50.1955910726863,9.641715206773656,10.341208982821161,-0.013317400333538391,39.764781193508874,9.823203042918918,1.937754839770896,1.1732699311367856,-0.02513282241652222,-0.3478690684730739,0.030565035648551224,0.006874415952750205,-0.16997439958653213,-0.006875080771922326,-0.013656304079028358,-0.014638148938144347,0.009911679835642312,1.0,3.240364017933193,13.0,3.2392,10000.0,5000.0,5000.0,192653.0,192653.0,192653.0,0.0,2.0,2.1769588e7,58.458392292,168.34841918945312
48.72782850126914,50.12907668862569,9.56265415421511,10.463157862174203,-0.0315960905896485,39.14547409306519,9.906829029515116,1.8951806546994654,1.183079890362676,0.001065475552640463,-0.3402702318404763,0.01319428322683176,-0.02071186689293306,-0.14562553676884904,-0.00765814229271934,0.02558019134424391,-0.03533119841813397,-0.002677500852186877,1.0,3.2041823705300483,14.0,3.2686,10000.0,5000.0,5000.0,194018.0,194018.0,194018.0,0.0,2.0,2.1963606e7,58.458392292,168.34841918945312
48.81729131710595,50.09949972199129,9.648247227104985,10.338767607764767,-0.002848699068319865,38.42861315116114,9.841654904157576,1.8519018277233565,1.2022007956084346,-0.017442210726340085,-0.36969666996875183,-0.047624535388424726,-0.027555150137862416,-0.12245740529573029,-0.015357897304694326,-0.008407753434791493,-0.06401969700551706,0.03797177431594772,1.0,3.2142630181757346,15.0,3.1688,10000.0,5000.0,5000.0,192066.0,192066.0,192066.0,0.0,2.0,2.2155672e7,58.458392292,168.34841918945312
49.19005310129465,49.80507420103634,9.519299151438965,10.381479248855499,-0.014547046103604591,37.94965449649744,9.854024114433834,1.9013318397654873,1.1970390350362203,-0.054275226069922536,-0.32240198413768845,0.02939075853794877,-0.03928964012061353,-0.1553299494281506,-0.036538970411753274,0.004454541156210215,-0.04216753163573924,0.0006064007096846142,1.0,3.2173113373636335,16.0,3.1984,10000.0,5000.0,5000.0,194388.0,194388.0,194388.0,0.0,2.0,2.235006e7,58.458392292,168.34841918945312
48.69754921519967,49.9362806500205,9.510319416023847,10.186645343579864,-0.0013199140288517105,37.48472946370013,9.643402742754084,1.9476143134153219,1.2082947040174081,-0.06225462092376728,-0.34476829657326513,0.04278079283319316,-0.025249926709694163,-0.12850553488704716,-0.04964121466183218,-0.006122301220873006,-0.03801056593314305,0.004540021842048521,1.0,3.2270335549129867,17.0,3.2506,10000.0,5000.0,5000.0,188343.0,188343.0,188343.0,0.0,2.0,2.2538403e7,58.458392292,168.34841918945312
48.349821994134494,49.894270326209046,9.333688314343382,10.414068361289884,0.014712570228287467,36.86923064226842,9.743314367567205,1.9259559539479425,1.1975571165709047,-0.022951216845162655,-0.3152311761030925,0.03133514040378075,-0.033278515913431,-0.13031361520856274,-0.05015249310434225,-0.00079809638938158,-0.046612120335336286,-0.014778320605876473,1.0,3.179676353399145,18.0,3.2148,10000.0,5000.0,5000.0,191622.0,191622.0,191622.0,0.0,2.0,2.2730025e7,58.458392292,168.34841918945312
48.497073357367704,49.80679096351558,9.328398234404746,10.359483109485641,-0.00497298280870814,36.223007551824416,9.566097708756912,1.9135526452440055,1.1499163568950619,-0.004836699747746491,-0.3391579435802992,-0.00771985242758535,0.0103219907441174,-0.14715040692824694,0.02827344837890579,-0.002087093766329773,-0.03647778228932332,0.01560223308604682,1.0,3.203442954779445,19.0,3.2406,10000.0,5000.0,5000.0,189855.0,189855.0,189855.0,0.0,2.0,2.291988e7,58.458392292,168.34841918945312
48.6233163689241,49.613295138810415,9.361054375661812,10.305627432978088,-0.01125618811125588,35.470106425600534,9.577640973878186,1.9541502344014687,1.1670069143055175,-0.010903305416313819,-0.3238208441329036,0.02456635220231587,-0.027548351255205158,-0.11965087147200612,0.01417116492576176,-0.021962669938215173,-0.03915695376758858,-0.002155604704832293,1.0,3.1560864666734187,20.0,3.2342,10000.0,5000.0,5000.0,191791.0,191791.0,191791.0,0.0,2.0,2.3111671e7,58.458392292,168.34841918945312
48.48528321989904,49.38658891585348,9.50145202972522,10.195910104999053,-0.017502852273523863,35.05322828835377,9.871586527607676,1.8639361320272818,1.1743261283058812,-0.03732133054414724,-0.3656421860687195,0.001072582169412014,0.018569282048828177,-0.105765731571339,-0.002266635844551188,0.0037694940953233213,-0.028415322698309296,-0.06084127392003179,1.0,3.158791529999173,21.0,3.1954,10000.0,5000.0,5000.0,190474.0,190474.0,190474.0,0.0,2.0,2.3302145e7,58.458392292,168.34841918945312
48.075888527640465,49.48232702157134,9.247513903911813,10.459349103268018,-0.016212086229127617,34.56647184122214,9.654376958350134,1.905711272357821,1.1905571311054222,0.018442657554722297,-0.3091747242443397,-0.013627284286931699,-0.03216456093630658,-0.12274744759109826,-0.04150890203319659,0.01076339312414596,-0.034720730363386534,-0.012229648876959728,1.0,3.1646674673650077,22.0,3.2104,10000.0,5000.0,5000.0,193096.0,193096.0,193096.0,0.0,2.0,2.3495241e7,58.458392292,168.34841918945312
48.53869689023491,49.77849952268723,9.162973807676334,10.039096800511329,0.00933246189050841,33.91472043018805,9.637271588196219,1.8267799226579122,1.1709182690121467,-0.03944411074465241,-0.32652004525902867,-0.01465891123209052,0.01343937422099444,-0.12916596670168953,-0.031175503604125614,-0.008398168059062553,-0.04141547642850841,-0.009278328655463389,1.0,3.1687721666271145,23.0,3.148,10000.0,5000.0,5000.0,191324.0,191324.0,191324.0,0.0,2.0,2.3686565e7,58.458392292,168.34841918945312
48.39575949790581,49.721802820945435,9.15292234256407,10.092989886234985,0.013693233589093523,33.83589123621095,9.79886008700765,1.7916321699476132,1.1943523123619404,0.028618408988556943,-0.3426847061880384,-0.005069858571409023,-0.013491811741612845,-0.14985681771262224,-0.03234326473379033,-0.017066745722372482,-0.02636334129549216,0.022321425904462403,1.0,3.1595272676161614,24.0,3.155,10000.0,5000.0,5000.0,196062.0,196062.0,196062.0,0.0,2.0,2.3882627e7,58.458392292,168.34841918945312
48.74966590092717,49.66230092712296,9.269599823149441,10.199941107739896,-0.019750897668219858,33.01653264321868,9.827476008074676,1.9002841563463402,1.1984749644678618,0.012608557442975215,-0.33890296978863527,-0.0012482769193982394,-0.03666999385932126,-0.1072074696492382,-0.019072878494475417,0.02775077170818745,-0.06251948071888377,0.020851778539445497,1.0,3.117848923520915,25.0,3.1696,10000.0,5000.0,5000.0,195444.0,195444.0,195444.0,0.0,2.0,2.4078071e7,58.458392292,168.34841918945312
48.77389883591919,49.81575136305725,8.99915335651604,10.051615319517875,-0.0011431356173452756,32.57411889129339,9.717730209982536,1.8998626148720643,1.1794546538430413,0.01123873809513741,-0.3356797684388063,-0.009282725908819423,-0.017791973066021094,-0.15416772184482405,-0.009002882528707212,-0.00259378564672115,-0.038367551746030445,-0.0390982768123369,1.0,3.1288467860639173,26.0,3.1324,10000.0,5000.0,5000.0,188782.0,188782.0,188782.0,0.0,2.0,2.4266853e7,58.458392292,168.34841918945312
48.80410852739657,49.65051963326019,8.928663386005335,9.862896120249724,-0.005773486803735986,32.24634281015114,9.943222195302619,1.8675740931690024,1.1651108539902946,-0.008226542352103731,-0.3270437646274217,-0.01676378618956339,0.03344197423874202,-0.10222064285909378,-0.03814218115057181,-0.010689207096360454,-0.04244585089835844,-0.018768751271579193,1.0,3.103373966209894,27.0,3.127,10000.0,5000.0,5000.0,189004.0,189004.0,189004.0,0.0,2.0,2.4455857e7,58.458392292,168.34841918945312
48.58569387604564,49.87298187634039,9.060926991734075,10.16568341585956,-0.00914106069516077,31.707634450780645,9.744404376763287,1.9050018772572628,1.175823316328668,0.017559959394040512,-0.34085820672888606,-0.02118253743292502,0.0037598374333964843,-0.11776233969614326,-0.01630573668818434,-0.014490184009143904,-0.03174652417267623,-0.009920090941077124,1.0,3.1381565478544093,28.0,3.1702,10000.0,5000.0,5000.0,188784.0,188784.0,188784.0,0.0,2.0,2.4644641e7,58.458392292,168.34841918945312
48.60573445072698,50.14296800513921,9.055458627452493,10.333574859457293,0.0029733181059254867,31.28889539112344,9.91539754984535,1.8900113787060393,1.1845100049915167,-0.00520294086696521,-0.3532541632884608,-0.016592327850278255,0.003162787977815721,-0.15147994627521363,-0.020207997763578234,0.01008875245004233,-0.026956656065802595,-0.0006364441246797729,1.0,3.1701906418687833,29.0,3.1526,10000.0,5000.0,5000.0,192320.0,192320.0,192320.0,0.0,2.0,2.4836961e7,58.458392292,168.34841918945312
48.665845120446036,49.86403836200189,8.89734316028605,10.240999544954835,-0.008314381666650722,30.370079389576357,9.852204435646794,1.8352974429731683,1.1671106126978772,0.02435882962500244,-0.2627492160761335,0.0055645576903438024,-0.022686131128464244,-0.09332308337259461,-0.04910404370489992,0.001422316114615535,-0.04309237350565057,0.0015450177234953082,1.0,3.133088920856824,30.0,3.1166,10000.0,5000.0,5000.0,192004.0,192004.0,192004.0,0.0,2.0,2.5028965e7,58.458392292,168.34841918945312
48.66251940379942,49.98120952113256,8.985365053942433,10.033880315972278,-0.008596664473235177,30.24806494418548,9.713215438268733,1.860045247273157,1.149890749192212,0.03347716613788613,-0.3173819255467441,0.003816680236446908,0.04974811013438689,-0.1007359661603512,-0.03465955757986835,0.03268239035039194,-0.03600879692276583,-0.010505783425978545,1.0,3.1327379643231734,31.0,3.1006,10000.0,5000.0,5000.0,194687.0,194687.0,194687.0,0.0,2.0,2.5223652e7,58.458392292,168.34841918945312
48.84438926244975,50.32267129010634,8.980618578007464,10.261092954531952,-0.024603255124912734,29.952897568139207,9.585317854292505,1.822507297681957,1.2085486100445628,0.018946021633303525,-0.33921395717224506,0.009113423178627797,-0.030098337496082456,-0.08480034583499468,-0.04835746846106701,-0.012254540582408196,-0.0027595719393912533,-0.008815750582931518,1.0,3.117654670519737,32.0,3.0844,10000.0,5000.0,5000.0,193927.0,193927.0,193927.0,0.0,2.0,2.5417579e7,58.458392292,168.34841918945312
48.91575521682309,50.36812146487431,9.181067332575743,10.323598641993044,-0.0006499065287686928,29.399072530932276,9.602163623541989,1.7448283149602257,1.1541249370198523,0.023432037143906393,-0.3185501306426738,0.0030436759734071054,0.030785392521145094,-0.13021120358660995,-0.020545484307072443,0.025074740339363265,-0.02447749739463962,0.00850570190175624,1.0,3.083903347101535,33.0,3.1262,10000.0,5000.0,5000.0,202024.0,202024.0,202024.0,0.0,2.0,2.5619603e7,58.458392292,168.34841918945312
48.9778060441153,50.53651172614441,9.037946234793175,10.20943256067906,0.004059769029891624,28.871549780469273,9.37335282705743,1.8916368848922014,1.1840954816818017,0.026225856500611648,-0.30790169324490263,0.00025202345561872323,-0.02308063803601135,-0.08667140318216916,-0.037718839806554987,-0.001012539395988876,-0.008663392722639569,0.016712789092727044,1.0,3.087831748746225,34.0,3.096,10000.0,5000.0,5000.0,189118.0,189118.0,189118.0,0.0,2.0,2.5808721e7,58.458392292,168.34841918945312
49.1558055504902,50.36983885676483,9.025304473112946,10.138432727523481,-0.011526871976141457,28.67537238306899,9.434193756004975,1.870736355485683,1.1595571544493446,0.03800806145585145,-0.32114919547692355,-0.020155643276566545,0.025666510713036668,-0.12864893165188626,-0.02335989821506643,-0.008393452248868078,-0.0183812821922027,-0.01868692782641484,1.0,3.1431023787471655,35.0,3.111,10000.0,5000.0,5000.0,191254.0,191254.0,191254.0,0.0,2.0,2.5999975e7,58.458392292,168.34841918945312
49.19318202007676,50.43335463985547,8.935828608657856,10.160599655746559,-0.009667824122093872,28.00336589684475,9.32311461344836,1.897179494524075,1.14635678940434,0.03764658912101836,-0.30026848635497305,-0.0088925269481025,0.03096753988139827,-0.11344492193132209,-0.024625546471046856,0.002295899005852901,-0.03655693220202195,0.0032466865041271198,1.0,3.1194012778416305,36.0,3.1592,10000.0,5000.0,5000.0,190806.0,190806.0,190806.0,0.0,2.0,2.6190781e7,58.458392292,168.34841918945312
49.749000713145385,50.66586330446672,9.003020462621102,10.110216111967077,0.012209165985014257,27.65977670846777,9.393201506558656,1.8900922696334503,1.165849847907697,-0.006302170194021363,-0.33204409514014255,-0.01807028956649301,0.06915110720947758,-0.10662542176974045,-0.06903580159159273,0.011634026005692123,0.0020908858662485623,0.004741997771255214,1.0,3.165458562112395,37.0,3.1172,10000.0,5000.0,5000.0,195514.0,195514.0,195514.0,0.0,2.0,2.6386295e7,58.458392292,168.34841918945312
49.716407685355506,50.685646999969464,8.857788109731398,10.079597230992531,-0.022476573957481205,27.071736132540956,9.349978845032012,1.854418537140441,1.1885336667352862,0.0028179565831345215,-0.3228158364754008,0.01549500015306904,0.04131202786435736,-0.04240004704893842,-0.09889608687999955,-0.042138975706923154,-0.006508669241817429,-0.028001804420481884,1.0,3.214085964729503,38.0,3.1974,10000.0,5000.0,5000.0,190201.0,190201.0,190201.0,0.0,2.0,2.6576496e7,58.458392292,168.34841918945312
49.628076845363466,50.94600388334033,8.899776192311464,10.050753573982243,-0.0015865586528718922,26.926235089065646,9.470164221160273,1.9162590368800507,1.1812466788383253,0.035322513667842254,-0.3077713538328008,-0.00549268847643048,-0.0034304442504566567,-0.08445660379589066,-0.05175815592509504,0.019035644180428305,-0.014590000663471025,-0.01718043495104004,1.0,3.2227004105851975,39.0,3.1888,10000.0,5000.0,5000.0,193813.0,193813.0,193813.0,0.0,2.0,2.6770309e7,58.458392292,168.34841918945312
49.79794352668578,51.14053830864683,8.987462393817816,10.03245429689889,0.00498129533402054,26.46269446350596,9.57154310027116,1.8926702176411354,1.1856477108658712,0.04342212602624929,-0.31810691754206694,-0.01645747487986121,-0.019018380986307398,-0.09966521998754319,-0.03581295887441971,0.009033095904340994,-0.03848850502048233,0.020208174882202865,1.0,3.207286350948857,40.0,3.1998,10000.0,5000.0,5000.0,192079.0,192079.0,192079.0,0.0,2.0,2.6962388e7,58.458392292,168.34841918945312
50.09642137604122,51.2115113329311,8.772493138202837,9.992235073339367,0.008429832544613132,26.27122533922234,9.417991805222071,1.8732582220491814,1.1866839068856097,0.007609248187648198,-0.32471633769556707,0.013616888234398952,0.015252009625340169,-0.08615929250594288,-0.06533815878710067,0.019495119604744555,-0.02299525317181089,0.020139691596663976,1.0,3.2135266837437135,41.0,3.2056,10000.0,5000.0,5000.0,197137.0,197137.0,197137.0,0.0,2.0,2.7159525e7,58.458392292,168.34841918945312
50.10156738077916,51.05206939845786,8.820608146876058,9.831754636181545,-0.015198909168849906,25.888892221824943,9.469508902549766,1.8500056975540415,1.1797413021736864,-0.008394691508431454,-0.35552558415300134,0.00930472933853699,-0.0078056270543802354,-0.07126374764882693,0.003128073780056812,-0.014883067764389402,-0.021505293026025368,0.0023389633220130468,1.0,3.219746011042676,42.0,3.1802,10000.0,5000.0,5000.0,190865.0,190865.0,190865.0,0.0,2.0,2.735039e7,58.458392292,168.34841918945312
50.08042728650779,50.958472242986915,8.636119675173296,9.974669692796834,-0.02466034405760271,25.78403658935876,9.648008725428925,1.8902750956318402,1.1698474657376492,0.00952556320138992,-0.27938630061192504,0.013560710325308811,-0.002916966360395949,-0.1146110100610711,-0.05908075356164674,0.01412265739054096,-0.02943087148682257,-0.009633300626829126,1.0,3.2248648038204877,43.0,3.2854,10000.0,5000.0,5000.0,188004.0,188004.0,188004.0,0.0,2.0,2.7538394e7,58.458392292,168.34841918945312
50.20108289756911,51.30771617513288,8.848726724429728,10.125771238626848,-0.004193165511080412,25.252047668944527,9.394478035047898,1.8836752398059993,1.2083508521241562,0.03084379542384365,-0.35870465979211946,0.01477162190500309,-0.01998161267241592,-0.14646143422603522,-0.039929230827522436,0.010747267518502863,-0.022805309918207804,-0.006604397975179076,1.0,3.2214772684494912,44.0,3.2598,10000.0,5000.0,5000.0,194835.0,194835.0,194835.0,0.0,2.0,2.7733229e7,58.458392292,168.34841918945312
50.37660804941646,51.439956270511324,8.773800425108908,9.978491609710213,0.006157282568201285,24.929441838480688,9.523504237225254,1.8800859320325385,1.1512313956558946,0.005967591693771242,-0.27776778714392647,-0.012913171611682997,0.011839631034821881,-0.07319564793270782,-0.037485962419441445,0.018785237808363442,-0.009351762536927977,-0.002737710725610141,1.0,3.2580245375952903,45.0,3.174,10000.0,5000.0,5000.0,195888.0,195888.0,195888.0,0.0,2.0,2.7929117e7,58.458392292,168.34841918945312
50.341973376050696,51.72608956248525,8.856094087725323,10.315036813243715,-0.0019507982847606095,24.53687722771057,9.598651191328777,1.8455207748796107,1.1792470755841744,0.0495142235419822,-0.32221539656831155,-0.022092836940755207,0.007901026477891848,-0.058518650720407704,-0.042857695903321516,-0.021935226439521772,-0.007812860855934642,0.03515413499322157,1.0,3.1932470456706845,46.0,3.1608,10000.0,5000.0,5000.0,191609.0,191609.0,191609.0,0.0,2.0,2.8120726e7,58.458392292,168.34841918945312
50.41163812777068,51.7512066697849,8.674209696345399,10.046769376804237,0.0009162568939708653,24.104621793279218,9.286428868364059,1.8655922619130039,1.1602070079733158,0.057908737555801525,-0.3097748795200156,0.02027185071964923,0.015346866159374724,-0.09859528434144936,-0.02680208216959319,-0.004546371719342793,-0.043324518443142966,0.004369338730168345,1.0,3.1565340143946687,47.0,3.195,10000.0,5000.0,5000.0,193012.0,193012.0,193012.0,0.0,2.0,2.8313738e7,58.458392292,168.34841918945312
50.59772446850488,52.039350583203706,8.582883894293715,10.058111610005332,-0.016155967682031272,23.96788017291566,9.374456206184384,1.9004147699545535,1.1609679945531062,0.0474174358898432,-0.31808954096174885,-0.008616056829715021,0.023789106017398486,-0.11115262776161261,-0.02879458460604966,-0.016600496041764803,-0.029032779199424784,-0.022191806628136832,1.0,3.1346195227017337,48.0,3.137,10000.0,5000.0,5000.0,197078.0,197078.0,197078.0,0.0,2.0,2.8510816e7,58.458392292,168.34841918945312
50.88880628733085,51.916053261145784,8.685547758299323,10.267643727267885,0.002352515317832389,23.673527615601028,9.67084929001473,1.8951170933883055,1.1476524513795137,0.014576267615363573,-0.2809964709528324,0.01935225487655656,-0.0007967033231327892,-0.12632141719393156,-0.015167941643713313,0.011219642986410462,-0.021649341696009294,0.0045661065008265915,1.0,3.152838334246496,49.0,3.1124,10000.0,5000.0,5000.0,191714.0,191714.0,191714.0,0.0,2.0,2.870253e7,58.458392292,168.34841918945312
51.34287447830053,52.069799048038504,8.625102592013445,10.296372736659318,-0.019684770304869346,23.0084740631819,9.619756587943485,1.8083121275221348,1.1818969693423007,0.01854277092421372,-0.3127883302901592,0.00784441154901513,-0.00918540199239454,-0.07188154558701274,-0.044137503012728604,-0.007669780006997958,-0.021776515326482435,0.01677214316625718,1.0,3.140882484126584,50.0,3.1258,10000.0,5000.0,5000.0,196541.0,196541.0,196541.0,0.0,2.0,2.8899071e7,58.458392292,168.34841918945312
51.64201227603527,52.089493622565065,8.501829712255692,10.184676037668192,0.004788047341941988,22.727253135060693,9.625679342363606,1.8849295088589744,1.1544182278905692,-0.008241684604962192,-0.29184728911349406,-0.00593850388495679,0.006147405928294013,-0.03936793719285635,-0.023642035658518957,-0.01137485490405026,-0.0167259820063193,0.005692567313373393,1.0,3.0978895156506843,51.0,3.1122,10000.0,5000.0,5000.0,193014.0,193014.0,193014.0,0.0,2.0,2.9092085e7,58.458392292,168.34841918945312
51.65818611456363,52.28657074548864,8.427400319322247,10.162060808679643,0.023768600109238685,22.800427395951008,9.414420366607235,1.8702758145934821,1.1663597554556226,0.005844971445368262,-0.2991012247127259,-0.019084937860791188,0.02182047877033072,-0.06408837805767208,-0.05892947706255298,0.019042772856959576,-0.036161992682572225,-0.004874336189167765,1.0,3.0852479888362487,52.0,3.125,10000.0,5000.0,5000.0,192578.0,192578.0,192578.0,0.0,2.0,2.9284663e7,58.458392292,168.34841918945312
51.44789669013536,52.1913112344699,8.586883945679439,10.382139461541781,-0.009571846429477445,22.516639293520814,9.538042758471498,1.7498210602954225,1.167748440865412,0.033433841764743004,-0.3048945915161354,0.012768453530560976,-0.0005892691168479882,-0.06976419585120021,-0.03442331486123323,0.005183890393618788,-0.03662050433470207,0.005187017158365258,1.0,3.1070179895755006,53.0,3.1178,10000.0,5000.0,5000.0,199233.0,199233.0,199233.0,0.0,2.0,2.9483896e7,58.458392292,168.34841918945312
51.726460250405246,52.44612223620748,8.408096177683861,10.089482494303866,0.00048628720963936664,22.329381729705304,9.501446366402158,1.861724884168228,1.1593794879331298,0.016578184000954937,-0.29160034179666894,0.04359400513226825,0.007984322347678954,-0.07748334827331023,-0.034692430955537104,0.0067873406213140326,0.006200059406819779,0.0013525791152408046,1.0,3.073189438397627,54.0,3.1516,10000.0,5000.0,5000.0,190473.0,190473.0,190473.0,0.0,2.0,2.9674369e7,58.458392292,168.34841918945312
51.76635305273559,52.71585467739983,8.415658227833354,10.191092792952192,-0.00021424405936394073,22.214410752209737,9.36322400131101,1.740067447174939,1.1600943310036849,0.005556377955029205,-0.25694116886310425,0.006817739296811443,-0.030173496352966976,-0.08055252112202702,-0.03268518729350368,0.007042782295157101,0.01608496527107804,-0.017496258750390237,1.0,3.06582842793771,55.0,3.1042,10000.0,5000.0,5000.0,199290.0,199290.0,199290.0,0.0,2.0,2.9873659e7,58.458392292,168.34841918945312
51.89044284677293,52.56602001435808,8.367722129767047,10.035951066454587,-0.011409496564804724,21.984613602557374,9.432696239403212,1.8421512058384026,1.1735903066515052,0.0030232368635961207,-0.306515594669817,-0.024181620471809117,-0.007026940212429882,-0.04452195016020047,-0.03382880274147527,-0.011083769871783942,-0.027140177684403057,0.002676651843568928,1.0,3.097773868519703,56.0,3.139,10000.0,5000.0,5000.0,193390.0,193390.0,193390.0,0.0,2.0,3.0067049e7,58.458392292,168.34841918945312
51.972860482583926,52.659976216515645,8.37448517878143,10.212368964778651,0.00922927134670593,21.56860572485948,9.427768555939943,1.8318066693025958,1.17900746712353,-0.005332098502094499,-0.30657259255000596,-0.0014494881169188729,-0.04615178210446648,-0.07072676048242676,-0.005462046154478484,-0.002301873704417036,-0.007092062712745909,0.0015068108791878225,1.0,3.1495983363649467,57.0,3.1628,10000.0,5000.0,5000.0,192198.0,192198.0,192198.0,0.0,2.0,3.0259247e7,58.458392292,168.34841918945312
51.987726264180274,52.66702455444801,8.315685806611354,10.010692828152099,0.0002524444656234941,21.330164201360894,9.439351680195028,1.9256855561824648,1.1659860726618954,0.022366840318743073,-0.31203835776348965,-0.027213966978576674,0.019960883072226328,-0.09794651877596627,-0.03994765326060851,-0.0007177177705694961,-0.01093584641686825,-0.00672628812310582,1.0,3.0961316832178927,58.0,3.092,10000.0,5000.0,5000.0,196167.0,196167.0,196167.0,0.0,2.0,3.0455414e7,58.458392292,168.34841918945312
52.26939029831313,52.43092704252694,8.181228155249048,10.118741239824663,0.012031506824269282,21.175230840491306,9.536504475400529,1.844576023958084,1.184060216049889,0.005546085380015231,-0.2899756775303018,-0.042747350532101575,0.023800553530981015,-0.07481643101717396,-0.10197139328437127,0.022002065989697846,-0.0011484998116719609,0.009916880441211305,1.0,3.070824897346374,59.0,3.0702,10000.0,5000.0,5000.0,197570.0,197570.0,197570.0,0.0,2.0,3.0652984e7,58.458392292,168.34841918945312
52.21795800660788,52.545786205245925,8.203791682929905,10.068298306371435,0.019895301819058468,20.972921280251516,9.31827983273055,1.804033527609105,1.1966045049600638,-0.0011445048983136199,-0.2985476251569586,-0.02249818785256847,-0.02896674806986668,-0.0788223789345058,-0.06659248690049203,0.003025250503963505,-0.009854530070767357,-0.0128222985666755,1.0,3.082624031351493,60.0,3.088,10000.0,5000.0,5000.0,193737.0,193737.0,193737.0,0.0,2.0,3.0846721e7,58.458392292,168.34841918945312
52.15614774380822,52.71744751294838,8.35084139749094,10.144967224868966,-0.023730323472408447,20.863711853647565,9.091360466771153,1.9190125219715746,1.2162794938449488,0.007740082185310363,-0.3249858248971923,0.0008983401203236586,-0.06745523172001622,-0.06877006231125353,-0.04117975209313351,0.00015607341712539348,-0.017791242521545687,-0.011838855846014032,1.0,3.0976528100168856,61.0,3.0854,10000.0,5000.0,5000.0,196249.0,196249.0,196249.0,0.0,2.0,3.104297e7,58.458392292,168.34841918945312
52.455727491735715,52.74205959940759,8.325274404206626,9.912897215321209,-0.006146201612037479,20.607204458278087,9.272787619299999,1.790656301035399,1.2010870446826285,-0.0073452112888633255,-0.2872863379656971,-0.020085454457822144,-0.008525430020192628,-0.07225865879248386,-0.1067227452182119,0.002632266460197005,-0.0029984490766480883,-0.009729718707695434,1.0,3.0868467528772863,62.0,3.1508,10000.0,5000.0,5000.0,199184.0,199184.0,199184.0,0.0,2.0,3.1242154e7,58.458392292,168.34841918945312
52.412447491042386,52.81899330774392,8.35498286200607,9.958413837716195,-0.00523468486399452,20.189798466271995,9.114074995932286,1.8008013540591574,1.192872040248582,-0.016410409595209778,-0.33234725829555845,-0.0008094196768036284,-0.012529125276060371,-0.023778868698256662,-0.042127033068283096,-0.03058769176979176,-0.01757776550396497,-0.003039537111850206,1.0,3.143621085328434,63.0,3.1436,10000.0,5000.0,5000.0,199941.0,199941.0,199941.0,0.0,2.0,3.1442095e7,58.458392292,168.34841918945312
52.30969497446638,53.04852909457793,8.402497273719892,9.971309960606257,-0.021191496308789838,20.078783502402782,9.33108251825227,1.8123034723528533,1.1812946203094699,-0.005029287654522885,-0.31027170396982845,-0.01327438092959408,0.000737346990824972,-0.047332870909693604,-0.05312716253593574,0.011184590950702946,-0.003686330793038577,-0.016258495640255558,1.0,3.143714726662601,64.0,3.0544,10000.0,5000.0,5000.0,200319.0,200319.0,200319.0,0.0,2.0,3.1642414e7,58.458392292,168.34841918945312
52.37532954234925,52.89457603756923,8.188905287340068,10.173158898776515,-0.005143530603699488,19.880997741410443,9.385528598391428,1.8124227765875287,1.2071589092876998,-0.014064033063141806,-0.2758573592484422,0.005639358215086985,-0.05035266416276811,-0.04670261909932306,-0.08801804418592235,-0.012904842963513078,0.004923123781254192,-0.010698758639457222,1.0,3.0962423989919228,65.0,3.1298,10000.0,5000.0,5000.0,191085.0,191085.0,191085.0,0.0,2.0,3.1833499e7,58.458392292,168.34841918945312
52.330527211974086,53.01865459289427,8.160463351646682,10.474449902555108,-0.013518916763457447,19.813601647988374,9.272335084400721,1.824145254738872,1.1430907353920994,0.03777030208153726,-0.26091624126428364,0.044552764999180455,0.017654611556019998,-0.06007310066216061,-0.043227304059495285,-0.014701401485276898,-0.02340544968874899,0.018269984839335424,1.0,3.1306859074717344,66.0,3.1212,10000.0,5000.0,5000.0,197937.0,197937.0,197937.0,0.0,2.0,3.2031436e7,58.458392292,168.34841918945312
52.52073447352459,52.84191518897255,8.247758388873768,10.312072099411445,-0.02097038181620994,19.4307192834716,9.196581453055803,1.8433952978325732,1.1756489718377292,0.004270042449808813,-0.3004806876277308,0.03111243123771363,0.013184427130124798,-0.09709154083603566,-0.06441479285641935,-0.014060986172203329,-0.024909883727080695,-0.013565121468967047,1.0,3.1551350272971757,67.0,3.2014,10000.0,5000.0,5000.0,194098.0,194098.0,194098.0,0.0,2.0,3.2225534e7,58.458392292,168.34841918945312
52.548636848741936,52.86413936326768,8.11466616279203,10.012419622292036,0.013080064449066484,18.98890879845936,9.116000080242273,1.7779185058915432,1.1500214774940252,-0.020746093523010888,-0.2698249773054054,0.0008860271602641377,-0.010147353756571975,-0.0666354741473394,-0.020075447569992525,-0.007418478653765712,-0.01913993286494983,0.032217153709843335,1.0,3.1177017535941447,68.0,3.1614,10000.0,5000.0,5000.0,197309.0,197309.0,197309.0,0.0,2.0,3.2422843e7,58.458392292,168.34841918945312
52.64312289231482,52.66828020455139,8.287094814037435,10.072205697664096,-0.017648927543265934,18.562623551994278,9.144281015469115,1.8165519377711656,1.1952097584717394,-0.046133470898875616,-0.29389388101840164,0.013121849716773291,-0.02458507707762537,-0.03872503178733238,-0.07241496435642751,-0.013665170631311837,-0.004546494374531694,0.0048490805934374055,1.0,3.1516796452819,69.0,3.1886,10000.0,5000.0,5000.0,193262.0,193262.0,193262.0,0.0,2.0,3.2616105e7,58.458392292,168.34841918945312
52.40936229647273,52.45539241767921,8.267028076814537,9.965759889995812,-0.008342513433642151,18.523294652604488,9.15857988251632,1.7643865007878388,1.1358854838978036,-0.009764911621832637,-0.27501862873929567,-0.020087214970577087,0.03054043462284682,-0.06633518822053687,-0.029020394683031515,-0.005699516382844512,-0.03364287875590759,0.026594180718102815,1.0,3.1701000383749642,70.0,3.1518,10000.0,5000.0,5000.0,194519.0,194519.0,194519.0,0.0,2.0,3.2810624e7,58.458392292,168.34841918945312
52.294308986721916,52.52857896407635,8.140308540867679,9.977642645933336,-0.014971289734242423,18.131351121004386,9.237993906872518,1.7877586548184898,1.1867338316949358,-0.01389467470285736,-0.318204332147863,0.0013287236580066582,0.0030331389105058494,-0.020348924948846287,-0.05942560340940133,0.021025108978594994,-0.03041455365485341,0.0038095431275631726,1.0,3.143572975681015,71.0,3.2072,10000.0,5000.0,5000.0,193298.0,193298.0,193298.0,0.0,2.0,3.3003922e7,58.458392292,168.34841918945312
52.06935366895101,52.420119533634946,8.16379557436959,9.85578773202377,-0.004046807163950415,18.280768563845523,9.391867105775235,1.8301371286616661,1.1181252201203107,0.01334909694900479,-0.29011368320798725,0.026211626409948778,0.06090778981525821,-0.05772639493295152,-0.008682423485140638,-0.0062704060951643565,-0.019475575055459115,-0.011948292251006062,1.0,3.184894668107886,72.0,3.2002,10000.0,5000.0,5000.0,195188.0,195188.0,195188.0,0.0,2.0,3.319911e7,58.458392292,168.34841918945312
52.056351783877005,52.47038634518819,8.194388528197399,10.10085847282777,0.011858013497034588,18.019161627214682,9.566120905577026,1.8544655641277692,1.1827206900809077,-0.010239264632358407,-0.32783342599138854,0.030382743783661976,0.009218762071192179,-0.034668723535530487,-0.04677538980519209,-0.002778548733487162,-0.008638107347044054,0.005070634733771543,1.0,3.22037597384214,73.0,3.1958,10000.0,5000.0,5000.0,194626.0,194626.0,194626.0,0.0,2.0,3.3393736e7,58.458392292,168.34841918945312
52.01496869085345,52.62633431654142,7.9797864548536905,10.13044560442051,0.0255332186295065,17.998148156012363,9.316027454398432,1.882315060148983,1.1763251798715693,0.038306888880984,-0.3108379283646095,-0.00461670294376778,-0.002692703265664644,-0.050754187806072514,-0.03900911833896532,0.00326478971687453,-0.01807230581316925,0.019483299785159704,1.0,3.213350537823425,74.0,3.1936,10000.0,5000.0,5000.0,197554.0,197554.0,197554.0,0.0,2.0,3.359129e7,58.458392292,168.34841918945312
52.02136337477338,52.67360272417896,8.042462505999037,10.202329563523227,0.017962783928606663,18.16611915532981,9.398154215147935,1.8461245763930936,1.177466910919775,0.014736844714463406,-0.2864197620560612,0.02649402220804898,-0.004102296367671252,-0.09040449060910176,-0.06703393478814973,0.007513006372398096,-0.03636579210686625,0.009809863855427045,1.0,3.2260112726783023,75.0,3.2068,10000.0,5000.0,5000.0,197331.0,197331.0,197331.0,0.0,2.0,3.3788621e7,58.458392292,168.34841918945312
52.26684678132532,52.75530982350468,8.185752172377624,10.091305558195565,0.018298789769350593,17.790933326254127,9.239199295167552,1.8579476084761473,1.1393722766408327,-0.002679582500099829,-0.2510628720665387,-0.015358191208128879,0.01382557925320469,-0.08243023852772038,-0.04341637336887957,0.044815118455862696,-0.0026560781881510525,-0.013594624200834888,1.0,3.2204396257796724,76.0,3.199,10000.0,5000.0,5000.0,196025.0,196025.0,196025.0,0.0,2.0,3.3984646e7,58.458392292,168.34841918945312
52.12620697819571,52.59066665599411,8.137097604481609,10.016147329400985,-0.034378988179723485,17.327086877191554,9.250135393521653,1.8422467945681216,1.1568182915299765,0.006990248704231528,-0.30185063249242,-0.009626559336309355,0.011973501481843465,-0.05088595033133221,-0.026568394891911363,-0.03011018791692546,-0.009274381376160785,-0.009937357869754086,1.0,3.2384601846755547,77.0,3.151,10000.0,5000.0,5000.0,196461.0,196461.0,196461.0,0.0,2.0,3.4181107e7,58.458392292,168.34841918945312
52.29692983295565,52.78030043492377,8.023013774424248,10.0178494781895,-0.017802128560929706,17.096995705335722,9.165028264083766,1.8329198611668633,1.1775934427148227,-0.008458522441002684,-0.2852296182547035,-0.017018893278497264,-0.01959501317282271,-0.0675265496110193,-0.0506121268353844,-0.008122803680368346,-0.01570948535363687,0.007110661766994267,1.0,3.230970350422979,78.0,3.2412,10000.0,5000.0,5000.0,195795.0,195795.0,195795.0,0.0,2.0,3.4376902e7,58.458392292,168.34841918945312
52.230433208016166,52.785640141455815,8.085915413182622,10.003420344643851,0.0158146653944765,17.020598904157733,9.139471882396776,1.911728295392043,1.1741560699300708,-0.01867217020643558,-0.28276756706308914,-0.009435274357073736,-0.009537181614905615,-0.05767395647650683,-0.05458252595653822,-0.028482732108721272,-0.012621813325011843,-0.023027535347833403,1.0,3.2618661302724763,79.0,3.314,10000.0,5000.0,5000.0,191296.0,191296.0,191296.0,0.0,2.0,3.4568198e7,58.458392292,168.34841918945312
52.18586842897438,52.71176736550981,7.824090379503543,9.897088684417017,0.00279101055212173,16.98548249992145,9.259891596169812,1.8495085973197611,1.1645194463932793,0.006626933763313985,-0.2662878381634966,-0.019063030982761017,0.0005850579532079508,-0.051115022575384375,-0.06559739861080192,0.0019451589047574996,-0.031927150602077806,-0.03412894060007377,1.0,3.250397747438529,80.0,3.2708,10000.0,5000.0,5000.0,189757.0,189757.0,189757.0,0.0,2.0,3.4757955e7,58.458392292,168.34841918945312
52.282221275904625,52.619411485108,7.9336842252624065,9.931210779706547,-0.007142674550027469,16.73186292883593,9.273642325660383,1.864355066004401,1.1259045768957878,0.036257072655249585,-0.24944994081871252,-0.0007548857454409402,0.018846231594340963,-0.05356016500914831,-0.020789664357679222,0.015302621409917139,0.0053661591405485065,-0.012927747356808083,1.0,3.2392545938869195,81.0,3.2168,10000.0,5000.0,5000.0,190617.0,190617.0,190617.0,0.0,2.0,3.4948572e7,58.458392292,168.34841918945312
52.375899044031584,52.830820544596435,7.825289551567182,9.631822716598126,0.0043836333984290645,16.398112687618475,9.255138751740823,1.7957538133324462,1.1919630794767953,0.024267376311068935,-0.284637708883349,-0.025607125381933427,-0.08283679468708387,-0.0453629034574587,-0.017384600840359945,0.0397447212228088,-0.05600234781239667,-0.0023427535230858593,1.0,3.2294869735902547,82.0,3.1882,10000.0,5000.0,5000.0,196100.0,196100.0,196100.0,0.0,2.0,3.5144672e7,58.458392292,168.34841918945312
52.573740336668806,53.00968065461955,7.815580424102942,9.712162097500844,-0.00869002378986943,16.446368073156798,9.175159761502798,1.8179742510267587,1.1341597097760638,0.006544128367570646,-0.27539632292371935,-0.01190621966804463,0.03816602518091805,-0.049296182541314085,-0.0324663047705242,-0.023144024023004604,-0.01933115819143207,-0.006001320509718972,1.0,3.1717734970503004,83.0,3.19,10000.0,5000.0,5000.0,192253.0,192253.0,192253.0,0.0,2.0,3.5336925e7,58.458392292,168.34841918945312
52.695871821264454,52.82292426095379,8.018753624564226,9.80991794908503,0.013223481716994152,16.505868960604605,9.266910037022082,1.8103552324539482,1.1816316463097307,-0.03035734345015717,-0.2723902975572283,-0.022714017238117362,-0.032079742767007036,-0.05125164460004497,-0.06055397659213644,0.014610684962410053,-0.024993115827611524,0.004735435651203889,1.0,3.1470760190774496,84.0,3.1842,10000.0,5000.0,5000.0,195887.0,195887.0,195887.0,0.0,2.0,3.5532812e7,58.458392292,168.34841918945312
52.32665469629697,52.63630929034018,8.11379133399065,9.946536688590374,-0.01994017768945007,16.3344411441826,9.096110031783923,1.811295380942167,1.1706528787536268,0.0013306965600124834,-0.2643686258737337,0.012694592695165081,-0.019930193306895334,-0.05948121383036088,-0.058684774138166,-0.025789674248986125,-0.008080412466538447,-0.0120536500322452,1.0,3.1740171877508803,85.0,3.1718,10000.0,5000.0,5000.0,198867.0,198867.0,198867.0,0.0,2.0,3.5731679e7,58.458392292,168.34841918945312
52.39070589700356,52.64781270029721,7.946597632784131,9.846388681438972,0.0007084099439291819,16.065920782015578,9.016851454922433,1.83952000867788,1.1545199048017911,0.01404025143976764,-0.28971482866363735,-0.013805648645124886,0.0122586560104807,-0.06725019974489814,-0.0376198532207516,-0.02174331404666262,-0.04715086653755451,-0.014814538229091364,1.0,3.1932493999233342,86.0,3.2388,10000.0,5000.0,5000.0,193882.0,193882.0,193882.0,0.0,2.0,3.5925561e7,58.458392292,168.34841918945312
52.378664224535655,52.94764370651462,7.808648724707654,9.82673007843867,0.0024983909380701407,15.943060166906399,9.07900565257331,1.8099599314287769,1.1623794275906585,0.02589365268391724,-0.2858169455589556,-0.006550278552125716,0.02419562094446082,-0.04275923862588233,-0.06481451216641665,0.019451870294950484,-0.018778346312367272,0.009747718395146097,1.0,3.186768560860156,87.0,3.1792,10000.0,5000.0,5000.0,194191.0,194191.0,194191.0,0.0,2.0,3.6119752e7,58.458392292,168.34841918945312
52.63495243291394,52.982877537758256,7.830979844036251,9.945258407751668,0.013043747833597234,15.533983410940944,9.167591079054729,1.857738789133809,1.1848486734652188,0.031883932245267976,-0.28902308896532125,0.01598085059464982,-0.023167000297788534,-0.02678484746043589,-0.058470276412132656,-0.029671637701733693,-0.03483778335915269,0.006388925247927643,1.0,3.1806712573464018,88.0,3.1598,10000.0,5000.0,5000.0,198689.0,198689.0,198689.0,0.0,2.0,3.6318441e7,58.458392292,168.34841918945312
52.749375620948335,52.934730723573175,7.8629048588062505,9.91877495608626,-0.021445387150738526,15.558081175191486,8.955367425791989,1.7933629213899203,1.1439375308841637,0.010880146090646343,-0.24021357498299487,0.020568543014686653,-0.03135045646953322,-0.04000501454723476,-0.018961211236312663,-0.027772102328480507,-0.01471800161404038,-0.013756897048035456,1.0,3.133992329327223,89.0,3.2196,10000.0,5000.0,5000.0,195533.0,195533.0,195533.0,0.0,2.0,3.6513974e7,58.458392292,168.34841918945312
52.91660018208504,52.96900290564762,7.791709323564287,9.980231809269505,0.01205109804491619,15.271580234227496,8.92596751455018,1.8023694286943281,1.145324103641667,-0.016856835646767033,-0.2664433731837039,0.0005646573048547951,0.03410684272475857,-0.04953525020558695,-0.06061097048233968,-0.0174607041284423,-0.017139877192574243,-0.026869479317796676,1.0,3.15289435646274,90.0,3.116,10000.0,5000.0,5000.0,194469.0,194469.0,194469.0,0.0,2.0,3.6708443e7,58.458392292,168.34841918945312
52.96303148076653,52.976261606696646,7.8314895545510295,10.112482641601716,-0.014489971037204372,15.044418899149086,9.143334697283112,1.8219384548035968,1.1867775591034384,-0.008717298225502993,-0.2949490690364674,-0.004174977739807237,-0.010620684645120386,-0.01808197936695487,-0.07024764043805712,0.006772716678630655,-0.04067919223292983,0.007427571413881511,1.0,3.169088695269931,91.0,3.1056,10000.0,5000.0,5000.0,197163.0,197163.0,197163.0,0.0,2.0,3.6905606e7,58.458392292,168.34841918945312
52.814735245409395,53.048671154495004,7.662054750483342,10.164836515036635,-0.015813375071340757,15.0892730891838,9.132390175562385,1.7714213571502748,1.1272225001023422,-0.014080609115094109,-0.2463548780076165,0.017754819853525543,0.012041403058410319,-0.048357941692155224,-0.025020447813348855,-0.03877126372388626,-0.03719914489230438,0.025542257843110937,1.0,3.1556082634943623,92.0,3.1422,10000.0,5000.0,5000.0,196885.0,196885.0,196885.0,0.0,2.0,3.7102491e7,58.458392292,168.34841918945312
52.518994870724285,53.05423407122126,7.951255271587296,10.058192963642552,-1.9881569882281466e-5,14.835685657290188,9.062871923825773,1.8312724887329992,1.1593116609381058,0.022323453550967803,-0.274082229800967,0.004208793255542186,-0.03520858074285218,-0.07248009483653817,-0.00979524273602237,-0.0069470728394333695,-0.021640526077921808,0.023315912722651305,1.0,3.151088574451851,93.0,3.1704,10000.0,5000.0,5000.0,194510.0,194510.0,194510.0,0.0,2.0,3.7297001e7,58.458392292,168.34841918945312
52.89097242661016,53.0947744202747,7.764410713990295,10.201150097815207,-0.0050321175187908705,14.393148322948894,9.301172016919274,1.8389774967746038,1.1294551784683513,-0.00865330822766989,-0.2624816935416388,0.02144827533039138,0.006443755057652494,-0.03332772480460587,-0.0026568027492381617,-0.0037808732779608285,-0.004409689658170227,0.012191873135677121,1.0,3.1159161454943134,94.0,3.085,10000.0,5000.0,5000.0,197899.0,197899.0,197899.0,0.0,2.0,3.74949e7,58.458392292,168.34841918945312
52.93831092881673,52.82662582834989,7.722032036482418,10.10880749102898,0.0001453937800629318,14.672986128361266,9.184837333372464,1.8354662668596864,1.1427474121454326,-0.04086468527639697,-0.24582506959213865,0.02162807440200229,0.01750317188070353,-0.057907272967925735,-0.05840436446945641,-0.009912635639985427,-0.011334961260449028,0.02350286582527068,1.0,3.088719301755206,95.0,3.072,10000.0,5000.0,5000.0,198385.0,198385.0,198385.0,0.0,2.0,3.7693285e7,58.458392292,168.34841918945312
52.6968091174954,52.86997613634146,7.8220907619223805,9.911662833531315,0.019371197063908167,14.158820103938664,9.033702543486905,1.7249981073687468,1.1539543590016053,-0.008299137487510986,-0.2679222224542713,-0.0010922319050946053,-0.04008321360798127,-0.02472815877084488,0.0008911435293259035,-0.00915307828021792,-0.023225733572030303,-0.005350257701237159,1.0,3.1090311341379735,96.0,3.125,10000.0,5000.0,5000.0,201053.0,201053.0,201053.0,0.0,2.0,3.7894338e7,58.458392292,168.34841918945312
52.4105169388889,52.66377722634533,7.815629745674503,9.661522812252493,0.014455516517497245,14.28247286636897,9.24630147987419,1.828165947628344,1.1520898927941725,0.006249340133055068,-0.2820379512143982,0.010057570185072508,-0.010978905830392424,-0.03262819320991865,-0.010367065738465913,-0.041621601542697374,-0.013525941268020161,0.0036905660545318414,1.0,3.099834557470078,97.0,3.0656,10000.0,5000.0,5000.0,197259.0,197259.0,197259.0,0.0,2.0,3.8091597e7,58.458392292,168.34841918945312
52.84985320922432,52.73468741142231,7.775337971796425,9.67575119019128,0.0024770296869482985,14.098770957082865,9.257800660278884,1.8081608496355268,1.1662928791881015,-0.03208775080962746,-0.28789388322230053,0.009833355146051954,-0.005711794953649374,-0.05283054368101783,-0.039343264877309235,-0.03661418598144895,-0.029632182110260155,-0.01505879593778369,1.0,3.106470784593114,98.0,3.0462,10000.0,5000.0,5000.0,197024.0,197024.0,197024.0,0.0,2.0,3.8288621e7,58.458392292,168.34841918945312
52.61533821576212,52.481231506647475,7.701384043919348,9.664917003667345,0.008365732700700363,13.749453021870472,9.192469885087238,1.8149680407135944,1.1433134561181384,-0.003341551897336135,-0.25398416973162113,-0.04179331673421179,-0.031214452735313446,-0.040393550564057606,-0.0017891986978288011,0.0016573307595998763,-0.00909162619509152,-0.0004976733142021184,1.0,3.0750345865525954,99.0,3.1024,10000.0,5000.0,5000.0,197946.0,197946.0,197946.0,0.0,2.0,3.8486567e7,58.458392292,168.34841918945312
52.553570681024404,52.66805876457165,7.744056671799936,9.62315636008119,-0.0002979311637501175,13.596996291085816,9.142847514699826,1.8791566098212737,1.1175597593413062,-0.017467877996631142,-0.26430051796348275,-0.024074419643097728,0.030126993811023316,-0.0528184608597134,-0.0023807459945636195,0.009695245415703354,-0.036381069890624514,-0.00859245669782173,1.0,3.065055217304307,100.0,3.107,10000.0,5000.0,5000.0,191920.0,191920.0,191920.0,0.0,2.0,3.8678487e7,58.458392292,168.34841918945312
50.22337112357391,49.919477458626766,9.903255668301576,9.943304387387997,0.005629525191990864,50.08057404142045,9.961856562140154,2.064605096061699,1.1484587165047155,-0.12092388493012611,-0.3652728761367355,-0.051550737590884424,0.07590539266236453,-0.20037496976993116,-0.012231194310151539,0.026448285951382492,-0.04662263102302766,-0.00790838879063635,1.0,3.9876,1.0,4.0416,10000.0,5000.0,5000.0,173236.0,173236.0,173236.0,0.0,3.0,3.8851723e7,58.458392292,168.34841918945312
49.77953709745371,49.92532363770428,9.464718428997388,10.268017382801782,0.005730485221106628,49.10615204832781,9.705263660470441,2.1155389589281026,1.1884773071314771,-0.10008374131626444,-0.32287356986231286,0.017931117493684867,-0.053491074670176636,-0.2183426071121768,-0.0014606629973868317,0.010829123283347985,-0.019429066908555327,0.0024853043715499703,1.0,3.7858804207402414,2.0,3.7528,10000.0,5000.0,5000.0,180695.0,180695.0,180695.0,0.0,3.0,3.9032418e7,58.458392292,168.34841918945312
49.545292495429585,50.156656134463844,9.777884906147944,10.042397304808649,0.012265835715851589,48.00962812470127,9.831262506263727,1.9669130973598616,1.180571499450208,-0.08791790007969144,-0.3509372178262171,0.001824024382336763,-0.0033229524298357804,-0.21220287827364837,-0.011518079897016247,0.0033871272020713776,-0.05274434431620494,-0.0078095615251975985,1.0,3.7123236469948795,3.0,3.6472,10000.0,5000.0,5000.0,185661.0,185661.0,185661.0,0.0,3.0,3.9218079e7,58.458392292,168.34841918945312
48.83373803401945,50.19562385338961,9.593814713433842,10.010237129181915,-0.018982967357901514,46.98514612958095,9.616911666130088,1.9957031106477325,1.1864434140678388,-0.028770825251163056,-0.39561210429648885,-0.017657469019718246,0.03898048617093512,-0.20265199253547256,-0.021425913602443825,-0.0020303866523392906,-0.05819488036942608,0.006669844110192234,1.0,3.5807900110502073,4.0,3.561,10000.0,5000.0,5000.0,190125.0,190125.0,190125.0,0.0,3.0,3.9408204e7,58.458392292,168.34841918945312
48.9255005493608,50.09083395996923,9.529430865645214,10.060243304691262,0.0019363283858287055,46.055034411564144,9.760262160641876,2.0183760169239844,1.155837322627607,-0.0560529941321404,-0.3771771586338936,-0.025517405010495833,0.06250492747192207,-0.19541400269408046,0.001325619870313891,0.020217670029971525,-0.03447661170417847,0.04851587795181317,1.0,3.5098005386635296,5.0,3.5696,10000.0,5000.0,5000.0,184883.0,184883.0,184883.0,0.0,3.0,3.9593087e7,58.458392292,168.34841918945312
48.90946492653136,50.23093756888935,9.462193958560139,10.388125151304862,0.013824057958487202,45.2198558797757,9.754753217046606,1.9259709695241416,1.1963994715685724,-0.061497996545054064,-0.34504397622061234,0.035405876331087965,-0.020951747496192465,-0.17203818795853904,-0.03104070450284244,0.0047454424739423445,-0.062251701336877845,-0.03353882486390683,1.0,3.4157820627907496,6.0,3.4442,10000.0,5000.0,5000.0,189595.0,189595.0,189595.0,0.0,3.0,3.9782682e7,58.458392292,168.34841918945312
48.89366047702899,50.14999020471397,9.406057880143534,10.309806079614843,0.004526737198931994,44.39106919457869,9.780935516350029,1.910309047878874,1.183185358883011,-0.031914149583635074,-0.349140732235676,-0.007461831442714854,-0.029011393165740407,-0.19242968218169157,0.007645546129416604,0.0013696620126100525,-0.05441014606936076,-0.026702524659542037,1.0,3.3541718033811274,7.0,3.356,10000.0,5000.0,5000.0,190695.0,190695.0,190695.0,0.0,3.0,3.9973377e7,58.458392292,168.34841918945312
48.866275755239805,50.435553534015604,9.555707668927976,10.524475712388838,0.005737995347357898,43.92452670660574,9.84116528658273,1.9065560662230565,1.1763816014317703,-0.033878817364988864,-0.34722090402375955,0.011352320933873275,0.008866689187163114,-0.1677017636991363,-0.017527135096072188,-0.004892191193280147,-0.02795921834357953,-0.010327098925864042,1.0,3.28730913342368,8.0,3.2522,10000.0,5000.0,5000.0,191444.0,191444.0,191444.0,0.0,3.0,4.0164821e7,58.458392292,168.34841918945312
48.64180345445324,50.195824837855284,9.526018607780781,10.306788631825334,-0.025423787427803456,43.11596728228484,9.790984432420466,1.9402795087224152,1.129676400832692,-0.008197958943046356,-0.3254595916724999,0.02052391223552961,0.006808462194748335,-0.17411776787355301,0.05288377677623801,-0.031220451308839485,-0.04224428117902717,0.014854067551482506,1.0,3.2707591435531875,9.0,3.2634,10000.0,5000.0,5000.0,192028.0,192028.0,192028.0,0.0,3.0,4.0356849e7,58.458392292,168.34841918945312
48.84736451520656,50.29593760276191,9.393561626476519,10.599679609461152,-0.010644524680815297,42.35498709360199,9.928509830563787,1.9353337408220745,1.195267094109365,-0.037545904310674325,-0.3324785156753177,0.03364101408522786,-0.027567002795254827,-0.18498573405257096,-0.036906852669351606,-0.014501407005015144,-0.03947331995481307,-0.031936788636862945,1.0,3.2574618906692288,10.0,3.3208,10000.0,5000.0,5000.0,190846.0,190846.0,190846.0,0.0,3.0,4.0547695e7,58.458392292,168.34841918945312
48.70696392669647,50.43880306944581,9.428957333842348,10.614084851330931,-0.01224898740347054,41.68166272366693,9.932535719266887,1.9510502314372027,1.1684837688147414,-0.01649989867601455,-0.32123681547585436,0.0129960590477278,0.02634583836001396,-0.19790043322691858,-0.04504558584895357,0.0038195801047833365,-0.036475986651407874,0.009805910197793909,1.0,3.238558263604108,11.0,3.221,10000.0,5000.0,5000.0,196053.0,196053.0,196053.0,0.0,3.0,4.0743748e7,58.458392292,168.34841918945312
48.71802078810293,50.56587573217542,9.30487877372014,10.528381993912713,0.008454059074522477,40.84222185798239,9.707326851996207,1.9394406991612263,1.1817229612313689,-0.0015720977804872065,-0.3292882313846844,-0.007849199403642615,-0.02057373930822912,-0.17182308436343546,-0.015930472342786453,0.007305576841515643,-0.03393739294542295,-0.011710100111691109,1.0,3.1689709907052364,12.0,3.122,10000.0,5000.0,5000.0,192599.0,192599.0,192599.0,0.0,3.0,4.0936347e7,58.458392292,168.34841918945312
48.91120636279484,50.69101778331956,9.608361997453938,10.209728478451284,-0.031151387108442424,40.010972867400575,9.933772538905146,1.8837433533026147,1.171188052400786,0.016296512920871472,-0.32649909575425407,-0.009542838501466892,0.03871201720495353,-0.1381494643731344,-0.05849738817563192,-0.021668547287097537,-0.028992393702473876,-0.02579031153872076,1.0,3.10222044675256,13.0,3.1496,10000.0,5000.0,5000.0,194425.0,194425.0,194425.0,0.0,3.0,4.1130772e7,58.458392292,168.34841918945312
48.8552043182498,50.78050188053453,9.500096048518811,10.519784388977389,-0.03083591835434636,39.401842580958075,9.7364491500706,1.8788791371967262,1.191793790393801,0.006179465883476224,-0.3340034821416165,0.0314781245957144,0.006071191731678575,-0.14817202645255265,-0.056322891362451936,0.0075664277528698694,-0.06928180041252623,-0.003841539346708032,1.0,3.16240518226274,14.0,3.106,10000.0,5000.0,5000.0,194335.0,194335.0,194335.0,0.0,3.0,4.1325107e7,58.458392292,168.34841918945312
49.033075235819425,50.598622890525306,9.44988859891304,10.546310537116884,-0.02368513911208994,38.580250439872295,9.918847949792218,1.8919756974794388,1.181203890499989,0.010357092114290593,-0.3132467250162203,0.001986846459502875,-0.021293640092200583,-0.14847459548556255,-0.02848501580306866,0.011239820347610108,-0.06416998702699546,0.0015210458218228912,1.0,3.1201426864721187,15.0,3.163,10000.0,5000.0,5000.0,193420.0,193420.0,193420.0,0.0,3.0,4.1518527e7,58.458392292,168.34841918945312
49.10123921495112,50.65349797245591,9.26986147927374,10.502687877256372,-0.013922898545092934,37.89168385436755,9.761845594166665,1.8640207403712503,1.18145160150191,0.006641440087092445,-0.3008212248247142,0.017071065977522084,-0.018913738022434835,-0.1485369132932839,-0.04619944637341371,0.003349456135135407,-0.040392126181938964,-0.0021631098231862296,1.0,3.1086384105985942,16.0,3.1506,10000.0,5000.0,5000.0,196550.0,196550.0,196550.0,0.0,3.0,4.1715077e7,58.458392292,168.34841918945312
49.070247986601686,50.73266105455124,9.409132238946965,10.714634405830857,0.0013258806651609803,37.01022523472844,9.880841098335816,1.850583601355364,1.1558321806254956,-0.005787554290052535,-0.32324237777825215,-0.005189366661889912,0.007698668634789737,-0.18337723647940873,0.004306827066847647,-0.001622925438661405,-0.026155740559905338,0.000949455048590021,1.0,3.122949546580376,17.0,3.1036,10000.0,5000.0,5000.0,196186.0,196186.0,196186.0,0.0,3.0,4.1911263e7,58.458392292,168.34841918945312
49.464382486276975,50.82719899505547,9.341497147088756,10.516530785686077,0.007558034058201471,36.366655087437024,9.842043701197891,1.8709667291600336,1.2250081694315667,0.0058116933095651545,-0.3564688455454319,-0.0038954294841849475,-0.021628054335206287,-0.1338792617548683,-0.07206319585510854,0.005358875516524293,-0.05605593911526131,0.0018743049918920126,1.0,3.098220555714575,18.0,3.0694,10000.0,5000.0,5000.0,194705.0,194705.0,194705.0,0.0,3.0,4.2105968e7,58.458392292,168.34841918945312
49.23444459611998,51.05075962321658,9.232561715328266,10.706377503476084,0.02294377256961968,35.56353642458187,9.61694706746989,1.8865710684443857,1.1639078881744345,0.0209519802326733,-0.31670830876009903,-0.017556881222645232,0.014432267683843931,-0.1302596281005614,-0.024051335651097003,0.0026411155977895495,-0.05336508386436064,0.01371061626658209,1.0,3.12529553206906,19.0,3.1304,10000.0,5000.0,5000.0,190216.0,190216.0,190216.0,0.0,3.0,4.2296184e7,58.458392292,168.34841918945312
49.52144833538213,51.22660764719489,9.255782705361039,10.281554360415045,-0.0007453413562451439,34.97401141070724,9.627075211624787,1.9094537452385894,1.1680792810355405,0.04118666236702074,-0.31948632272556277,0.03435276715521219,0.03719367097466906,-0.12260166600403385,-0.054267857525051984,0.015145378137731657,-0.039106696180429085,0.010140621609732501,1.0,3.1355251519372316,20.0,3.1548,10000.0,5000.0,5000.0,194596.0,194596.0,194596.0,0.0,3.0,4.249078e7,58.458392292,168.34841918945312
49.803819067183184,51.251806827349334,9.123243340654616,10.296273698125207,-0.0026124701220410326,34.69959458059615,9.774119034323082,1.8972989646136476,1.1536662369209556,-0.004621440436408919,-0.30135518215100315,-0.016304812655915813,0.011660406860665011,-0.15042548079174134,-0.017719601013727965,0.0028155864426060457,-0.0373856886315639,0.01820596364511294,1.0,3.122889433381617,21.0,3.2084,10000.0,5000.0,5000.0,190039.0,190039.0,190039.0,0.0,3.0,4.2680819e7,58.458392292,168.34841918945312
50.01029313547571,51.43403617970612,9.421206329343514,10.31333344101754,-0.020915721149566538,34.047830269872726,9.770967208315604,1.9531080499668487,1.1795057005702778,-0.003990856845574071,-0.37296603590129085,-0.017976470770758878,0.010932112824215653,-0.13224303945018648,0.0006534066054836005,-0.023773484846157433,-0.02015646399303182,-0.002513289107592233,1.0,3.1254617935147055,22.0,3.1428,10000.0,5000.0,5000.0,191077.0,191077.0,191077.0,0.0,3.0,4.2871896e7,58.458392292,168.34841918945312
49.73360391481737,51.54315706731986,8.89222068246471,10.13155706419029,0.005751339046464021,33.23432823977851,9.73005898284052,1.7894032142418894,1.1684213233662848,0.027940725494419213,-0.30944094860554033,-0.00396910752584971,-0.00574842850251314,-0.13831541566984412,-0.021685919030367453,-0.007194471119099655,-0.05444444678984695,-0.009745229285626307,1.0,3.1277590216743727,23.0,3.1138,10000.0,5000.0,5000.0,198600.0,198600.0,198600.0,0.0,3.0,4.3070496e7,58.458392292,168.34841918945312
50.03193340967167,51.7668118541999,9.084678999014292,10.189617207238431,9.46807884984792e-5,32.70099096371724,9.622013604365351,1.8213948555651833,1.120659244083061,0.02233656477047503,-0.28153060015698544,-0.006442480963473113,0.010326472667282174,-0.1381765356879746,0.023204732365630067,0.0017939164743188036,-0.07389609649836466,-0.015752869813585597,1.0,3.096594895820842,24.0,3.1016,10000.0,5000.0,5000.0,196141.0,196141.0,196141.0,0.0,3.0,4.3266637e7,58.458392292,168.34841918945312
50.22426222969205,52.105576572737306,9.129461795489092,10.083728235540192,-0.015533981131156286,32.26634465329995,9.723688693673683,1.8768205095341577,1.219788923999938,0.039190512395356,-0.3211755375895079,-0.004891793362875571,-0.025351578374243584,-0.14460699027303478,-0.09692135734497502,0.0075208817844900884,-0.03787095050009207,-0.009743679574577365,1.0,3.0737021478039233,25.0,3.0916,10000.0,5000.0,5000.0,198555.0,198555.0,198555.0,0.0,3.0,4.3465192e7,58.458392292,168.34841918945312
50.35874754606631,52.20153810276307,9.19699578760838,10.0917864492335,0.0027444989816911153,31.41960181832505,9.702833213158238,1.8468848409276786,1.1857621485207543,0.04439316355181479,-0.3592694629978582,-0.011163523958344442,-0.013294702160171198,-0.12424835923806388,-0.000919258176981199,0.026325561041849684,-0.04617438493210816,-0.0013689177148840921,1.0,3.076970993135583,26.0,3.119,10000.0,5000.0,5000.0,198479.0,198479.0,198479.0,0.0,3.0,4.3663671e7,58.458392292,168.34841918945312
50.72004107131055,51.96184308872722,9.129607198367436,10.186514930652908,0.008221422595169716,30.84468751374245,9.858645231629295,1.8372183652492085,1.1711960351384294,0.013857772903663435,-0.30835782086339775,0.030668333844191646,0.031430288168830374,-0.14624026335388296,-0.07023484489609523,-0.006599925592172416,-0.06317278751980107,0.0058116962668469056,1.0,3.1215685954805585,27.0,3.0784,10000.0,5000.0,5000.0,196369.0,196369.0,196369.0,0.0,3.0,4.386004e7,58.458392292,168.34841918945312
50.76498701879263,52.06361167611299,9.16461176381301,10.086955034395977,-0.0027909929411674404,30.10765327858638,9.712142535023473,1.9599982371090487,1.1607377593235635,0.028194469898053125,-0.32480578609103533,-0.0028041907473304022,0.02513169054751958,-0.1448661161377074,-0.022833305173106017,0.014286138627842605,-0.01329135355652319,0.0335170852305369,1.0,3.1399848903545533,28.0,3.1602,10000.0,5000.0,5000.0,189604.0,189604.0,189604.0,0.0,3.0,4.4049644e7,58.458392292,168.34841918945312
51.01226783434009,52.23265583613201,9.214598193001708,10.324997789352294,-0.003702888386396628,29.541095573888498,9.632398174860809,1.954305017248462,1.1401779635082534,0.026444135461188085,-0.3073911465887917,-0.028363257677927876,0.03394248353101503,-0.1307557792754243,-0.009203287103519949,-0.0015059808733954116,-0.02740259617870862,-0.00556768029859408,1.0,3.116246172669873,29.0,3.1358,10000.0,5000.0,5000.0,191604.0,191604.0,191604.0,0.0,3.0,4.4241248e7,58.458392292,168.34841918945312
51.03360316712591,52.31426046605031,9.01545647675047,10.235324469516693,-0.019969369599941257,29.09868146304419,9.480389540937214,1.8417939668041903,1.1904618833736211,0.030728584214682816,-0.30547301202867905,-0.025076256106638443,-0.026898596881811506,-0.11128050359185335,-0.05031087732749232,0.0009698543616466298,-0.03179472292506906,-0.009559996669513867,1.0,3.091863936239228,30.0,3.1138,10000.0,5000.0,5000.0,194331.0,194331.0,194331.0,0.0,3.0,4.4435579e7,58.458392292,168.34841918945312
51.24185302596749,52.56481029760582,8.959552056907134,10.39736619593522,-0.011790216209784205,28.750699208787967,9.500472693913418,1.844791748090965,1.165702137052248,0.036985171879405546,-0.277472494896513,0.009097035423075533,-0.010413770510062282,-0.1471343318047155,-0.044515434926332816,0.0164110742492882,-0.023855783165139484,0.00379531677625198,1.0,3.0570552223232337,31.0,3.083,10000.0,5000.0,5000.0,194270.0,194270.0,194270.0,0.0,3.0,4.4629849e7,58.458392292,168.34841918945312
51.27062927161054,52.80587741831981,9.03844238199704,10.38910607171691,-0.0244496689796666,28.068332722280438,9.67394388260345,1.9125394088561776,1.18470613256978,0.049772034056979025,-0.3318403950560032,-0.025696942076733363,-0.0011626651800379399,-0.11982603726810671,-0.04134668022397682,-0.027402079533901797,-0.040672708222687017,-0.0036224546925839665,1.0,3.033001096050518,32.0,3.0536,10000.0,5000.0,5000.0,187188.0,187188.0,187188.0,0.0,3.0,4.4817037e7,58.458392292,168.34841918945312
51.57321468871597,52.915378829101776,9.065227933000651,10.328246359610457,-0.0011085575390629714,27.285466534897044,9.591719989340405,1.9530882351385725,1.146530318611895,0.026298165288583676,-0.2793602744839191,0.03529788035002605,-0.00267370367590078,-0.073840117533334,-0.015313306720971056,0.0023011655556319684,-0.058686423659090055,-0.007365554354572003,1.0,3.0841065460488646,33.0,3.0598,10000.0,5000.0,5000.0,192522.0,192522.0,192522.0,0.0,3.0,4.5009559e7,58.458392292,168.34841918945312
51.58177402295162,53.21856904444988,8.994366154330018,10.284093630043765,0.0044217624614909115,27.114794392593893,9.579854323931205,1.8726932362893394,1.140133055956454,0.01613144894325569,-0.3185310035879356,0.02013683483483038,0.0579105960764629,-0.09357444554657379,-0.0217351320774826,0.000900320763677263,-0.028880311471467197,-0.008323198433337769,1.0,3.0723676977806407,34.0,3.113,10000.0,5000.0,5000.0,192731.0,192731.0,192731.0,0.0,3.0,4.520229e7,58.458392292,168.34841918945312
51.614858506147655,53.00891384132414,8.917715437656224,10.283524717910725,-0.008962931825235264,26.907923334987647,9.555927146622498,1.8382753918405612,1.183708603237284,0.015101039300019712,-0.3157905804871207,0.022126457982132735,-0.022358207445660198,-0.1401296692928278,-0.03235506255064629,-0.019660979867755085,-0.04220321044511367,-0.002651191420660691,1.0,3.113437745970375,35.0,3.116,10000.0,5000.0,5000.0,195203.0,195203.0,195203.0,0.0,3.0,4.5397493e7,58.458392292,168.34841918945312
52.037522230888726,53.26951941628514,8.901064327347262,10.319972493918689,-0.037923896337178895,26.406982756815413,9.509343651738002,1.8772567652871088,1.1923973036501927,0.02584037718862657,-0.3158296978184309,0.031294636627657246,-0.009940403013872678,-0.11266319565019016,-0.06156601753358937,-0.014072771822542565,-0.030022198342175146,0.02388328545505316,1.0,3.1001365189967403,36.0,3.1854,10000.0,5000.0,5000.0,196232.0,196232.0,196232.0,0.0,3.0,4.5593725e7,58.458392292,168.34841918945312
52.16956174223022,53.47773101916015,8.850460611178404,10.091747614029691,0.002352363572066227,25.832499022160945,9.256266367265882,1.8533536883306259,1.1744192804531137,0.044489946481784066,-0.35167437452118144,0.01200872233731873,0.023685216284873984,-0.09285285929858045,-0.022905433793676235,0.004079621819133339,-0.026266933078342478,-0.01892908231496618,1.0,3.1028900629850793,37.0,3.1108,10000.0,5000.0,5000.0,199758.0,199758.0,199758.0,0.0,3.0,4.5793483e7,58.458392292,168.34841918945312
52.30912553362864,54.06980827571187,8.831689787167655,10.222308082893422,-0.015309178824102064,25.52745279354929,9.459478410884538,1.9216604243746385,1.1765746531790333,0.0492347479112521,-0.3185534651346485,0.008732284784679344,0.00796539089140751,-0.10950717106722395,-0.043288851259022654,0.0021241853671461783,-0.016828619836385485,-0.010629844458774839,1.0,3.1131385252727584,38.0,3.062,10000.0,5000.0,5000.0,190545.0,190545.0,190545.0,0.0,3.0,4.5984028e7,58.458392292,168.34841918945312
52.79557788072555,54.10316524505185,8.800120818045002,10.078404934737023,0.0030342981702513694,25.226263240431283,9.353376860346607,1.811298104147804,1.1711202291404048,0.028645350550394227,-0.2954238774250172,-0.0117263828392836,-0.02964471335403403,-0.12171331459014058,-0.018005767254114124,0.0019863283635463574,-0.03176888606164726,0.005906087385291372,1.0,3.0783791835920704,39.0,3.0822,10000.0,5000.0,5000.0,191324.0,191324.0,191324.0,0.0,3.0,4.6175352e7,58.458392292,168.34841918945312
52.72037257813103,53.90547569278447,8.639000001007824,10.391269407282305,0.016804228146295792,24.897164522618766,9.405579957810886,1.868277290843928,1.2004120222492705,0.030645181689361294,-0.33178193189005006,-0.005625775620312888,0.006089592145822748,-0.07969617577436212,-0.07393847803772793,-0.001353591827473174,-0.024791334548131556,0.0019160823435963594,1.0,3.063284941716978,40.0,3.1106,10000.0,5000.0,5000.0,199977.0,199977.0,199977.0,0.0,3.0,4.6375329e7,58.458392292,168.34841918945312
52.770798544675145,54.00077090327231,8.538114051935876,10.432775307999693,0.009847701649195326,24.691339714589283,9.313995645631513,1.8096422975630655,1.1765716080278437,0.034079418124622465,-0.2767537817546653,-0.026654519411320736,-0.026241492157442134,-0.1213281609406384,-0.04817731232430633,-0.022080566511297264,-0.03874660867534544,0.02077895701770498,1.0,3.040525769184511,41.0,3.1068,10000.0,5000.0,5000.0,192051.0,192051.0,192051.0,0.0,3.0,4.656738e7,58.458392292,168.34841918945312
52.860849277578374,54.15589489828495,8.662514787794644,10.30367637318895,0.0016440847647238366,24.05807343215888,9.587556481393134,1.8449709013729398,1.1159784647595727,0.055430693558280855,-0.25678938502234205,0.012672378322347702,0.02344853976515209,-0.11546901942944542,0.00010014877331250328,0.011831538949044068,-0.02924629340818969,-0.03850420227767117,1.0,3.061799091407359,42.0,3.087,10000.0,5000.0,5000.0,191732.0,191732.0,191732.0,0.0,3.0,4.6759112e7,58.458392292,168.34841918945312
53.096155838697136,54.33509353128458,8.916053368594296,10.45534580373715,0.013094189046650394,23.71774562326504,9.40019081646996,1.868428012451028,1.1671551742775745,0.031148247401689276,-0.2750336870305201,0.029715758187673823,-0.01960303266960134,-0.08828889909661652,-0.041512515075674467,0.030371435511384007,-0.048139585592621714,-0.009099400910521896,1.0,3.039052923042013,43.0,3.0376,10000.0,5000.0,5000.0,192859.0,192859.0,192859.0,0.0,3.0,4.6951971e7,58.458392292,168.34841918945312
53.102303128232656,54.60907383390942,9.049553361325698,10.143734532691449,-0.013518219152483543,23.16422568839567,9.14557177691265,1.955140387854642,1.1922607038635287,0.03153700133245958,-0.34589587096586766,0.02250557962674444,-0.004163478786942619,-0.0920329927147342,-0.037236478990201834,0.005301873952598387,-0.03556722505548037,0.01394655242074712,1.0,3.045391208392543,44.0,3.0586,10000.0,5000.0,5000.0,193151.0,193151.0,193151.0,0.0,3.0,4.7145122e7,58.458392292,168.34841918945312
53.38001948064515,54.762221018907766,8.950681643937871,10.462090797884104,0.024327681970494314,22.862612614831068,9.332616017710635,1.7724438540259064,1.1978693504496947,0.03955972814648412,-0.33954565187535934,-0.0024093420473942076,-0.0066883848104229504,-0.08501703491999749,-0.05348493659164801,0.006575995614917595,-0.03413043757897289,-0.017041366122522654,1.0,3.081644604563913,45.0,3.0302,10000.0,5000.0,5000.0,201605.0,201605.0,201605.0,0.0,3.0,4.7346727e7,58.458392292,168.34841918945312
53.46925524898076,54.699785913799566,8.867474628501055,10.21694065273822,-0.011507608526671242,22.388934961392778,9.382031954282851,1.933494008836607,1.185679846133108,0.025351462231420777,-0.2877879714463521,-0.01354144369140476,-0.020568365607097704,-0.08040089686887575,-0.0640330141725571,0.009240648553178386,-0.030585242754607334,-0.011820983912467435,1.0,3.126440573856278,46.0,3.1118,10000.0,5000.0,5000.0,190907.0,190907.0,190907.0,0.0,3.0,4.7537634e7,58.458392292,168.34841918945312
53.80797732414207,54.7802419195414,8.79131732937041,10.20595029854443,0.01533549115594329,21.994842218672776,9.367604758672455,1.8552360964688854,1.1821113423486533,0.022210382112225258,-0.28390629777792964,0.016244103433670113,-0.031144938050149958,-0.09670385997747719,-0.04915445848407571,0.008523569861138886,-0.01355183244325417,0.013407782746625971,1.0,3.0871177316679144,47.0,3.1512,10000.0,5000.0,5000.0,197581.0,197581.0,197581.0,0.0,3.0,4.7735215e7,58.458392292,168.34841918945312
53.94984826099443,54.867019598152254,8.847905991828119,10.221569205935378,-0.02870505274074496,21.571780201313334,9.402410972826427,1.7953778850389372,1.175047026754168,0.0032049462996171407,-0.3221359445665865,-0.004713434712368764,0.008194252182447664,-0.12045305359630343,-0.03680964891808966,-0.0003162337586104062,-0.044214609694704955,0.007078521331672841,1.0,3.155247568603892,48.0,3.1612,10000.0,5000.0,5000.0,193304.0,193304.0,193304.0,0.0,3.0,4.7928519e7,58.458392292,168.34841918945312
53.91646568715306,54.78926819613549,8.613156850707611,10.289851335917865,-0.013690389922303342,21.244860162262466,9.435049650438687,1.8779558708084265,1.1506810416106323,0.005464927222066096,-0.26164669393138096,0.01894055797788852,-0.008373879129205557,-0.10568992628140104,-0.03220377158113558,-0.027261207142123177,-0.018605110190614886,0.02166033115463186,1.0,3.1904209027813892,49.0,3.1796,10000.0,5000.0,5000.0,193908.0,193908.0,193908.0,0.0,3.0,4.8122427e7,58.458392292,168.34841918945312
54.22384933026216,54.830460639565764,8.73244480385475,10.317108335594524,-0.015538619064713788,21.004619587243265,9.213711559056538,1.858117107355181,1.1636785376216539,0.02730013453786339,-0.2809921832711226,0.0040091876426542015,0.023142688954351332,-0.10182753182599023,-0.06965878042239299,0.0010776228729747898,-0.02974586170066493,0.012194716268559254,1.0,3.157538162029514,50.0,3.1426,10000.0,5000.0,5000.0,191881.0,191881.0,191881.0,0.0,3.0,4.8314308e7,58.458392292,168.34841918945312
54.0718081812076,55.2387277944027,8.741683822379585,10.285106310145803,-0.010803179771236819,20.637403838938674,9.061722045147103,1.9336152701387925,1.15717743260874,0.02913458126567129,-0.2916264519991021,0.023200090673535494,-0.0056050960658596775,-0.0810407567703428,-0.019490356123315178,0.00044067309326193267,-0.04121823857227702,-0.052000615900341135,1.0,3.179505111349907,51.0,3.1616,10000.0,5000.0,5000.0,192156.0,192156.0,192156.0,0.0,3.0,4.8506464e7,58.458392292,168.34841918945312
54.58459206974079,55.28095281492318,8.69655866527638,10.366084881490965,-0.01602382016104596,20.139318089912408,9.307305908205965,1.8422626463242426,1.1768248590472765,-0.0017872357206274378,-0.2681916514731596,-0.025499795247445504,-0.026745961797420954,-0.08537246289826932,-0.05871982086093584,0.0003442554750849592,-0.00046723223433574155,-0.008718127861426042,1.0,3.186333480629974,52.0,3.205,10000.0,5000.0,5000.0,189953.0,189953.0,189953.0,0.0,3.0,4.8696417e7,58.458392292,168.34841918945312
54.4314989849865,55.30307063687353,8.752420355645574,10.457601298574374,-0.010212192438730214,20.037037414192728,9.448838681838652,1.8098941661376593,1.1653572721933527,0.03211819239558103,-0.2646243815023411,-0.01130562393288464,-0.004108691034629642,-0.08994623521019425,-0.061098300337467694,0.0067740229052328516,-0.027429153193993264,-0.0179481548407285,1.0,3.159767183240698,53.0,3.1276,10000.0,5000.0,5000.0,199848.0,199848.0,199848.0,0.0,3.0,4.8896265e7,58.458392292,168.34841918945312
54.60061263992067,55.5689876679534,8.568975005961905,10.31176014273249,0.012366276307712264,19.730092600858573,9.147782561421312,1.8630785433795347,1.1773632848785773,0.017343474476856198,-0.3248930735201809,-0.003976840990900736,0.031519841913779836,-0.10710180642013742,-0.06284817206589556,0.005327900125165697,-0.03541774957869971,0.005357352999408671,1.0,3.1553052298607893,54.0,3.2148,10000.0,5000.0,5000.0,192857.0,192857.0,192857.0,0.0,3.0,4.9089122e7,58.458392292,168.34841918945312
54.58981215985382,55.597409503585354,8.611284798900526,10.4044355680536,-0.011087975139855702,19.40473194927231,9.074484170665924,1.8869495899974709,1.1515181710761513,0.041006145955086164,-0.2576760253981963,-0.020353145629946334,0.021742509750153707,-0.0780435976246788,-0.06686554620038303,-0.013371736174862705,-0.007698224754156526,0.020527101368194467,1.0,3.167475072007979,55.0,3.1632,10000.0,5000.0,5000.0,194807.0,194807.0,194807.0,0.0,3.0,4.9283929e7,58.458392292,168.34841918945312
54.533402483145494,55.55253164718543,8.676081356257875,10.488663221589333,-0.006349247421290625,19.274230713918527,9.239759146501664,1.864794224490685,1.1701886463913438,0.018842117796207633,-0.3033927112737793,-0.008301647636733397,0.013217936976581803,-0.07439185282916336,-0.050661416833342986,0.0014323588555738816,-0.025846606518798658,-0.04230671839117655,1.0,3.153520380818794,56.0,3.1966,10000.0,5000.0,5000.0,191457.0,191457.0,191457.0,0.0,3.0,4.9475386e7,58.458392292,168.34841918945312
54.822158700831466,55.95329674649092,8.694297309218026,10.144656404287428,0.029962688685684653,18.860384523105612,9.163055283195852,1.8655343630775971,1.1581331105258872,0.030317226904831147,-0.2794207935673594,-0.010104071149977106,0.015026221489740088,-0.065520432070935,-0.05286964329208563,-0.008776840329418015,-0.04931268885314483,0.009038513075605475,1.0,3.1464685665803205,57.0,3.2312,10000.0,5000.0,5000.0,192171.0,192171.0,192171.0,0.0,3.0,4.9667557e7,58.458392292,168.34841918945312
55.217944704057,56.03121469811053,8.723313036126667,10.124814437059769,-0.046362124161208954,18.453947647565215,9.264173585518197,1.8697895618389448,1.1829165341300465,0.04522868794108905,-0.314348230148044,-0.009713642209741335,-0.021866923685526864,-0.05059425783200616,-0.029408715738352905,-0.010402951432608875,-0.040677042642522525,0.016185451354133653,1.0,3.1468440108700086,58.0,3.1176,10000.0,5000.0,5000.0,193654.0,193654.0,193654.0,0.0,3.0,4.9861211e7,58.458392292,168.34841918945312
55.268818229401276,55.960501021531414,8.666996082731396,10.260082934232935,0.016942882226124348,18.34358656742347,9.497169557540097,1.8309850116391124,1.1796200507524808,0.013920253343527618,-0.24705337689063367,0.026902304783059456,-0.02484425162477334,-0.05925028420186836,-0.08764269215243567,-0.012572234658308727,-0.016306592307210446,0.008495411987323582,1.0,3.1634616869315955,59.0,3.1546,10000.0,5000.0,5000.0,191004.0,191004.0,191004.0,0.0,3.0,5.0052215e7,58.458392292,168.34841918945312
55.02954784938368,55.983124310745744,8.564359906885542,10.302435615591117,-0.0017503213729372297,17.85765404661116,9.38882809814143,1.8005116340237768,1.191290130557347,0.022450989011367398,-0.3123961498431044,0.0049895706257660445,-0.0020775369268221555,-0.05254187635644557,-0.07029639661865225,-0.040456493706533564,-0.025320692760856835,-0.036624006961383834,1.0,3.1818821467808642,60.0,3.1678,10000.0,5000.0,5000.0,199179.0,199179.0,199179.0,0.0,3.0,5.0251394e7,58.458392292,168.34841918945312
55.11543633890033,56.29501538796887,8.550369582558806,10.239775926057145,0.008961499267261488,17.796875394985804,9.346061526165315,1.8147588563661996,1.1422709934715285,0.04279767936563429,-0.26772150870914363,-0.030060433601793835,0.012402487488419794,-0.09201317515242066,-0.029398279676081912,-0.007179462632527701,-0.007346328486472366,0.022801243897415578,1.0,3.1892241031454485,61.0,3.1784,10000.0,5000.0,5000.0,196192.0,196192.0,196192.0,0.0,3.0,5.0447586e7,58.458392292,168.34841918945312
55.29408518211477,56.386425182443915,8.492865571562024,10.196343918537794,-0.014941293496065818,17.30623889565373,9.37292567650128,1.8450326562688444,1.1532759554876508,0.06343492626658703,-0.29392806027840995,0.00796351054510595,-0.013536115915339536,-0.07676873014028815,0.0017866660250965716,0.0052275348543665435,-0.04103335468645262,0.016704785299247692,1.0,3.2240173356569524,62.0,3.1466,10000.0,5000.0,5000.0,195269.0,195269.0,195269.0,0.0,3.0,5.0642855e7,58.458392292,168.34841918945312
55.6490941153737,56.60752697179883,8.369013112169757,10.121153166650238,-0.028465884026482136,17.262368332461516,9.229561263081068,1.8019507845758207,1.1764322266062426,0.020968070674871685,-0.2862828079242641,0.028323374490332256,0.0044222713202441465,-0.06886261449125143,-0.06885046610363584,0.015814198238180612,-0.02650455691957011,0.005998833192945917,1.0,3.215202913849252,63.0,3.2166,10000.0,5000.0,5000.0,198676.0,198676.0,198676.0,0.0,3.0,5.0841531e7,58.458392292,168.34841918945312
55.68278834028677,56.64446922326383,8.226855779260818,10.066745686912746,0.008272034133796288,17.10907145035269,9.3025473848831,1.8956216945915154,1.164616574538147,0.03976995285282597,-0.31603153451722127,0.027052476662044217,-0.008994408654093764,-0.051755648593434005,-0.005376094320340436,0.015905144135050567,-0.030583289282050702,0.007344005443556349,1.0,3.2304862009342834,64.0,3.277,10000.0,5000.0,5000.0,195509.0,195509.0,195509.0,0.0,3.0,5.103704e7,58.458392292,168.34841918945312
55.72604550644466,56.65072454448682,8.204606690881931,10.21127731510826,-0.01133688085008748,16.73885216866689,9.138480889313776,1.8308957420219412,1.1519630558125926,0.036369386584391206,-0.2683339947679825,0.01298545750319199,0.029712650116456713,-0.045512435860390846,-0.06591881048882356,0.004063882739502056,-0.01386873962090021,0.0054284393624366494,1.0,3.219451284150531,65.0,3.234,10000.0,5000.0,5000.0,191964.0,191964.0,191964.0,0.0,3.0,5.1229004e7,58.458392292,168.34841918945312
55.64408310795659,56.768772377681636,8.36565763655114,9.940890833233247,-0.005615980348385391,16.979680539920174,9.107874572711319,1.862301006395328,1.1492015071621164,0.04239802878811645,-0.3008631685551325,-0.028500564053375737,0.01746823792174568,-0.04912276079970383,-0.015502873003437606,-0.012379163765803461,-0.01040346746427213,0.006822196547109434,1.0,3.2149458399220396,66.0,3.2216,10000.0,5000.0,5000.0,197270.0,197270.0,197270.0,0.0,3.0,5.1426274e7,58.458392292,168.34841918945312
56.018276763072066,56.86816370338434,8.217220388750224,10.131501966663574,0.0003855672926583984,16.38795899379784,9.158348568022905,1.8426477084210726,1.1225174958020625,0.03779726391611253,-0.28614825371625385,-0.01577273047542759,0.05392372372953161,-0.029817842167545915,-0.012878517530389464,0.004356296934765392,0.0013497050136396925,-0.006923505842814866,1.0,3.214665295686215,67.0,3.1524,10000.0,5000.0,5000.0,197059.0,197059.0,197059.0,0.0,3.0,5.1623333e7,58.458392292,168.34841918945312
56.04487191749087,56.69273869174614,8.400928434975302,10.054730600935061,0.009850757451140738,16.10193483242061,9.048812569178084,1.867923724234888,1.143985629131411,0.012252256077858164,-0.2771906385623508,0.0006852328465284842,0.02015982614983756,-0.037860069516554885,-0.031944022026382524,0.004752646706473555,-0.00293212454764569,-0.029615727111336643,1.0,3.1963351535194207,68.0,3.1802,10000.0,5000.0,5000.0,193389.0,193389.0,193389.0,0.0,3.0,5.1816722e7,58.458392292,168.34841918945312
56.070062806435594,56.95162437347005,8.201488594079553,10.050086388446308,0.00746564746852793,16.23258543348403,9.063981146907262,1.7771117551172233,1.1674383849758767,0.0524995655974981,-0.2702186509228562,0.004543482467915261,-0.0021946041154989695,-0.0506690422755617,-0.06239818317190526,-0.026412717572017946,-0.019833735118302824,-0.002602945869367935,1.0,3.185991200529693,69.0,3.2192,10000.0,5000.0,5000.0,199886.0,199886.0,199886.0,0.0,3.0,5.2016608e7,58.458392292,168.34841918945312
56.24084159878287,57.060362573329314,8.07643418398729,10.152129716451686,0.006649924363555355,16.342076108735526,9.050620413514446,1.7874746346596933,1.1604388349046928,0.008568411306374077,-0.23809379229040495,-0.02253190600812701,0.016782642564347174,-0.04765871505497892,-0.0983832205537952,-0.015924599861265078,-0.030686172763852864,0.0023882729003950128,1.0,3.1670051073839924,70.0,3.1504,10000.0,5000.0,5000.0,194675.0,194675.0,194675.0,0.0,3.0,5.2211283e7,58.458392292,168.34841918945312
56.01819233214769,57.08026912274236,8.347309058233344,10.086405042769062,0.008593804814621166,16.06615813741106,8.934801424124421,1.8755017596045347,1.2004499188545232,0.04147273541155782,-0.32354064560989193,-0.0029381452224991355,0.009892017823339452,-0.0856405864763697,-0.08687122845308966,-0.0019450031107381201,-0.014052181131594501,0.013173399310560632,1.0,3.1185582681758266,71.0,3.1086,10000.0,5000.0,5000.0,196232.0,196232.0,196232.0,0.0,3.0,5.2407515e7,58.458392292,168.34841918945312
55.96995012155832,57.18275525917817,8.285674984028239,10.065644404276926,-0.006195236568168988,16.030734795191773,9.11327101875352,1.7781311011035648,1.2013578526852835,0.0383202245668925,-0.31846372608109996,0.020675177053934284,-0.0561022202320455,-0.044042480652147775,-0.028495442921071774,-0.04000833280330353,-0.023767825686913602,0.018549169706735154,1.0,3.129402561542384,72.0,3.1494,10000.0,5000.0,5000.0,197240.0,197240.0,197240.0,0.0,3.0,5.2604755e7,58.458392292,168.34841918945312
56.27285641035531,57.199429108509314,8.254135581370138,9.98105201737099,-0.008111620213905435,15.770290028881114,9.151732072304355,1.8586534776658257,1.1485656125544477,0.013949344903354186,-0.290233150865552,-0.0056152302219037165,0.03656520078304492,-0.030556914939759292,-0.043582206015865335,-0.019508386323592416,-0.02460144399430842,0.020826943694101808,1.0,3.094126633282985,73.0,3.0706,10000.0,5000.0,5000.0,194415.0,194415.0,194415.0,0.0,3.0,5.279917e7,58.458392292,168.34841918945312
56.433701472556464,57.34091390412949,8.206574844843052,9.868568846696354,0.0025544955022390155,15.574695015051484,9.358947231922718,1.8532470678552264,1.151575075579842,0.024952656480492785,-0.2889876959190114,-0.013313957892860464,-0.007543040458257164,-0.06802084115302742,-0.0057857089922445275,0.013318807631165682,-0.04531392578518216,0.011806328152008267,1.0,3.1048760684083754,74.0,3.0794,10000.0,5000.0,5000.0,196111.0,196111.0,196111.0,0.0,3.0,5.2995281e7,58.458392292,168.34841918945312
56.45715728464655,57.29997102880826,8.171182201884445,10.01808285980724,0.009914502867507658,15.270313406414754,9.112419845365897,1.87779711498922,1.1508317418988452,0.036798319516435155,-0.28500162094144654,-0.01993104066026623,0.019156799972230156,-0.05476526613216591,-0.03749655884876652,0.015049587538070801,-0.026714592057439177,-0.0064895037983686696,1.0,3.100651869703619,75.0,3.0836,10000.0,5000.0,5000.0,196314.0,196314.0,196314.0,0.0,3.0,5.3191595e7,58.458392292,168.34841918945312
56.75866385138954,57.50301912807161,8.226693647154049,10.02225709850907,-0.02174425885052494,14.83148097275329,9.264254865796014,1.8300170582871989,1.158157934021853,0.017724279714568855,-0.29006400888951245,0.004159235784778514,0.008625573759935832,-0.027376322988490315,-0.03522642367222128,-0.005072359783339628,-0.007010526185344588,0.00477772788807137,1.0,3.038881229408831,76.0,3.0664,10000.0,5000.0,5000.0,192526.0,192526.0,192526.0,0.0,3.0,5.3384121e7,58.458392292,168.34841918945312
56.625472680114676,57.3705067855063,7.966524426162384,10.144189667552727,0.005624186243608849,14.84170694573562,9.248134609812594,1.799680559791723,1.1422345110181724,0.0008975290290696693,-0.2514606865605926,0.012892786151609319,-0.006917152668884093,-0.07053665094892338,-0.027388902019571525,0.024428433948037686,-0.019105602890543492,0.006489453183483956,1.0,3.09241087464317,77.0,3.065,10000.0,5000.0,5000.0,198536.0,198536.0,198536.0,0.0,3.0,5.3582657e7,58.458392292,168.34841918945312
56.60016722322258,57.05573928915056,8.156152123686955,9.890384148561173,-0.005786834409848708,14.406674304504559,9.169307074660562,1.8298420584426256,1.1815460795666584,0.009003654122017913,-0.3098853037072456,-0.0061461263096282475,-0.03119323572564037,-0.04326635253556625,-0.022918259854033247,0.016673135485680668,-0.023568991211049804,0.014182582099981104,1.0,3.1112098083721116,78.0,3.0864,10000.0,5000.0,5000.0,196889.0,196889.0,196889.0,0.0,3.0,5.3779546e7,58.458392292,168.34841918945312
56.53897043968056,57.43004968610213,8.183296664585662,9.829383963835765,0.03235317261925058,14.461619527418879,9.122835500958145,1.7821104078015895,1.1621433955724765,0.02212852072693335,-0.287603529174146,-0.02037729703693307,0.04513009924238938,-0.01936305527857679,-0.0795098830883214,-0.04143853442242039,-0.022443771675821737,-0.013363878127363641,1.0,3.0977582958395784,79.0,3.0672,10000.0,5000.0,5000.0,196300.0,196300.0,196300.0,0.0,3.0,5.3975846e7,58.458392292,168.34841918945312
56.83872341214607,57.35924620083115,8.038606659708297,10.058989389449549,-0.01296903697806911,14.61933209303973,8.989439705489753,1.8048196423382836,1.1782201078332037,0.004618110002495656,-0.2799896235994682,0.005948587238592453,-0.023610943318742153,-0.0595436911111509,-0.053545604070538544,0.007731298768593119,-0.02177802075203859,0.025125360606269315,1.0,3.130436252255989,80.0,3.0914,10000.0,5000.0,5000.0,198201.0,198201.0,198201.0,0.0,3.0,5.4174047e7,58.458392292,168.34841918945312
56.65789872876366,57.616113716996935,8.059305698411396,9.949389880681531,0.006708276511044634,14.329669624018837,9.125714294385842,1.7555787299108219,1.1597073749068367,0.024235367991093177,-0.2750507536084135,-0.009418079484801695,0.008038832390092048,-0.05092805398994439,-0.051856701152539764,-0.021029127644569837,-0.029382687986422417,0.004128974508879593,1.0,3.1076587802386544,81.0,3.1512,10000.0,5000.0,5000.0,196407.0,196407.0,196407.0,0.0,3.0,5.4370454e7,58.458392292,168.34841918945312
56.94381307327903,57.70362293384618,8.161552366998848,9.910380785552203,-0.014016981854252831,14.415127334434096,9.053013023907786,1.7861010978180403,1.188435072316018,0.008980553460370098,-0.28895044659775115,0.0004644405841266997,-0.03885127175965203,-0.044212949862862096,-0.048378202208992034,0.022371390674553942,-0.018705256103475152,-0.013438892969376866,1.0,3.1150613430437195,82.0,3.2284,10000.0,5000.0,5000.0,196184.0,196184.0,196184.0,0.0,3.0,5.4566638e7,58.458392292,168.34841918945312
57.08367920342185,57.9443275965713,7.904745301959628,9.78624963498708,-0.013570653828116855,14.36478265676056,8.903855356354349,1.9185704227829785,1.1714440296413122,0.023875360770019435,-0.2956859534090637,0.015111926607408267,-0.0061934310840407415,-0.03234583647753034,-0.042054123768644064,0.025014549759385007,-0.0519522993662129,-0.02761434338892066,1.0,3.170926705164488,83.0,3.1398,10000.0,5000.0,5000.0,193434.0,193434.0,193434.0,0.0,3.0,5.4760072e7,58.458392292,168.34841918945312
56.94368407639628,58.080966910889174,8.146076205259789,9.999422739522808,-0.001056797910833944,14.115339153267211,9.154294568227442,1.9097457517538479,1.1789837151118805,0.03167072619251052,-0.3094344809114363,0.013415649877995161,-0.023150379827813376,-0.03311525974087294,-0.02783401744048202,-0.00154351541033069,-0.02541199962366148,-0.038712424646128604,1.0,3.1329995579882475,84.0,3.0934,10000.0,5000.0,5000.0,196976.0,196976.0,196976.0,0.0,3.0,5.4957048e7,58.458392292,168.34841918945312
57.37927029760543,57.81832034987927,7.933259978765994,9.983733901373334,-0.00265213048941956,14.086665147181419,8.984143323954454,1.842462014930728,1.1983245422701587,0.008887510736913842,-0.326151981252129,-0.02945758416590354,-0.0032340921355177876,-0.07414491957422463,-0.06697525899711856,-0.019608485277314992,-0.007589643912704302,-0.030684562971062222,1.0,3.159657352508988,85.0,3.1516,10000.0,5000.0,5000.0,198668.0,198668.0,198668.0,0.0,3.0,5.5155716e7,58.458392292,168.34841918945312
57.327880665928895,57.603180377820344,7.930375797607849,9.966418629429242,0.0004783290770818135,13.942609629064176,9.075018638712862,1.7657716162309234,1.182071925600556,0.01302095743936347,-0.28907550647148994,-0.009173640496803652,0.00809605867597914,-0.06427758038724046,-0.08353245721282125,-0.006727737068900949,-0.002136794979667101,0.024624465576526377,1.0,3.130955156701591,86.0,3.1114,10000.0,5000.0,5000.0,196094.0,196094.0,196094.0,0.0,3.0,5.535181e7,58.458392292,168.34841918945312
57.47137404470078,57.72388162609242,8.019926192311857,9.85909587452433,0.0032045734504316265,13.622408753026539,8.930231194249403,1.7986410071347685,1.175917510805705,-0.03849428792901067,-0.26794021224224146,-0.008076472657449525,0.0006782056866809306,-0.05257039136053219,-0.08545214741895221,0.00373223451493972,-0.02500922878901102,0.00958954766597463,1.0,3.104286562547073,87.0,3.0178,10000.0,5000.0,5000.0,196718.0,196718.0,196718.0,0.0,3.0,5.5548528e7,58.458392292,168.34841918945312
57.474967635945,57.61203163449464,7.954154587357676,9.843811937759542,0.023500142351895348,13.415723560144453,9.07923509246465,1.824343095320621,1.141925185195546,0.0218656132625244,-0.23387218748378355,0.008930584247855936,-0.013581358978468456,-0.07149073888431648,-0.03807126959248638,-0.011256343735739537,-0.025807460332235826,-0.02025603083681797,1.0,3.078945696157254,88.0,3.1552,10000.0,5000.0,5000.0,200267.0,200267.0,200267.0,0.0,3.0,5.5748795e7,58.458392292,168.34841918945312
57.74862519911411,57.790333329477534,7.942020898903351,9.874390961035056,0.002661043250205202,13.308754366978892,9.04600156101022,1.80746398507888,1.1520086476152256,-0.0436312239884366,-0.25379353830949697,-0.005994310604494247,-0.0035402019485498994,-0.02165425568519876,-0.04741019134795143,0.009295905468095188,-0.028430902646497693,0.006459143585011663,1.0,3.067846307733176,89.0,3.0904,10000.0,5000.0,5000.0,197517.0,197517.0,197517.0,0.0,3.0,5.5946312e7,58.458392292,168.34841918945312
57.574914735320384,57.393641803564456,8.067603218141656,9.900150095672743,0.019414549293419875,13.235470998308324,9.031752866598039,1.8468048280231888,1.157165369424544,-0.04385584359254975,-0.3075562036230153,0.0011051818929019,0.033731144006088315,-0.04313944225268416,-0.045922517371921504,0.0019449679951740175,-0.05470786434864635,-0.011989776171523844,1.0,3.0805196478096315,90.0,3.1078,10000.0,5000.0,5000.0,196051.0,196051.0,196051.0,0.0,3.0,5.6142363e7,58.458392292,168.34841918945312
57.38348602748767,57.20368678069105,7.961603762715948,9.929687060741628,0.030300151388155557,13.391369354792923,8.807829937298647,1.755696767136007,1.1858981021738377,-0.034170316668800875,-0.2981383858336097,0.007323583804343184,-0.010182109511930802,-0.07510522361813694,-0.06570670247870422,0.008650750690292868,-0.022541610243329225,-0.013899844542164409,1.0,3.038335326309078,91.0,3.0632,10000.0,5000.0,5000.0,203257.0,203257.0,203257.0,0.0,3.0,5.634562e7,58.458392292,168.34841918945312
57.489494647987236,56.82524538011438,7.9314732201282885,10.07475831898063,0.013270491331930298,13.17666005859417,9.002088021492986,1.805167982847392,1.2096037651441611,-0.04754191481132747,-0.29604517331882424,-0.006988478742411431,-0.051358722479222844,-0.040775983943255406,-0.0717982064661888,-0.014326897615713022,-0.01220603173280368,0.02100802495041138,1.0,3.05937411116005,92.0,3.0508,10000.0,5000.0,5000.0,197815.0,197815.0,197815.0,0.0,3.0,5.6543435e7,58.458392292,168.34841918945312
57.31113628080655,57.085780050560224,7.876784155394199,9.866599451712778,-0.02569059392442323,12.852754058916116,8.977977673850418,1.8623398535487667,1.1589311584546622,-0.038970825604708936,-0.257958425506051,-0.01516903773924397,0.02791552381295437,-0.07552987352984968,-0.08781292790353767,-0.01496290766177124,0.006256382432070498,-0.00955582025665736,1.0,3.098928026345193,93.0,3.0976,10000.0,5000.0,5000.0,193456.0,193456.0,193456.0,0.0,3.0,5.6736891e7,58.458392292,168.34841918945312
57.39085024160333,56.93169442105585,7.815118934513725,9.754640805898507,0.021927751916758748,12.920467301676002,9.019686040216074,1.7862782380482913,1.1535619809043334,-0.03036043062425986,-0.311509169825869,-0.02214873378021387,0.057178663949361955,-0.06378691152729227,-0.05216830374777981,-0.030612816896117317,-0.018372794902798043,0.022837017819761465,1.0,3.044400940593388,94.0,3.0808,10000.0,5000.0,5000.0,200438.0,200438.0,200438.0,0.0,3.0,5.6937329e7,58.458392292,168.34841918945312
57.24675832336966,57.18499005982254,7.999050376733137,9.522332522062861,0.0028924680484058336,12.6539460208839,8.902312065864553,1.820836751539597,1.1775306995705264,-0.040805123673401195,-0.32476588579855853,0.02810763331845335,0.004378507920731415,-0.011342142243986891,-0.03527002405858621,0.01175908820878582,-0.04165710466287036,0.002469897674618803,1.0,3.0658027795862224,95.0,3.0702,10000.0,5000.0,5000.0,199483.0,199483.0,199483.0,0.0,3.0,5.7136812e7,58.458392292,168.34841918945312
57.02141051930846,56.95688376714214,7.851245822372053,9.679404931379562,-0.016898024723676734,12.553284628704779,8.906989297236855,1.7336099047587759,1.139089667952411,-0.014014053818831196,-0.2685527803415324,-0.019601015973257346,-0.016407271260359776,-0.023546361491990526,0.005630080657279428,-0.0027879413252461633,-0.01344227677794811,0.011480959997751528,1.0,3.1056804486249328,96.0,3.0318,10000.0,5000.0,5000.0,203734.0,203734.0,203734.0,0.0,3.0,5.7340546e7,58.458392292,168.34841918945312
56.99222790743863,56.72682473221016,7.80482819493049,9.686892986192337,0.011117746294081956,12.238994981109103,9.043160483132723,1.8063221619250147,1.1416344079875795,-0.027741618691364277,-0.2607738784988316,-0.01424492585984963,0.02146510080201407,-0.038181443850536845,-0.046196610820406846,-0.0008033207229174076,-0.020873966948793652,0.046328574500120095,1.0,3.1294734878674464,97.0,3.1246,10000.0,5000.0,5000.0,195877.0,195877.0,195877.0,0.0,3.0,5.7536423e7,58.458392292,168.34841918945312
56.9801711964534,56.899903126159614,7.929642085877843,9.679605733719841,0.003232133680970538,12.095454097710155,8.911260257475487,1.796111070513062,1.1329930139722182,-0.022147883130985552,-0.2567468846605474,0.00573814599866726,-0.025628704078765756,-0.025258650506960852,0.01733355491183733,-0.03237039119686295,0.011401314258776274,0.009212032403422834,1.0,3.1360751089438024,98.0,3.0964,10000.0,5000.0,5000.0,198716.0,198716.0,198716.0,0.0,3.0,5.7735139e7,58.458392292,168.34841918945312
56.78382235962431,56.94396736061298,8.084007017550608,10.056848073593189,0.0029134292089563222,11.879043876163484,9.000061775431284,1.8531172570927656,1.1108724442897169,-0.015427745178169937,-0.280662718686127,0.014820059581011586,0.06202160757785191,-0.05332059360951341,-0.0028404444691064405,0.016863162272632248,0.005284544299254186,-0.010513430664383044,1.0,3.1710549686780953,99.0,3.135,10000.0,5000.0,5000.0,197637.0,197637.0,197637.0,0.0,3.0,5.7932776e7,58.458392292,168.34841918945312
56.95066995966267,56.63187381355744,7.977594808572354,9.71056145516469,0.014891243787904785,11.590672193428796,9.14242257837081,1.7380690463945332,1.1223012169191957,-0.028024238012160023,-0.25133673580342536,-0.031507125008840516,0.003697198650452141,-0.002577229417416747,0.0035502398357697466,-0.008570673950401059,0.009071331463445576,-0.008267669983758451,1.0,3.1328395631891155,100.0,3.0996,10000.0,5000.0,5000.0,198763.0,198763.0,198763.0,0.0,3.0,5.8131539e7,58.458392292,168.34841918945312
50.070628694964995,50.06185013695408,9.88597570744661,10.104708494296595,0.011174545558783243,50.16605064360532,10.024450128738547,2.0090723890122724,1.1648853528358512,-0.1244081380830806,-0.3503518158495895,-0.013681207002215215,0.03388197575813886,-0.22750277038774822,-0.010365488951992219,0.010813881979126009,-0.0323583236931561,0.05446146750772461,1.0,4.0252,1.0,4.0274,10000.0,5000.0,5000.0,174319.0,174319.0,174319.0,0.0,4.0,5.8305858e7,58.458392292,168.34841918945312
49.83462575345815,49.88966850191244,9.534334191800586,10.00655345073486,-0.016834946234045793,48.94452369681343,10.050565098632285,2.0599993736900593,1.174595673371127,-0.08632754966520567,-0.3588029612999234,0.02390919492187365,0.03252345856635559,-0.19530053683205723,-0.02372176166185227,-0.011754824477678973,-0.057394968244038884,0.014277336426562755,1.0,3.811651374930666,2.0,3.7738,10000.0,5000.0,5000.0,186338.0,186338.0,186338.0,0.0,4.0,5.8492196e7,58.458392292,168.34841918945312
49.37970612083527,50.13228989065922,9.274980991856534,10.252976355043927,0.013976137613861664,48.24137971436336,10.082504432231913,2.045276563723141,1.1820376127510621,-0.05278685663705301,-0.3313150033389839,-0.008892806438199364,-0.04214557611260815,-0.2225729051358219,0.008144048891832784,0.020030040465674234,-0.04836289175286957,0.0203470156535399,1.0,3.6863697911303346,3.0,3.6438,10000.0,5000.0,5000.0,183441.0,183441.0,183441.0,0.0,4.0,5.8675637e7,58.458392292,168.34841918945312
49.02906169260821,50.108701214418794,9.625405147394009,10.32579428581774,0.0053721893684041296,47.33336820292058,9.876487144740391,1.9200224949689213,1.172507613767234,-0.05448380485455848,-0.3462909026329027,-0.006423945586115984,-0.002082561119745594,-0.20511765594147802,0.0020059769211616986,0.006302943981157883,-0.07064077504159809,-0.0076630383139594405,1.0,3.6150356747355987,4.0,3.5432,10000.0,5000.0,5000.0,190086.0,190086.0,190086.0,0.0,4.0,5.8865723e7,58.458392292,168.34841918945312
49.005912577123134,50.46103821342629,9.757873695332368,10.386698389508426,-0.008336204535788835,46.381558120231354,10.04626269396922,1.9938779534716917,1.1703181045528666,-0.05008170767771905,-0.3670301036364214,0.010485508945722996,-0.01658355536712735,-0.19197727742613982,0.04380057978988095,-0.009615440458001199,-0.03719343327860276,-0.0014417890726408707,1.0,3.509612235534207,5.0,3.5448,10000.0,5000.0,5000.0,189756.0,189756.0,189756.0,0.0,4.0,5.9055479e7,58.458392292,168.34841918945312
49.11473039596048,50.31027907844303,9.502007444217302,10.347377489054999,-0.0011932626731228273,45.804748678007265,9.747583454168959,1.8490936309052732,1.1619301796425319,-0.08366763425096664,-0.340790394195135,0.0028798457267925387,0.04868784674856211,-0.1582283491550123,-0.033984150201824825,0.014331161751910515,-0.052358413577553414,-0.03231717615051668,1.0,3.45407198755642,6.0,3.5184,10000.0,5000.0,5000.0,193576.0,193576.0,193576.0,0.0,4.0,5.9249055e7,58.458392292,168.34841918945312
48.68687333537346,50.34429567260268,9.478969431729196,10.527942171403879,0.013329642007859186,45.422703334581136,9.952323616766327,1.9841071976922666,1.1720036656602801,0.003637005762233915,-0.3560407466987626,0.0019220149210977737,0.02149054224033916,-0.16178941616684153,-0.013282445897603473,-0.005773333209906414,-0.06583219247335871,0.018478114999624966,1.0,3.3831816189647905,7.0,3.4582,10000.0,5000.0,5000.0,190328.0,190328.0,190328.0,0.0,4.0,5.9439383e7,58.458392292,168.34841918945312
48.84009376804562,50.49023269204885,9.30438414305754,10.597677816280733,-0.007758327067824039,44.884856031294554,9.659434059001766,1.871024046808991,1.1306727096933926,-0.0022795599246123546,-0.30842990558112,-0.007637970068675231,0.006875401545877876,-0.16324856225927248,0.03405023679616939,0.02010316652026916,-0.06680846374725022,0.0032069081475928477,1.0,3.34270505596796,8.0,3.2668,10000.0,5000.0,5000.0,190563.0,190563.0,190563.0,0.0,4.0,5.9629946e7,58.458392292,168.34841918945312
49.059590158086756,50.60181909933318,9.453541155810486,10.518873277867424,-0.01576917952811767,44.17180541535468,9.789554214637054,1.9640428508137584,1.146141320323929,-0.010364212195417182,-0.34235880681018094,0.03269068580214493,-0.007064146477982338,-0.18756021376617898,0.054903203764680934,-0.010659082464488248,-0.01739977122613899,-0.015597464281079838,1.0,3.2440465720228495,9.0,3.325,10000.0,5000.0,5000.0,189896.0,189896.0,189896.0,0.0,4.0,5.9819842e7,58.458392292,168.34841918945312
48.9702973143797,50.701461130278915,9.719767362851496,10.324353303856684,-0.0034555886244137966,43.526152954999674,10.107253454962837,2.0140688437269207,1.1740450618204747,-0.011078104682618542,-0.351514214158829,-0.014076759578875792,0.007539756336736566,-0.1869255384987762,-0.009337930365010847,-0.016633482186478782,-0.032534450673460495,0.01212063100261071,1.0,3.1960306395271822,10.0,3.255,10000.0,5000.0,5000.0,187153.0,187153.0,187153.0,0.0,4.0,6.0006995e7,58.458392292,168.34841918945312
49.12324785564451,50.46204584248401,9.45910717800452,10.598545834898339,0.012049828746294408,42.393022337249,9.798534382281833,1.8887037688388142,1.1706163384245594,-0.02184597405169756,-0.3254996557193256,-0.005525453700851129,0.011741081822845563,-0.1611561517418079,-0.030328829477996568,0.022642547798600428,-0.027760610016787316,-0.01689211040496849,1.0,3.2116437156481767,11.0,3.172,10000.0,5000.0,5000.0,190505.0,190505.0,190505.0,0.0,4.0,6.01975e7,58.458392292,168.34841918945312
49.17295409790832,50.520781213175844,9.535376981513977,10.482734722410079,0.0056607315640396375,41.861269615281444,9.913614488276867,1.9449289321867536,1.1727438493034972,-0.04153451152616989,-0.3227093889129785,-0.0425415386557256,0.013650611411795223,-0.17684593614765612,-0.0393472894834297,-0.006535819869072095,-0.0497728451682229,0.03741842411822804,1.0,3.1733259716650712,12.0,3.1998,10000.0,5000.0,5000.0,191468.0,191468.0,191468.0,0.0,4.0,6.0388968e7,58.458392292,168.34841918945312
48.87587836250446,50.377821137423766,9.487828163411132,10.56194184999854,-0.009879907398661115,41.0293102005087,9.71692223701045,1.870489550139688,1.1229636305648472,-0.0005322217595233517,-0.30738677410553,-0.005021835029228717,0.024981199590136918,-0.167223650704914,0.03408473263088169,-0.013578684227105571,-0.02927038319771337,-0.0014789083438634804,1.0,3.167528301282091,13.0,3.1922,10000.0,5000.0,5000.0,192767.0,192767.0,192767.0,0.0,4.0,6.0581735e7,58.458392292,168.34841918945312
48.87233062794024,50.59508185261472,9.447529234613643,10.389513745744233,-0.0019951076209236127,40.44189033022303,9.869668609006506,1.924239791927534,1.149933095748033,-0.010943342715732125,-0.3450696893889686,-0.02803267956422134,0.07033528440984409,-0.1481680951203734,-0.030790870409662913,-0.011814069979324637,-0.061986982284572924,0.007161605303978651,1.0,3.1209173752094843,14.0,3.1406,10000.0,5000.0,5000.0,189455.0,189455.0,189455.0,0.0,4.0,6.077119e7,58.458392292,168.34841918945312
48.98607369651212,50.80906784312625,9.244065917407807,10.195033328185621,-0.0009869326322479051,39.91233634101454,9.778853151175495,1.8793476069426034,1.1765030016566973,-0.015078215639996301,-0.31574458276927253,0.007468189251718689,-0.04689598641332089,-0.1623547992284106,0.0026671259091288154,-0.006343290563586429,-0.04632360427191232,-0.006234144396795363,1.0,3.1464958287599587,15.0,3.0658,10000.0,5000.0,5000.0,199079.0,199079.0,199079.0,0.0,4.0,6.0970269e7,58.458392292,168.34841918945312
49.05119291560737,50.693810274921255,9.42500609325039,10.307446272156074,-0.01882062532274281,39.02183842358624,9.912879522615492,1.8245115617555467,1.1795320446283029,0.004195049983055387,-0.3342304206736375,-0.005103994593505242,-0.015620580527452438,-0.15997186768925248,-0.013883880759662367,0.029352418509108497,-0.058388016214764756,0.009948585542468727,1.0,3.1471327572706813,16.0,3.1108,10000.0,5000.0,5000.0,199599.0,199599.0,199599.0,0.0,4.0,6.1169868e7,58.458392292,168.34841918945312
49.20146976366711,50.56746935027019,9.260688244589527,10.65012268433344,-0.008719623019675542,38.58965425595634,9.904234650467497,1.8753955248276515,1.1694947228340273,-0.009019103898558202,-0.30089895252912785,-0.009001004614696745,-0.010926939512850543,-0.19072651607296348,-0.029399234732150222,-0.019201918535742366,-0.021541223674105322,0.02048091508126283,1.0,3.1128943140247216,17.0,3.2234,10000.0,5000.0,5000.0,193585.0,193585.0,193585.0,0.0,4.0,6.1363453e7,58.458392292,168.34841918945312
48.85703636904563,50.782751398238446,9.30684737794793,10.6037174436007,-0.007577663041672236,37.84009619348587,9.8385773771366,1.9180954280661335,1.1820356978894606,0.03238102049140083,-0.32446835017418435,-0.027050937745730145,0.016823354936606937,-0.13286803645878265,-0.059045688992650995,-0.01377785020214129,-0.0665418986087514,0.06051260906682056,1.0,3.077482809288366,18.0,3.1636,10000.0,5000.0,5000.0,190533.0,190533.0,190533.0,0.0,4.0,6.1553986e7,58.458392292,168.34841918945312
49.41776156172693,50.80887692342596,9.362175413644799,10.639950503630551,-0.0033652031203116268,37.15958338905198,9.808797018237005,1.8467846445733984,1.1796456112282585,-0.0023594116656930767,-0.3255711083311553,0.007604271118992399,0.022411322364975908,-0.12422866930161405,-0.05821878789477818,0.00045986995852321253,-0.053021369262319,-0.012130300891390073,1.0,3.0739255611080574,19.0,3.056,10000.0,5000.0,5000.0,195400.0,195400.0,195400.0,0.0,4.0,6.1749386e7,58.458392292,168.34841918945312
49.403920962944945,51.12806271376472,9.299104592910457,10.559883072324638,-0.020705329826758434,36.83064302979754,9.767326826348468,1.8894450255868287,1.1828252356017879,0.021364291307855342,-0.31786379892496897,-0.03402959825871758,-0.004809121339688846,-0.15999581221860681,-0.04509876571098708,0.012333241421594381,-0.02043590307906436,-0.013967929427005846,1.0,3.098239293989927,20.0,3.0616,10000.0,5000.0,5000.0,194818.0,194818.0,194818.0,0.0,4.0,6.1944204e7,58.458392292,168.34841918945312
49.52950813499513,50.67873263236987,9.26442441503331,10.477789991795873,-0.004227939862916106,36.02526478329061,9.496961402846942,1.862316812845685,1.1906355048669952,-0.0157108250083862,-0.3082986797533534,-0.0007889678992907648,-0.013674295155774644,-0.13666145042048783,-0.06112695844700305,-0.012504383625774593,-0.039210569764708846,-0.02297257073452506,1.0,3.0600108653895233,21.0,3.0658,10000.0,5000.0,5000.0,194919.0,194919.0,194919.0,0.0,4.0,6.2139123e7,58.458392292,168.34841918945312
49.29491956389331,50.78209358383039,9.366679991197662,10.608601886835688,0.007760578331577127,35.33787467456442,9.307969246204019,1.8829230088014794,1.1883903578413602,-0.020112042980784717,-0.33393849938477965,-0.037295936982859594,-0.0024242538371722594,-0.1331346201538797,-0.04475006438806643,0.012641184668680453,-0.04349607947297379,-0.019980959880778835,1.0,3.0815394475803473,22.0,3.1014,10000.0,5000.0,5000.0,190480.0,190480.0,190480.0,0.0,4.0,6.2329603e7,58.458392292,168.34841918945312
49.38254119937305,51.07965138800812,9.311641148323897,10.356275379283234,0.020930434690614313,34.86821440955422,9.42215250935201,1.8070624923900627,1.1832313648751505,0.011662089546982009,-0.32415967871748874,0.020942988860731468,0.037140413163810344,-0.13004561294159675,-0.08430812663248258,-0.014482903409361243,-0.04663596069842751,-0.0038936800314474124,1.0,3.0760219420088175,23.0,3.106,10000.0,5000.0,5000.0,197497.0,197497.0,197497.0,0.0,4.0,6.25271e7,58.458392292,168.34841918945312
49.521942731905774,51.32763765386873,9.146722120372003,10.37547403090519,0.03862722544289542,34.34720821235297,9.6787085681233,1.902334826106963,1.1788344773387798,0.013144935105555079,-0.3248802563152021,-0.004710595059071136,0.013558301007750854,-0.15220343040938533,-0.0506931044575391,-0.00019216061385816482,-0.03801276296074577,0.020270150390560935,1.0,3.1031109652201416,24.0,3.0258,10000.0,5000.0,5000.0,193185.0,193185.0,193185.0,0.0,4.0,6.2720285e7,58.458392292,168.34841918945312
49.50855576093713,51.7470463803119,9.098896814928375,10.496134690951575,0.010012376534196994,33.75764715366453,9.734945885793454,1.8747727607856735,1.1259784146564433,0.05492136685993711,-0.28056748334997306,0.03899428570408908,-0.019655898353831313,-0.1355641335736136,0.04920176999425552,-0.004767713823899817,-0.05877319772540874,-0.01244580059122947,1.0,3.063085380335408,25.0,3.0608,10000.0,5000.0,5000.0,190268.0,190268.0,190268.0,0.0,4.0,6.2910553e7,58.458392292,168.34841918945312
49.891657605545205,51.85841453433168,9.247165349956157,10.185382736191853,0.0025364706061431473,33.181342217091434,9.737616269993667,1.859418485975508,1.154511125552787,0.05182892038811851,-0.3179789179998074,0.030112979121405682,0.04002716340150077,-0.14192767644770038,-0.033774821556207396,-0.005418497871259212,-0.053358448687251266,-0.003611369890975707,1.0,3.0924657542876113,26.0,3.0382,10000.0,5000.0,5000.0,189236.0,189236.0,189236.0,0.0,4.0,6.3099789e7,58.458392292,168.34841918945312
50.450078904221776,51.62748974277355,8.973264043422324,10.42017390863846,-0.01696503387377571,32.694393631172964,9.472956448630224,1.8521041555813818,1.1675086485807045,-0.013256747962879328,-0.30428353065262764,0.003620032994607497,0.05205628640721725,-0.1249188222763556,-0.08036302023839864,-0.007034276658270885,-0.03419328718277484,-0.039258502866531236,1.0,3.1123478840713465,27.0,3.0642,10000.0,5000.0,5000.0,190374.0,190374.0,190374.0,0.0,4.0,6.3290163e7,58.458392292,168.34841918945312
50.267117854835696,51.94275221608359,8.861112376311048,10.479024186644349,-0.004549220507891158,32.22539490400739,9.307112791428127,1.8893015256485832,1.1724260705109162,0.04619989187172091,-0.28593768096871747,0.00823034824339504,-0.026999288991411165,-0.09262716266447542,-0.03580002169836678,0.025859340367990785,-0.053540742352495986,0.006070201844226034,1.0,3.104595162530237,28.0,3.0776,10000.0,5000.0,5000.0,187101.0,187101.0,187101.0,0.0,4.0,6.3477264e7,58.458392292,168.34841918945312
50.77480187107103,52.25649202193977,9.082773227605976,10.53407238528056,0.0059441832157450525,31.4930387817323,9.651840425447915,1.826408183120376,1.117223751055045,0.031021283503374925,-0.2521585412156933,0.0054255277412251545,0.011531191674077575,-0.14156138373418609,0.0026496908904696994,-0.0005300522223352838,-0.03438033616420527,0.009432181202575432,1.0,3.1609991090964655,29.0,3.1034,10000.0,5000.0,5000.0,195440.0,195440.0,195440.0,0.0,4.0,6.3672704e7,58.458392292,168.34841918945312
50.82419243624616,52.628568972966974,9.000430837257301,10.395117363075546,-0.01087587070573151,31.286353269202408,9.605976589320976,1.8531070138144312,1.1777763019287124,0.05496669421901816,-0.3303780331179888,-0.008422838885449235,0.00019385063170839146,-0.10133283689642228,-0.03254308927424,-0.005426827667383484,-0.07447755232951707,-0.008744877196872664,1.0,3.18212140873692,30.0,3.1814,10000.0,5000.0,5000.0,195610.0,195610.0,195610.0,0.0,4.0,6.3868314e7,58.458392292,168.34841918945312
51.36339104722583,52.576526676661565,9.121113703069666,10.202111487394417,-0.015157566968893532,30.657525753580668,9.789679143746554,1.9168390185691753,1.154208023504443,-0.002163515171723994,-0.3035587238194752,0.0024417053453129824,-0.0009881963102907208,-0.12771321413450176,-0.005331226429318489,0.009675402018517795,-0.02292172445896943,0.0020739554997546024,1.0,3.1731544414117487,31.0,3.1894,10000.0,5000.0,5000.0,188328.0,188328.0,188328.0,0.0,4.0,6.4056642e7,58.458392292,168.34841918945312
50.992917140698516,53.134020273602474,9.075863096356509,10.55041703068314,0.00409002557007592,30.012044295194745,9.520264421434154,1.9069347668624486,1.1982085721248816,0.0698562134229694,-0.3188858367629153,0.003599134310537268,-0.03692204784483076,-0.1339859427031746,-0.04365067727528036,-0.010675521429444392,-0.03639912394342402,-0.020338524394459528,1.0,3.1620801153906894,32.0,3.1844,10000.0,5000.0,5000.0,191746.0,191746.0,191746.0,0.0,4.0,6.4248388e7,58.458392292,168.34841918945312
51.28910559733598,53.1353988080424,8.934209516272992,10.373755368511699,0.010501331214042347,29.606183647350274,9.564633494732794,1.7353831538207811,1.1162282720848304,0.03367054936506168,-0.2622638868316835,0.0073201532159797335,0.018516020996082194,-0.1141102728676062,0.01145685349821735,-0.01207232832224043,-0.02812888643876325,0.02475413519162971,1.0,3.1592318879871613,33.0,3.1574,10000.0,5000.0,5000.0,196178.0,196178.0,196178.0,0.0,4.0,6.4444566e7,58.458392292,168.34841918945312
51.576252139113016,53.260909529052746,9.101537122896643,10.223800579389257,-0.02623428562959242,29.28066842586041,9.537247578455913,1.833550221651613,1.174434040051612,0.030537323054234768,-0.3031123488646588,-0.008004745715328342,0.008292735959008332,-0.12379633932330934,-0.052575781601227924,0.023265415670041763,-0.025713151116067288,-0.017255007928861286,1.0,3.148970178277174,34.0,3.1268,10000.0,5000.0,5000.0,197851.0,197851.0,197851.0,0.0,4.0,6.4642417e7,58.458392292,168.34841918945312
51.50696652152178,53.32043781856543,8.977388429138793,10.546596030128788,-0.009079217104589612,28.70046271674694,9.462266445466545,1.8505016556138925,1.2026745224422288,0.046822929514113834,-0.29251888565859085,0.01656309503737652,-0.03756584270211018,-0.12828927358009212,-0.07744041617855846,-0.00411167542047293,-0.03987344423417626,-0.007089832663735697,1.0,3.16102454062187,35.0,3.1082,10000.0,5000.0,5000.0,194626.0,194626.0,194626.0,0.0,4.0,6.4837043e7,58.458392292,168.34841918945312
51.535890972268916,52.755355427426935,9.084143574556425,10.506511060610539,0.00243205974915848,28.078535898500494,9.329465935780087,1.8752218932571112,1.1822258554862786,0.03255017814424852,-0.31304599512785186,0.010714835424600982,0.01254964524992297,-0.1165192636343164,-0.06610897356924779,0.0015103228854707546,-0.02199437414973025,0.00372895486584617,1.0,3.1912261909037833,36.0,3.1886,10000.0,5000.0,5000.0,191006.0,191006.0,191006.0,0.0,4.0,6.5028049e7,58.458392292,168.34841918945312
51.94433688076798,52.9742550598728,8.999687328223668,10.33453750456686,-0.01577115800053895,27.855659202796943,9.294571124482164,1.8002470958778207,1.1898513576868752,0.014775502129317376,-0.3115639293889803,0.0003251761589942124,-0.039774230786704584,-0.12577052309065423,-0.0291066085987696,0.006372564528282713,-0.041298820940013484,0.016881261730190132,1.0,3.1744336403797826,37.0,3.1666,10000.0,5000.0,5000.0,192170.0,192170.0,192170.0,0.0,4.0,6.5220219e7,58.458392292,168.34841918945312
51.89930867257916,53.1922820607516,8.832419235862115,10.151179779850036,0.017905388391063818,27.45955309098488,9.34085742827414,1.910010047263656,1.1715745045928185,0.04019918645146808,-0.32346781192896923,-0.014877652704995609,-0.005744282235196057,-0.08771193841623555,-0.01723989268988565,0.018212251330080916,-0.026888977320110717,-0.026205244520556854,1.0,3.131050840261794,38.0,3.1798,10000.0,5000.0,5000.0,191514.0,191514.0,191514.0,0.0,4.0,6.5411733e7,58.458392292,168.34841918945312
52.02704599144463,53.21980212601745,8.775167489968172,10.292368056718429,-0.004398904153962715,27.171315831104152,9.295177071837491,1.8212371338847166,1.1623466470145374,0.057029083178476936,-0.3014117363136513,0.0049399403236601875,-0.01241226888558534,-0.1300598305596122,-0.010361837118736169,0.024118797018366982,-0.02623356492468574,-0.021259477066295655,1.0,3.1511719859743668,39.0,3.1934,10000.0,5000.0,5000.0,187582.0,187582.0,187582.0,0.0,4.0,6.5599315e7,58.458392292,168.34841918945312
52.37157607007691,53.32065680054904,8.868850199547811,10.27458351928098,-0.014141482151469412,26.505534981131408,9.47387861949448,1.8339406699510306,1.1550125841445504,0.023001505736185354,-0.3080819178183075,0.023387162602336902,0.03316689958838945,-0.13424435221173242,-0.03498598073748326,0.01715319707394723,-0.007677960420572412,-0.0003818649029411567,1.0,3.1475334728037137,40.0,3.177,10000.0,5000.0,5000.0,190059.0,190059.0,190059.0,0.0,4.0,6.5789374e7,58.458392292,168.34841918945312
52.54888351176819,53.62674283940268,8.68861829168285,10.418695883696222,-0.004741827684244561,26.183690391648707,9.529134810438912,1.8862251767756442,1.161619087799798,0.023544500339277144,-0.3073498583565672,-0.0013714413763766657,0.014771965710753666,-0.10434919714948122,-0.030402451670662505,0.009664037464058346,-0.03810463715906698,-0.007943607786830007,1.0,3.1446962187241163,41.0,3.1786,10000.0,5000.0,5000.0,191686.0,191686.0,191686.0,0.0,4.0,6.598106e7,58.458392292,168.34841918945312
52.653142607737195,53.35677707018088,8.731119267477933,10.348799422312448,0.022627815854841735,26.04088063287533,9.588005552491879,1.8254193296726378,1.1682263400013364,-0.01819344800268201,-0.3046582383280074,0.004000074016346681,-0.02143550630420932,-0.0785900823076277,-0.01160145552936688,0.008946540683726668,-0.02236383348009457,-0.006845699819360063,1.0,3.1615736995280157,42.0,3.127,10000.0,5000.0,5000.0,193200.0,193200.0,193200.0,0.0,4.0,6.617426e7,58.458392292,168.34841918945312
52.680585476993606,53.513884017739024,8.82035192940229,10.465662690124264,-0.000979242053282284,25.59880186114306,9.503696930673506,1.9478630557774788,1.1495600575429945,-0.027780143668825297,-0.28214636837150053,-0.012424076728859037,0.034418997433534486,-0.08320754076989464,-0.052507356214448464,0.033101730598327155,-0.028298172509260824,0.0028881512343869853,1.0,3.160828439943812,43.0,3.1106,10000.0,5000.0,5000.0,191346.0,191346.0,191346.0,0.0,4.0,6.6365606e7,58.458392292,168.34841918945312
52.51385542261522,53.36752830318052,8.89258288377767,10.285112394613341,0.005719828760017146,25.31882647688344,9.30595493197724,1.8249087669998998,1.169775514980034,0.016133340255443242,-0.3214359617581022,0.030776156221508567,0.02097542110901898,-0.08272711300160888,-0.04239737994415591,-0.015320735969647009,-0.040644152316295555,-0.008054157716440491,1.0,3.109917945576045,44.0,3.1302,10000.0,5000.0,5000.0,195267.0,195267.0,195267.0,0.0,4.0,6.6560873e7,58.458392292,168.34841918945312
52.54898812797899,53.70348025323816,8.686711480312708,10.025455452948838,-0.0017945215666393458,24.998267899220533,9.207141706464558,1.8968212491725533,1.170887047970187,0.01763869838287415,-0.33511863325258145,-0.018251480522857196,0.027646627111002266,-0.10457722317142026,-0.03579504289739311,0.009190323588271668,-0.02045397532369872,-0.0024084631794823916,1.0,3.082178420478631,45.0,3.1016,10000.0,5000.0,5000.0,189287.0,189287.0,189287.0,0.0,4.0,6.675016e7,58.458392292,168.34841918945312
52.689652993631505,53.63880274991004,8.616238850905312,9.925442958295296,0.020413791005473695,24.705105008132918,9.423600321652216,1.7939977829852287,1.1951752765241084,0.00790045345964421,-0.33101442959352,0.013075608147222454,0.010460996940817122,-0.06741265288469617,-0.07269154388034639,0.017719899429497286,-0.03395103931141343,0.0395001218684007,1.0,3.09063410575878,46.0,3.0776,10000.0,5000.0,5000.0,195579.0,195579.0,195579.0,0.0,4.0,6.6945739e7,58.458392292,168.34841918945312
52.84931771788385,53.570129422830135,8.480177581693134,9.884389695163508,0.030949984890135708,24.60353798706262,9.329313603685174,1.867347571353294,1.1865954181979288,0.02568565859126848,-0.3102369357913161,-0.021559505004359554,0.009974589835081829,-0.07724549296173318,-0.07295290066262675,-0.008514072036185516,-0.007964614832019028,0.002600588720796142,1.0,3.0787069997838286,47.0,3.0758,10000.0,5000.0,5000.0,193549.0,193549.0,193549.0,0.0,4.0,6.7139288e7,58.458392292,168.34841918945312
52.89913298260253,53.71977943852509,8.692270306202555,9.788281687407139,-0.005481342705961661,24.16698149581267,9.286866066714527,1.8280047072358652,1.1862207182313422,-0.015055821928930664,-0.358918355432474,0.0036259532420927737,-0.011790157758409038,-0.08976048602988063,-0.004865903677042694,-0.004716159533476871,-0.05102052015301465,-0.008493714679596424,1.0,3.0798438775892514,48.0,3.0726,10000.0,5000.0,5000.0,196729.0,196729.0,196729.0,0.0,4.0,6.7336017e7,58.458392292,168.34841918945312
52.81151547502221,53.72202840293318,8.43869237852563,9.944484969807146,0.00885679162834796,23.807335827641225,9.442749293065456,1.887958394212113,1.158143960885734,0.014064103055200873,-0.28475290348570964,0.03108784540532315,0.006409889785240805,-0.09820889412463472,-0.03845109155877891,0.016574872064625153,0.01898082447827301,0.01745884389766646,1.0,3.0152399149470015,49.0,3.0438,10000.0,5000.0,5000.0,197194.0,197194.0,197194.0,0.0,4.0,6.7533211e7,58.458392292,168.34841918945312
53.09891739827432,54.20444119374417,8.74374935845858,9.84813699484818,-0.010470848197336366,23.374527478006016,9.10594929251901,1.9309964123152135,1.1331541101547975,0.013149191239237364,-0.33857721325873286,-0.006020983036471449,0.07088522045357828,-0.08851317139131769,0.0020163445210572817,-0.019409426453179026,0.003548830165051658,0.02991604913732586,1.0,3.021088580536307,50.0,3.0382,10000.0,5000.0,5000.0,193327.0,193327.0,193327.0,0.0,4.0,6.7726538e7,58.458392292,168.34841918945312
53.044961840093194,54.321933772677546,8.458430505999413,9.897929669775083,-0.008002216467295153,23.33944375179102,9.22106354559344,1.8080395785027978,1.1953642334774248,0.03176469620709416,-0.31587202493793315,-0.00418356505940172,-0.03156203881707218,-0.08022713512255875,-0.04553371223811375,-0.006905557376311641,-0.04043452964308025,0.020413352846462403,1.0,3.022439217609883,51.0,3.1076,10000.0,5000.0,5000.0,194496.0,194496.0,194496.0,0.0,4.0,6.7921034e7,58.458392292,168.34841918945312
52.86916758558664,54.392234288477944,8.54623378085044,9.974186659718862,0.020564966170207224,23.012538624614653,9.238240663070522,1.9722372349355761,1.1582536596875197,0.06861312663067833,-0.2813160467908541,-0.009756139571587597,0.011307645436011936,-0.09465877767977918,-0.048635011059394904,-0.004864993481113272,-0.03158508192709769,0.04163946592170773,1.0,3.0317831831284545,52.0,3.0428,10000.0,5000.0,5000.0,190072.0,190072.0,190072.0,0.0,4.0,6.8111106e7,58.458392292,168.34841918945312
53.13976174547281,54.18487709841351,8.509434339891193,10.07510382741004,0.014688853802680635,22.359317698416437,9.207661962789086,1.8492460891940883,1.1491258153753057,0.032931711523253505,-0.264409545750317,-0.015135302450137618,0.005121345075289962,-0.10703726374893276,-0.03986512369973596,-0.0034472943550849875,-0.02158367001555433,-0.012081172557695656,1.0,3.045558061267655,53.0,3.0554,10000.0,5000.0,5000.0,192476.0,192476.0,192476.0,0.0,4.0,6.8303582e7,58.458392292,168.34841918945312
53.41122440860833,54.305290055400945,8.635317317301254,9.970894293248515,0.025087083482547807,21.957911034251758,9.052859174596321,1.8310931033760873,1.176068480024404,0.02876593199100964,-0.31077454446023334,0.031419137902041976,-0.003296574666854818,-0.0653886046635568,-0.03885676990096342,-0.01615484390962764,-0.04389461103508609,0.014560451794312142,1.0,3.0742493022550015,54.0,3.03,10000.0,5000.0,5000.0,196016.0,196016.0,196016.0,0.0,4.0,6.8499598e7,58.458392292,168.34841918945312
53.454904584156026,54.42756731884368,8.46331139445411,9.870184628230078,-0.01681157422593786,21.68160245011451,9.176688365326726,1.831138310982125,1.184472774922263,0.01892006828070638,-0.30154332024757197,0.012501492740733922,-0.03327035330825386,-0.09406049853402469,-0.03390497020402399,0.01571421081359272,-0.005953087234551169,-0.021383726364041265,1.0,3.13155663114452,55.0,3.0752,10000.0,5000.0,5000.0,195964.0,195964.0,195964.0,0.0,4.0,6.8695562e7,58.458392292,168.34841918945312
53.62277155625831,54.545344107350346,8.491872672997943,9.96128232141302,-0.017416476740494166,21.517709339975433,9.167054661023787,1.866419933843872,1.1763573328130372,0.039745012907545695,-0.3319248298605337,0.008269313419218277,-0.00020051338692224412,-0.047056239241494595,-0.01948067762474785,0.03562170161469656,-0.013354342857877607,-0.02520884601351027,1.0,3.113659689006295,56.0,3.104,10000.0,5000.0,5000.0,190620.0,190620.0,190620.0,0.0,4.0,6.8886182e7,58.458392292,168.34841918945312
53.5023037564402,54.70497177770257,8.509884885529946,9.96071275777962,0.018039398639621382,21.3415578071658,9.131729556774348,1.837862538911129,1.166390787247669,0.04682565607894821,-0.315645830651977,-0.011332109024798967,0.02675578267117807,-0.08410000425393041,-0.04391438914055997,-0.0024020096058882854,-0.006155611311615722,-0.0020912437759761666,1.0,3.114991262533476,57.0,3.1088,10000.0,5000.0,5000.0,189908.0,189908.0,189908.0,0.0,4.0,6.907609e7,58.458392292,168.34841918945312
53.91519902632086,55.084062312863324,8.512645348327089,10.032080665158613,-0.0009097234007725341,21.36594278963245,9.08614044115855,1.8186676482973856,1.1692649368374375,0.03550234062968264,-0.28598078765649254,-0.013896140026766047,-0.01720212089819304,-0.09169013709259595,-0.03466152931391868,0.013446803135884448,-0.03722951617274405,0.03202470647310832,1.0,3.145183072993841,58.0,3.1942,10000.0,5000.0,5000.0,195544.0,195544.0,195544.0,0.0,4.0,6.9271634e7,58.458392292,168.34841918945312
54.277446100877526,55.093136890835666,8.604165938673006,10.023198520918692,-0.01062670515091554,20.984836926070567,8.975874002364256,1.8883945217555997,1.1480846248115268,0.0430166664806466,-0.2607500758397242,-0.00824915793527113,-0.0002996823980742775,-0.07211927162025282,-0.03462618989538349,0.0036071429638364206,-0.021628531717838528,0.001758866291465255,1.0,3.1507992164757335,59.0,3.1722,10000.0,5000.0,5000.0,194553.0,194553.0,194553.0,0.0,4.0,6.9466187e7,58.458392292,168.34841918945312
54.46470708761097,55.374515705505594,8.441704322722165,9.99382018025384,-0.010002527092583988,20.89887085517846,9.072732129497316,1.7984120303106774,1.157106370863944,0.03512370758542974,-0.28900810411577055,0.013112114652517222,0.0257016566977102,-0.09213168274358592,-0.05093563047836609,-0.0014516598722485652,-0.007761115021735709,-0.011956560776699437,1.0,3.16908178491401,60.0,3.2008,10000.0,5000.0,5000.0,194039.0,194039.0,194039.0,0.0,4.0,6.9660226e7,58.458392292,168.34841918945312
54.7452222242255,55.38525076800599,8.402037051870062,9.80279313270222,0.00809395037682927,20.75520543370012,9.100398019744308,1.8775773403176275,1.1510685218274985,0.030109937098011963,-0.2683918748752811,0.003897091612660716,-0.011083112910435625,-0.12826749286341702,-0.022150364654022238,-0.018629128603535692,-0.02910911626548158,0.0002953710561001352,1.0,3.1783475628255213,61.0,3.1894,10000.0,5000.0,5000.0,196267.0,196267.0,196267.0,0.0,4.0,6.9856493e7,58.458392292,168.34841918945312
54.962395380557005,55.70714514499651,8.671300960796454,10.128462792527717,0.005578390283369748,20.446740865717526,8.957032808106625,1.8465509182481268,1.167540541438591,0.03581134690228297,-0.30576549036951695,-0.012512143974992333,-0.00030137146461321697,-0.04181926255722247,-0.029609887021004314,-0.013450467200734902,-0.013712292922087303,0.038161315632593965,1.0,3.188311556763498,62.0,3.175,10000.0,5000.0,5000.0,197285.0,197285.0,197285.0,0.0,4.0,7.0053778e7,58.458392292,168.34841918945312
55.025326513861444,56.194947611947825,8.606248101820432,9.983127719879308,0.0007947298774169528,20.12629796035232,9.074694901563342,1.8492688670438486,1.151650347296027,0.04175976938921357,-0.29289282215780166,-0.008945944198533203,0.0044458553745732364,-0.08898906076126975,-0.015202259440172332,-0.017032045151970723,-0.0012484924487356633,0.01660704614194476,1.0,3.1835539499897725,63.0,3.1518,10000.0,5000.0,5000.0,189945.0,189945.0,189945.0,0.0,4.0,7.0243723e7,58.458392292,168.34841918945312
55.15439892567857,56.38798644900215,8.579622161227126,10.270761688276135,-0.027823196051186997,19.76704222564512,8.983298607816883,1.8790476365634399,1.1745550638394446,0.026960245709741346,-0.2916125918923095,0.012355487042191986,0.006478985951385578,-0.08543756812410991,-0.06352461281884465,0.024109415719533248,-0.02885575422849278,-0.02117756709039116,1.0,3.1717929574668564,64.0,3.236,10000.0,5000.0,5000.0,194306.0,194306.0,194306.0,0.0,4.0,7.0438029e7,58.458392292,168.34841918945312
55.49713532051427,56.13560540465713,8.583117265439263,10.139290938418126,-0.0051444917202708475,19.588147597879715,8.993287366012577,1.8270290274919583,1.1613756761010043,0.0009460954980540571,-0.2821907471148157,0.0028678446291500698,0.01743412666000062,-0.08421064543010474,-0.06097939065452347,-0.0041290033732482275,-0.0317154509951042,-0.03973378212507736,1.0,3.1904788811360647,65.0,3.1432,10000.0,5000.0,5000.0,192306.0,192306.0,192306.0,0.0,4.0,7.0630335e7,58.458392292,168.34841918945312
55.31708077311264,55.84975965765069,8.609689764940153,10.18922386704606,-0.010414354716884714,19.33367710748186,8.778335960559156,1.8394736479380493,1.143587780899239,0.0001664830086976082,-0.29732318433825927,-0.017049520241975726,0.022955649574158778,-0.1014713822276444,-0.01674003947578886,-0.0005504728360400299,-0.038698158859283356,-0.025114802083632863,1.0,3.152616547489935,66.0,3.1112,10000.0,5000.0,5000.0,194082.0,194082.0,194082.0,0.0,4.0,7.0824417e7,58.458392292,168.34841918945312
55.55176794647045,55.99375181559583,8.883450166414992,10.144074205797613,0.005428746675547736,18.849668139507454,8.93810131242087,1.8060436013583625,1.1830346162684857,-0.001511132847517977,-0.2924774031281363,-0.03448880093687672,-0.0292522159176518,-0.0449981420359312,-0.045272104828500914,-0.019016054368826533,-0.01218786235619892,-0.0010666938890433993,1.0,3.130261781834261,67.0,3.2228,10000.0,5000.0,5000.0,193650.0,193650.0,193650.0,0.0,4.0,7.1018067e7,58.458392292,168.34841918945312
55.646438861119236,55.96647890952957,8.559106411931651,9.912758149621757,-0.002467448632853448,18.654020109365245,8.979223999850596,1.8063269210330541,1.1759990517534313,-0.025356731334523333,-0.30213127555130337,-0.008197514270866867,-0.014156910064476853,-0.07391919572475293,-0.035332312810397344,-0.012627128057356133,-0.04027499441385733,0.014695149992321794,1.0,3.0886793183963928,68.0,3.0836,10000.0,5000.0,5000.0,194000.0,194000.0,194000.0,0.0,4.0,7.1212067e7,58.458392292,168.34841918945312
55.36458131685619,55.967207485456626,8.51373768517254,9.841804339521193,0.01130784139888823,18.40591569660451,8.900511607527806,1.7883205293210007,1.1896420700927806,-0.0010436871659803794,-0.30394182959056276,-0.013253362463547773,0.00278985172499355,-0.05957293583956653,-0.07846707943980658,-0.00830640007451976,-0.01580885440256201,0.006728422657577503,1.0,3.11117892827894,69.0,3.0732,10000.0,5000.0,5000.0,198791.0,198791.0,198791.0,0.0,4.0,7.1410858e7,58.458392292,168.34841918945312
55.60530041763319,55.893802794501674,8.414131192388774,9.483661067787903,0.002981593640557029,18.137378933825993,8.704361106947196,1.8903582807007075,1.1588050544847273,-0.01490233332578615,-0.305798268169303,0.017816962338841107,0.03326493517869751,-0.06569597899789947,-0.04480401804206037,0.002026468740928853,-0.014146733953464042,0.012516853155913502,1.0,3.187926377333149,70.0,3.1366,10000.0,5000.0,5000.0,197861.0,197861.0,197861.0,0.0,4.0,7.1608719e7,58.458392292,168.34841918945312
55.551129066105304,55.67453122481246,8.511165925849506,9.8411121880572,-0.016728337827976492,17.925430554214575,8.848889457803715,1.8483320213117727,1.145971665496795,-0.0016240508042032861,-0.29100445880165227,0.001282278910056303,0.006707601360584726,-0.07888369163256384,-0.009364709973079453,-0.015485238918154842,-0.048968913836954744,-0.014234100644043164,1.0,3.184086016430723,71.0,3.1092,10000.0,5000.0,5000.0,193159.0,193159.0,193159.0,0.0,4.0,7.1801878e7,58.458392292,168.34841918945312
55.43774803173598,55.69033853846497,8.382806265730018,9.766125203701531,-0.0004194669625321928,17.58311693776092,8.79998451675805,1.842749242016541,1.156912945145691,0.0005595081487939611,-0.2935389581620805,-0.05087819695503346,0.02344851460468552,-0.09055752088291717,-0.04303175406414991,-0.012656758069214225,-0.021850930090045628,0.01371279191302778,1.0,3.1519328789963326,72.0,3.1344,10000.0,5000.0,5000.0,194660.0,194660.0,194660.0,0.0,4.0,7.1996538e7,58.458392292,168.34841918945312
55.54508465173214,55.94334524016106,8.341925825711426,9.806044479143349,-0.042538938757591814,17.461319768503845,8.800532091591085,1.8481561869635632,1.1739494468763914,0.007022798997502301,-0.32412400025052795,-0.010332432512887721,-0.017937302732288527,-0.087900357804006,-0.005991422718309585,0.00986654723238099,-0.028733390201617817,0.026264280486160536,1.0,3.1978455506347276,73.0,3.1078,10000.0,5000.0,5000.0,194284.0,194284.0,194284.0,0.0,4.0,7.2190822e7,58.458392292,168.34841918945312
55.67436107193403,56.02503390236539,8.237087260741056,10.024278949712786,0.0018794499556700145,17.161224729652133,8.636586476739213,1.8448119279616189,1.1611217516567311,-0.031060293253876787,-0.25318217595696696,-0.01607652160019047,-0.03502477810965759,-0.088885354433654,-0.03365544161020541,-0.01706179300179099,0.018283687417639617,-0.03855342214718754,1.0,3.175292044825226,74.0,3.1946,10000.0,5000.0,5000.0,197538.0,197538.0,197538.0,0.0,4.0,7.238836e7,58.458392292,168.34841918945312
55.56054527098229,55.719026824006335,8.386979368455103,10.006438655407832,0.017169374335693818,16.93078192854022,8.879935347986153,1.837926989897209,1.1629484785994415,-0.015673848324516872,-0.32955803295309594,0.002992893268894815,0.01912503780321489,-0.04313886247612558,-0.014881175359862981,-0.0018806915337308385,-0.022581750371981554,-0.005933211139888123,1.0,3.12814946014395,75.0,3.1236,10000.0,5000.0,5000.0,198100.0,198100.0,198100.0,0.0,4.0,7.258646e7,58.458392292,168.34841918945312
55.34963200246045,56.04858396238284,8.222310023627552,9.849548979076284,-0.0014753515550671628,16.39679396207709,9.03046610675626,1.859518269262265,1.1510394331204323,0.03525225393394237,-0.28997484192817574,-0.008950566359886194,0.04691521606221579,-0.06351005594316245,-0.05718144148878207,-0.0020184329262257356,-0.010827409369924119,-0.020918262594846755,1.0,3.167269187753142,76.0,3.0542,10000.0,5000.0,5000.0,190572.0,190572.0,190572.0,0.0,4.0,7.2777032e7,58.458392292,168.34841918945312
55.6579879602507,55.869476605414214,8.210674564717333,9.945182260949908,0.0004613533618985966,16.304706102832434,8.592789763752192,1.853556544324161,1.1650037770940258,-0.004377532668436711,-0.28893742262201183,0.007025598308795533,0.014579951813643391,-0.05245231262350159,-0.05559289227460119,0.004046821620532261,-0.03858736753974396,0.004440707733262782,1.0,3.152486938923387,77.0,3.098,10000.0,5000.0,5000.0,193646.0,193646.0,193646.0,0.0,4.0,7.2970678e7,58.458392292,168.34841918945312
55.49073238059275,56.07270194081513,8.003865466729629,9.86068959810402,0.008868921526275577,16.339685889193515,8.657238683193828,1.7872007776091796,1.144459467283153,-0.008466518094449193,-0.292232760963591,0.0034251120564169958,0.013878540448664111,-0.04527077363535578,-0.009552384854717912,0.018693779074042672,-0.0078949281985449,-0.03191122754057642,1.0,3.1274520808575295,78.0,3.1204,10000.0,5000.0,5000.0,195844.0,195844.0,195844.0,0.0,4.0,7.3166522e7,58.458392292,168.34841918945312
55.563604848658386,56.11443554393156,8.222296310211865,9.961748017219737,-0.027413758540112486,15.867487081355089,8.807063365589919,1.8420725442592658,1.1125703415077097,-0.01800040390725997,-0.23428619415944332,0.026697975467921086,0.027842588559820605,-0.08195738989384163,-0.017061286093689797,0.03698533768622606,-0.00964181593834529,-0.02637320209428824,1.0,3.076959888853624,79.0,3.1792,10000.0,5000.0,5000.0,193381.0,193381.0,193381.0,0.0,4.0,7.3359903e7,58.458392292,168.34841918945312
55.392119939178336,56.1991441587019,8.224040207496433,10.024745113479925,-0.009201664180913572,15.739568434488387,8.671764955361057,1.7348000941102977,1.202965140443939,-0.005382050901993455,-0.30534134440745114,0.00489934414397085,-0.04398137003343303,-0.043589481044062704,-0.05740097797479873,-0.023341840204882343,-0.021536354155206966,0.007792928768675789,1.0,3.0822048724879147,80.0,3.1088,10000.0,5000.0,5000.0,201372.0,201372.0,201372.0,0.0,4.0,7.3561275e7,58.458392292,168.34841918945312
55.29772231345843,56.53357224519472,7.971147016714566,10.21200099009702,-0.010284927415220102,15.529445745734423,8.656381514459854,1.743197085785874,1.1611657566006117,0.04644923353056331,-0.275821670545482,0.03012620055590988,-0.01088611422923533,-0.0340915004185997,-0.03596764206026208,0.023650420451790517,-0.021936505102657537,0.004617284630792817,1.0,3.1080225506388452,81.0,3.0804,10000.0,5000.0,5000.0,197574.0,197574.0,197574.0,0.0,4.0,7.3758849e7,58.458392292,168.34841918945312
55.36047431861255,56.46249805084453,8.046793436696131,10.189282442220602,0.007714570246900174,15.394597789772707,8.777789254906562,1.8765424866652316,1.1861674269072315,0.03491218726590038,-0.3052791329713673,-0.060004034563043054,-0.05973433861993418,-0.07722755079776861,-0.007564482119174927,-0.00013071283902295455,-0.004230896742852155,0.002050946611049295,1.0,3.1022232724768815,82.0,3.1236,10000.0,5000.0,5000.0,194474.0,194474.0,194474.0,0.0,4.0,7.3953323e7,58.458392292,168.34841918945312
55.648970507561764,56.765293758108,8.070410427201825,10.094616179189366,-0.002168975091911388,15.2624536319859,8.826542096372316,1.8468687416499765,1.1405705300959474,0.03816349587071114,-0.26938419304312883,-0.0233030937553956,-0.012568625891420292,-0.03123013350305235,0.0006834997209670694,0.021264441223867826,-0.004165049922106142,0.03669648411109852,1.0,3.0689712102962696,83.0,3.101,10000.0,5000.0,5000.0,195597.0,195597.0,195597.0,0.0,4.0,7.414892e7,58.458392292,168.34841918945312
55.72706403841388,56.624482761920966,8.016458603253028,9.979630088342576,-0.0036277345294340496,15.190989992160885,8.953987421498375,1.8648914287667218,1.128323375937659,0.04140033557841939,-0.24856862788835793,-0.02947007446787715,0.03061870149775759,-0.031189401797962063,-0.0392929393440457,-0.00804561863079914,-0.006132664914580374,-0.02177631416858414,1.0,3.0538454895827565,84.0,3.0976,10000.0,5000.0,5000.0,191856.0,191856.0,191856.0,0.0,4.0,7.4340776e7,58.458392292,168.34841918945312
56.046097498140185,56.611052848092726,8.071374067384404,10.101910242858457,0.023989062659954877,15.314511068493344,8.915554887920356,1.7937462837952205,1.1585355117024387,0.015060743295447734,-0.26195586750837113,0.012655323819937852,0.010122315836161112,-0.08073986070559959,-0.06549804861889579,0.00037153162694192354,0.009910195550140513,0.0009870024811452311,1.0,3.0916557720009488,85.0,3.1024,10000.0,5000.0,5000.0,192480.0,192480.0,192480.0,0.0,4.0,7.4533256e7,58.458392292,168.34841918945312
55.8969927429995,56.76559365714826,8.22742216784997,9.896129106391086,0.012004063177670384,15.087580882885826,8.797354811535692,1.8303362865752366,1.1570129963877729,0.022982990930894735,-0.28165873508695605,0.019173823185152112,0.01740706256347712,-0.05216469662074924,-0.049368146944316765,-0.00457426827802171,-0.005341639165951367,-0.004887196932518961,1.0,3.1046307504880053,86.0,3.1258,10000.0,5000.0,5000.0,196742.0,196742.0,196742.0,0.0,4.0,7.4729998e7,58.458392292,168.34841918945312
56.13278900506181,56.73138201122135,8.19414845440989,10.059758943140194,-0.0014349106573579625,14.83041441579881,8.696356603469152,1.8406664202360805,1.1287610149247242,-0.023158071403455657,-0.2595292480946571,0.01947937521055034,0.008090965692015381,-0.08356929185586662,-0.005679535472011097,0.03882498021119414,-0.026883024354471232,0.011929864812254175,1.0,3.1346581313064577,87.0,3.1048,10000.0,5000.0,5000.0,196332.0,196332.0,196332.0,0.0,4.0,7.492633e7,58.458392292,168.34841918945312
56.34780771230317,56.65081017296354,8.206369661977162,9.875455933630096,-0.0053093815209549955,14.926835177548229,8.621032252898141,1.7584853656152857,1.2052433157135103,0.010002840251824822,-0.31923469086057565,0.001408638918491326,-0.016717353132700643,-0.07844319738970067,-0.07596608093582691,-0.0015041429220550944,-0.03464924464900432,-0.018007481040119917,1.0,3.103210570603531,88.0,3.1238,10000.0,5000.0,5000.0,198372.0,198372.0,198372.0,0.0,4.0,7.5124702e7,58.458392292,168.34841918945312
56.06149076766774,56.59610282597691,8.325772333106526,9.725129232953377,-0.0009751466298109697,14.661358674949241,8.716879193088156,1.7785970485794318,1.1757751252067061,0.024302121057621872,-0.30122973088187827,-0.011994460683082627,0.013354040475030395,-0.058160606114405995,-0.06352746738896567,0.0015711338481151705,-0.016358838935616633,-0.00030178085383524684,1.0,3.0882881699097013,89.0,3.0726,10000.0,5000.0,5000.0,196729.0,196729.0,196729.0,0.0,4.0,7.5321431e7,58.458392292,168.34841918945312
56.21158388603182,56.918132824858255,8.128087981194394,9.770178688927514,-0.017335016069747973,14.588727884872421,8.739053730099496,1.8381208665597781,1.1522774328863379,0.033707819928394334,-0.30379702533874253,-0.05017559865932349,0.04487194871354356,-0.04969999414306709,-0.046419953750301036,-0.0203367602048296,-0.008526510830070135,0.025744896339815145,1.0,3.084530544455011,90.0,3.1556,10000.0,5000.0,5000.0,197570.0,197570.0,197570.0,0.0,4.0,7.5519001e7,58.458392292,168.34841918945312
56.405608678772396,57.028764645209606,8.00738827374369,9.941887102837468,0.00750994161575355,14.562019256239676,8.700523286852036,1.8460614496512329,1.179594320613331,0.008811250939298696,-0.26471680125975605,-0.002713545605299362,-0.0037986645218412224,-0.0309314343036791,-0.09116556869521059,-0.0119287937214942,0.01049733348343091,0.009191006695915315,1.0,3.1171725652505318,91.0,3.0878,10000.0,5000.0,5000.0,197575.0,197575.0,197575.0,0.0,4.0,7.5716576e7,58.458392292,168.34841918945312
56.41199974885502,57.27326744255144,8.020521984505354,9.944315694487315,0.01791351576337804,14.455086456938856,8.736831433898441,1.8110479391435585,1.1276843808354522,0.03852612749215074,-0.25545992677652735,-0.045375783036851726,0.032659654324860135,-0.049816562294888296,-0.031907962796817915,-0.033757741061336374,-0.018322160076853305,-0.011054324453376894,1.0,3.12018892598529,92.0,3.1032,10000.0,5000.0,5000.0,197226.0,197226.0,197226.0,0.0,4.0,7.5913802e7,58.458392292,168.34841918945312
56.39233632232896,57.255830024470285,8.03012321184847,10.104185557986508,0.007549174913350521,14.016179096650717,8.783902445153311,1.8238743045939418,1.145604700513645,0.04071607349140541,-0.2794381327444689,0.017824651019223866,0.02295128877754004,-0.07266024313558408,-0.03423338984627093,0.03507287321040374,-0.024943430224581325,-0.0064047437986517524,1.0,3.1554188335276203,93.0,3.1124,10000.0,5000.0,5000.0,194035.0,194035.0,194035.0,0.0,4.0,7.6107837e7,58.458392292,168.34841918945312
56.455428309044486,57.35817606429687,8.008524309287358,10.006364984428833,0.0001588068637088746,13.979211834405334,8.829273692728508,1.7600834170865334,1.15941582220382,0.04527409883390569,-0.2831865106552291,-0.019570656054010243,-0.020277547263968708,-0.042237285329566235,-0.015285731715283222,-0.019800364564128932,-0.015629373761298162,0.0010400232120803563,1.0,3.1874548433524974,94.0,3.2142,10000.0,5000.0,5000.0,198576.0,198576.0,198576.0,0.0,4.0,7.6306413e7,58.458392292,168.34841918945312
56.730217568611934,57.27876042238234,8.106629753982821,9.887694815772178,-0.011071012066670915,13.849811320988593,8.820353636930065,1.8233224730213589,1.1576166883422756,0.027846610623272962,-0.29035928933244715,-0.02027104172595798,-0.003490214462598858,-0.05672294791649191,-0.022911190137246535,-0.014723306698619675,-0.025267730518320836,0.0026914840541050413,1.0,3.1638511610308218,95.0,3.1766,10000.0,5000.0,5000.0,198437.0,198437.0,198437.0,0.0,4.0,7.650485e7,58.458392292,168.34841918945312
56.88795937215723,57.62032853744759,8.05249030540461,10.014464933702143,-0.004522523882562153,13.873648660329255,8.658306961497658,1.8025169490135684,1.1281024115514982,0.033912942955974947,-0.23161562081216902,0.0292174668547994,0.010901514003682994,-0.030593529608038593,-0.036099131478086716,-0.01560767943974859,-0.021956528229460655,0.019237524775568716,1.0,3.1375869342104465,96.0,3.1954,10000.0,5000.0,5000.0,195502.0,195502.0,195502.0,0.0,4.0,7.6700352e7,58.458392292,168.34841918945312
57.03876442321257,57.45153135943309,7.947719668158325,9.745023130835229,-0.004718026226887426,13.639116553589224,8.634062181031178,1.7779987879093975,1.164889437267195,0.009224047372695977,-0.29224708847216235,-0.02283135287131353,-0.010553712716666497,-0.025919244690021725,-0.02748229735322651,-0.0018811147014406295,-0.011340182705929663,0.006778227201300626,1.0,3.160412306102448,97.0,3.1566,10000.0,5000.0,5000.0,199000.0,199000.0,199000.0,0.0,4.0,7.6899352e7,58.458392292,168.34841918945312
56.950339384794106,57.412814971909484,7.967634838773702,9.897852701808597,-0.020313689099622396,13.596534464427448,8.631320086821065,1.7839495656988589,1.1510323359831038,0.028698588003992626,-0.27969187665856954,0.0225998017183638,0.016816540084786124,-0.024381243434233736,-0.03895060701218054,0.010955051542917807,-0.004845065684388286,-0.023890846567039832,1.0,3.202302560986799,98.0,3.1896,10000.0,5000.0,5000.0,196089.0,196089.0,196089.0,0.0,4.0,7.7095441e7,58.458392292,168.34841918945312
57.02730120354997,57.20543087811148,7.940723442514182,9.793889078802046,0.027363162447620697,13.66653793564018,8.443652190345842,1.7428860504168453,1.1560437387776892,-0.027423874402340842,-0.25052339468287543,-0.021281326645577386,-0.007557262479650469,-0.053691955297360344,-0.05415057774328143,0.008825051758794356,-0.012727249447868688,-0.02827860093663291,1.0,3.133957268085186,99.0,3.1554,10000.0,5000.0,5000.0,198322.0,198322.0,198322.0,0.0,4.0,7.7293763e7,58.458392292,168.34841918945312
56.907980330487234,57.14989777606512,8.192919593974235,9.837435326521893,-0.003045189999853913,13.670620687903025,8.55660113887436,1.7770953581740279,1.191233873676357,6.105804439086857e-5,-0.2970801539961961,0.03858783472610247,0.01160005399937638,-0.02315752597694656,-0.09663573499750723,-0.018394753574959257,-0.005792190880146915,-0.030798391407797072,1.0,3.1341846065787564,100.0,3.1064,10000.0,5000.0,5000.0,196424.0,196424.0,196424.0,0.0,4.0,7.7490187e7,58.458392292,168.34841918945312
49.890396054119456,49.987985435370796,10.107879980704986,9.974934198467524,0.019492419057052433,50.10830417429975,10.092191061497116,2.181131010087085,1.1898428367131388,-0.09314150280963328,-0.4087581969208716,-0.029267782431170893,0.03303874605246484,-0.23805600687490122,-0.0048400205421868766,0.017585236402800842,-0.005498746490572567,-0.02804530703616188,1.0,3.996,1.0,4.0532,10000.0,5000.0,5000.0,176603.0,176603.0,176603.0,0.0,5.0,7.766679e7,58.458392292,168.34841918945312
49.35580350403191,50.129858613297095,9.712808577871666,9.840033986742819,0.007862979481818936,48.5747689373621,9.859173685255863,1.984504222846277,1.1195564422162134,-0.08318363395718613,-0.35145332151485836,0.020194264811038917,0.05044481680051716,-0.20377767276661454,0.05838669522802974,-0.010797821435050613,-0.03902366999858732,-0.013747507604181438,1.0,3.850934388873088,2.0,3.842,10000.0,5000.0,5000.0,183778.0,183778.0,183778.0,0.0,5.0,7.7850568e7,58.458392292,168.34841918945312
49.227366061686865,49.79106774815166,9.5325792607791,10.06391465939359,0.018547743465903533,47.764818432496696,9.938156074900906,1.9761793822585576,1.1557270805532265,-0.0634754586192894,-0.3506804924112791,0.021348888005979474,0.008839407535716359,-0.21039373411313994,0.026760452185085135,0.009547512111281636,-0.06282633554198006,-0.015286412104831754,1.0,3.6922616248268967,3.0,3.6956,10000.0,5000.0,5000.0,188779.0,188779.0,188779.0,0.0,5.0,7.8039347e7,58.458392292,168.34841918945312
48.958544644034575,49.957787466380815,9.448298989580977,10.174035177199931,0.011395496516872775,47.00531781930936,10.11282670609401,1.986229445737475,1.170090670044583,-0.06758615638640553,-0.360875215264039,0.025636240761592693,-0.006602547153728811,-0.23846296297716474,0.021867624575651407,0.00047266645948564615,-0.044429485670110215,-0.027366375064082696,1.0,3.5603348257860925,4.0,3.5084,10000.0,5000.0,5000.0,187254.0,187254.0,187254.0,0.0,5.0,7.8226601e7,58.458392292,168.34841918945312
48.58637572175278,50.152408931056385,9.59987857139412,10.3796341927101,-0.02092594462482099,45.91657043003434,9.970624823036914,1.953126516379148,1.1867654697129664,-0.019080576514435055,-0.3396150663696588,-0.0033641465559469783,-0.00756780092632216,-0.1519133542573922,-0.03126218992789398,0.002317635800370711,-0.06399609947348894,-0.006106267538148205,1.0,3.4738917649903094,5.0,3.461,10000.0,5000.0,5000.0,189516.0,189516.0,189516.0,0.0,5.0,7.8416117e7,58.458392292,168.34841918945312
48.60265114764174,50.36185993576683,9.519429182485093,10.507933858247542,0.03868451542420429,45.11747980720573,9.819110557274609,1.9315269531607206,1.1580845509168272,-0.008732678881519346,-0.34574262780332005,0.010318568389407933,0.03663768264649122,-0.20121006253870638,-0.00891409309397894,0.004699837818026961,-0.060883405660458224,-0.004768508059718857,1.0,3.43182849703756,6.0,3.4374,10000.0,5000.0,5000.0,191968.0,191968.0,191968.0,0.0,5.0,7.8608085e7,58.458392292,168.34841918945312
48.711438467385996,50.44475047336446,9.576697032518553,10.664400437044314,0.012100661915974163,44.44643630258145,10.100102511525792,1.9957160053678467,1.18899490142195,0.003889735880639369,-0.3526221395278075,-0.022729443722445914,0.014652875447081291,-0.15601080977905268,-0.0421654011498654,0.016371999574300567,-0.04299982564795167,-0.0036625680399089747,1.0,3.3136346077112115,7.0,3.3726,10000.0,5000.0,5000.0,193886.0,193886.0,193886.0,0.0,5.0,7.8801971e7,58.458392292,168.34841918945312
48.774410765221994,50.426610851076056,9.795162422776306,10.714108609196611,-0.016588225342146375,43.582273266864334,9.958707405351849,1.878132466496454,1.165567969887721,-0.01751626423624987,-0.3392023255860489,0.028306106570501418,0.06948851181069467,-0.18102618506143275,-0.0639933670798519,0.020498901959980307,-0.034430525354394614,0.015113508967967799,1.0,3.2795368532161375,8.0,3.3726,10000.0,5000.0,5000.0,188717.0,188717.0,188717.0,0.0,5.0,7.8990688e7,58.458392292,168.34841918945312
48.88391089545619,50.20552610969859,9.695340683229325,10.676869819089804,0.021311389372942843,42.43317708670555,9.699122904801081,1.9467989910245762,1.1700547930394116,-0.028492717934268687,-0.3245665978931965,0.004532120424125666,-0.0031472766485087693,-0.20809641058416767,-0.010883245628518157,-0.00957538494233077,-0.04238744318622467,-0.010987753854459163,1.0,3.255192758233002,9.0,3.2574,10000.0,5000.0,5000.0,192906.0,192906.0,192906.0,0.0,5.0,7.9183594e7,58.458392292,168.34841918945312
48.671445135801214,50.63727199310895,9.55143824737922,10.505100479180395,0.031528422092071386,41.62296764570299,9.587288113339303,1.868914520725529,1.1950407088016743,-0.01907239692665296,-0.3598335617329447,0.0278483499117634,-0.026993404098300266,-0.13981554636901208,-0.004982881196223164,0.006788730279281143,-0.06795103403787432,-0.015354039715863913,1.0,3.2226355768372072,10.0,3.1556,10000.0,5000.0,5000.0,190876.0,190876.0,190876.0,0.0,5.0,7.937447e7,58.458392292,168.34841918945312
48.843338093211706,50.24965366124333,9.456924467034797,10.78795930512102,-0.011576198673324049,41.080513360650095,9.66715449359985,1.8864262907327158,1.1638783921850915,-0.009501853739787146,-0.3210993017239961,0.015201183951737753,0.015666294012849205,-0.16374824823527073,-0.024667100047279032,0.003699646277420035,-0.03776337089861458,0.009656282322777956,1.0,3.161792408373817,11.0,3.1248,10000.0,5000.0,5000.0,196333.0,196333.0,196333.0,0.0,5.0,7.9570803e7,58.458392292,168.34841918945312
48.92348235283402,50.417973776340745,9.581181756861474,10.5360665510088,0.0021004708894105163,40.4193074743389,9.605806024818648,1.8389480854358213,1.187787649862842,-0.025142754914773947,-0.31928465864552685,0.014698523482786531,-0.009572019863541122,-0.13544669236375334,-0.04982488913452823,-0.019280643961261733,-0.04402192240257572,-0.008684168088497467,1.0,3.1165849683601614,12.0,3.166,10000.0,5000.0,5000.0,192554.0,192554.0,192554.0,0.0,5.0,7.9763357e7,58.458392292,168.34841918945312
48.88186167739415,50.472646909363974,9.450125469932187,10.76185540775024,-0.0005604967253552949,39.726250958865,9.755483862890893,1.915348747088895,1.1823455137065204,0.005937079487603396,-0.3315964000010824,0.004732840898404107,0.014806531545298877,-0.1909282847271882,-0.049164958675489485,0.004884259969494944,-0.03627874590894822,0.022402474172112573,1.0,3.1319463531080625,13.0,3.1272,10000.0,5000.0,5000.0,197011.0,197011.0,197011.0,0.0,5.0,7.9960368e7,58.458392292,168.34841918945312
49.31511829549833,50.855354856719664,9.362055587830804,10.434481590540274,0.004906779264242077,38.78969498057082,9.571394928907814,1.8862078137775538,1.1974614562653259,0.009889764748368546,-0.3286870260633609,0.012735226834864806,-0.011852597125075838,-0.17529058572310915,-0.05629632791964483,-0.0012948220160114157,-0.08697497814924013,0.002453188013657561,1.0,3.0976466967255707,14.0,3.073,10000.0,5000.0,5000.0,192716.0,192716.0,192716.0,0.0,5.0,8.0153084e7,58.458392292,168.34841918945312
49.49592570010882,50.42741064681109,9.500720306224979,10.417602816942829,0.028803703830182884,38.327853040469,9.6356409841041,1.961562962880252,1.1763939113461728,-0.0010829071178238676,-0.34737890913615305,-0.018022957104102184,0.006945390233578,-0.17010232482402396,-0.018614624180488246,0.009779360769473028,-0.0452578380639886,0.03664445144243609,1.0,3.0900315015127453,15.0,3.1886,10000.0,5000.0,5000.0,188435.0,188435.0,188435.0,0.0,5.0,8.0341519e7,58.458392292,168.34841918945312
49.57676533913317,50.62921051391006,9.437923214724076,10.56093886880343,-0.013969458060882225,37.41201059821519,9.575422291908591,1.8535658815042544,1.1350323663805584,-0.051330308149189,-0.284741253840562,0.01206231243388075,0.0384490766591398,-0.12155372960466915,-0.025522814687268063,0.001953954196587671,-0.04868258182248644,0.02055000998750397,1.0,3.1296552061186396,16.0,3.117,10000.0,5000.0,5000.0,192042.0,192042.0,192042.0,0.0,5.0,8.0533561e7,58.458392292,168.34841918945312
49.33000783921287,50.26650855195731,9.402456365679846,10.679390768927743,-0.003847143378915843,36.94521847548921,9.63180314003811,1.85020490878201,1.178815168895744,-0.06312761521449614,-0.353289910390509,0.0004922282014530804,0.022230412398715853,-0.14849893756743335,-0.028529122060209446,0.012498383127088493,-0.02174643703305764,-0.01956192648009228,1.0,3.096256027174164,17.0,3.0908,10000.0,5000.0,5000.0,190600.0,190600.0,190600.0,0.0,5.0,8.0724161e7,58.458392292,168.34841918945312
49.06189807531529,50.315948939357085,9.428513978715745,10.630056075219,0.002072767106730924,36.07651786687964,9.585730284125646,1.879581014036701,1.1397220871773857,-0.014969993853199208,-0.3002617061335785,-0.025681804099251963,0.010280042243765181,-0.12705176248065814,0.008474703284485935,-0.002624043368302845,-0.028270861259047507,-0.0195250946925529,1.0,3.071571471555555,18.0,3.1392,10000.0,5000.0,5000.0,190941.0,190941.0,190941.0,0.0,5.0,8.0915102e7,58.458392292,168.34841918945312
49.10007331728919,50.4518756479716,9.340772103031021,10.57923554448102,0.0003197577930382819,35.450711324318135,9.665702801400464,1.9040411397656618,1.2000595426859542,-0.010303591867034223,-0.3143597585975342,0.00888382045097061,-0.03716277389024877,-0.1222416116273917,-0.0512594996375545,0.00020626410622385274,-0.04060230059297422,-0.004054676090805809,1.0,3.141900198239997,19.0,3.0802,10000.0,5000.0,5000.0,191063.0,191063.0,191063.0,0.0,5.0,8.1106165e7,58.458392292,168.34841918945312
49.13194871296441,50.97909109853385,9.352526458499597,10.545065532507403,0.029313182124664033,35.213515010880414,9.79191285898429,1.8212748739609912,1.1546609119923643,0.023801005930751178,-0.30371699169019345,-0.017777949437572223,0.004916004623521193,-0.16395053324185085,-0.01937433761623735,0.012035860100008504,-0.06975956147776337,0.020874169741325697,1.0,3.143960682247408,20.0,3.1438,10000.0,5000.0,5000.0,196284.0,196284.0,196284.0,0.0,5.0,8.1302449e7,58.458392292,168.34841918945312
49.32182035120283,50.87193378486622,9.3510198901437,10.481748117155743,0.01695011309821207,34.50257295638968,9.855916743324395,1.8785787070735627,1.1399799266194348,0.039946854720452715,-0.3141576353421834,0.003620530746102496,-0.011762825335646414,-0.17484909359254563,0.04171553655639805,-0.00723006120606528,-0.0559677016157839,-0.012213434592051778,1.0,3.1192781801600846,21.0,3.173,10000.0,5000.0,5000.0,188006.0,188006.0,188006.0,0.0,5.0,8.1490455e7,58.458392292,168.34841918945312
49.22912317763483,51.00979870576382,9.284314570635576,10.393290965788495,-0.013997813619100396,33.87568577717906,9.780398067374808,1.8958041861288228,1.1769056065533832,0.040794313946856606,-0.33180127241092827,0.015319424778176157,-0.037959550486509175,-0.1068752951506426,0.012433764584013612,-0.009227355923970526,-0.05990866542558314,-0.014787606456480234,1.0,3.191366110762866,22.0,3.1676,10000.0,5000.0,5000.0,196958.0,196958.0,196958.0,0.0,5.0,8.1687413e7,58.458392292,168.34841918945312
49.392336324231294,51.020534637734634,9.352615752053781,10.257993818902658,0.0006657901544011279,33.227502956128895,9.971778250063055,1.9206215097832042,1.1967663661900663,-0.017502223081274772,-0.347094531056046,0.02586305791005899,-0.014049689486785439,-0.12568286480272156,-0.03579726168645365,-0.013937167688668133,-0.05000910981833489,0.013408916586899643,1.0,3.1344768191322983,23.0,3.1674,10000.0,5000.0,5000.0,187420.0,187420.0,187420.0,0.0,5.0,8.1874833e7,58.458392292,168.34841918945312
49.305527845269474,51.15355272425217,9.466394512264815,10.01416693764894,0.009372271699820738,32.90727296971399,9.797886669613899,1.8844349384145478,1.1700326086287587,0.018733542077928662,-0.3389881929063269,0.007111690447723119,0.03868506637222509,-0.1281080582001719,-0.04292862944529664,0.029711301909072358,-0.022999344710229852,0.009691638165103378,1.0,3.142522060373652,24.0,3.1282,10000.0,5000.0,5000.0,191897.0,191897.0,191897.0,0.0,5.0,8.206673e7,58.458392292,168.34841918945312
49.74727074176533,50.88124557643747,9.024035492260186,10.379935809908334,0.019923903213285295,32.33922706670193,9.798458189439616,1.8718323422194367,1.1902426743327594,0.013100300644727756,-0.3182635883242734,-0.002579609221665209,0.0012032719632756638,-0.13614446016051435,-0.06558725006370776,-0.009583436216678764,-0.037285387723773454,-0.016956456474721448,1.0,3.129375198857136,25.0,3.044,10000.0,5000.0,5000.0,196737.0,196737.0,196737.0,0.0,5.0,8.2263467e7,58.458392292,168.34841918945312
49.69133354223888,51.01294112439735,9.29415401750792,10.233575630886456,0.007291531448485108,31.603374050083627,9.678426297303881,1.900060331352554,1.2116918348750985,0.021789463130262608,-0.32386322194611117,-0.002724515944545084,-0.027376469778319715,-0.09927515909721563,-0.07456096298611224,0.0004947230744018237,-0.032759921647640626,0.0021390917242075313,1.0,3.1764838773546114,26.0,3.1146,10000.0,5000.0,5000.0,192338.0,192338.0,192338.0,0.0,5.0,8.2455805e7,58.458392292,168.34841918945312
49.69578693606185,51.06266231295133,9.250375789231608,10.09333064536795,-0.010174233262532407,31.330383966080472,9.648675388066659,1.9781913807104416,1.1821397753285448,0.012030657292075673,-0.3394165523337002,0.002479133927017245,0.017352793139821042,-0.12933450231398783,-0.043095484528716324,-0.007544457380792243,-0.0244611411546295,-0.027793929333856923,1.0,3.1616259112039997,27.0,3.171,10000.0,5000.0,5000.0,193977.0,193977.0,193977.0,0.0,5.0,8.2649782e7,58.458392292,168.34841918945312
49.93702642957151,51.45718319830934,9.154579989775922,10.12846584560467,-0.01633269754936037,30.700343987460016,9.693479547021127,1.8870581414371994,1.186075156435541,0.02188580422449135,-0.35536533072884685,-0.013132707507278865,0.031245540006299602,-0.12125002097737858,-0.04941057061057588,0.0123771286806844,-0.04797654239104739,-0.013937967772344271,1.0,3.121169580898343,28.0,3.1824,10000.0,5000.0,5000.0,192466.0,192466.0,192466.0,0.0,5.0,8.2842248e7,58.458392292,168.34841918945312
50.185428933323976,51.14188505732887,9.02815918880904,10.031480524258999,0.007549489060723632,30.287768809833167,9.600172819870323,1.8539959789123381,1.2077243509290772,-0.014697090075043912,-0.36011242122234793,-0.008247813493610213,0.003823346586135303,-0.1145652723169141,-0.059469447544994954,-0.010644077591505974,-0.011124238874070687,-0.013355003382256063,1.0,3.138055521120281,29.0,3.1252,10000.0,5000.0,5000.0,195915.0,195915.0,195915.0,0.0,5.0,8.3038163e7,58.458392292,168.34841918945312
50.19764967205932,51.4318330111177,9.189846892354,10.221695621139983,0.017504250384447532,29.68374875946427,9.440515120702125,1.855430811891144,1.1796350778184992,0.008415774524480566,-0.3067561462335944,0.014098119222261674,-0.031769249373679885,-0.12903015790312483,-0.022006975611914836,0.010692642229446485,-0.01930744453537371,0.00393754365280143,1.0,3.0966869950846547,30.0,3.1088,10000.0,5000.0,5000.0,193839.0,193839.0,193839.0,0.0,5.0,8.3232002e7,58.458392292,168.34841918945312
50.014774277080825,51.13416786545995,9.196051123896638,10.34450553061638,-0.0237107816931879,29.008907545912102,9.440091963404718,1.8554309582333983,1.1582651360133431,0.015938513154109483,-0.2846219929473968,0.002943606309202288,-0.003217388336777429,-0.12468919640207357,-0.028793738000564565,0.0014144794392055326,0.002048850813905266,0.04092333311298761,1.0,3.111961569843156,31.0,3.1382,10000.0,5000.0,5000.0,199383.0,199383.0,199383.0,0.0,5.0,8.3431385e7,58.458392292,168.34841918945312
50.129887113331435,51.2978316410065,8.995907517650826,10.107520449486593,-0.0013396098600500581,28.28209499422594,9.270297632375277,1.8444894659618445,1.213595450899568,0.021697362229657926,-0.3162629777025047,0.02707309157682087,-0.0663002237851351,-0.09715346201520822,-0.04509594686451609,-0.0005403962907038296,-0.006498494218306368,-0.0007459413734555811,1.0,3.148421231796124,32.0,3.148,10000.0,5000.0,5000.0,195581.0,195581.0,195581.0,0.0,5.0,8.3626966e7,58.458392292,168.34841918945312
50.47479695447422,51.64972963406104,9.115357825779478,9.902655196459117,0.009437873237137517,27.981515168780298,9.18946226460942,1.919451504436785,1.2277963610312495,-0.006663507557072758,-0.3511612177604491,-0.0007043484001122611,-0.03094051349099613,-0.08674668803465259,-0.07347117096051571,0.005891110673157004,-0.03657935339775093,0.0008251428246625205,1.0,3.1568395311800197,33.0,3.176,10000.0,5000.0,5000.0,192246.0,192246.0,192246.0,0.0,5.0,8.3819212e7,58.458392292,168.34841918945312
50.33345489637943,51.73613006004191,8.999289313943164,9.999772442679795,0.005574530583425437,27.763941210913664,9.369751306077452,1.9451473118454423,1.171470695252844,0.012951509541883415,-0.2961273478130793,0.005439644579344052,-0.00609606053419738,-0.1133869092261036,-0.040869147426345766,-0.020447136802045743,-0.024747155565543737,-0.027592458728615172,1.0,3.1542786779731125,34.0,3.203,10000.0,5000.0,5000.0,192709.0,192709.0,192709.0,0.0,5.0,8.4011921e7,58.458392292,168.34841918945312
50.49515129772771,51.68235662828542,9.03870143489589,10.074876854347304,-0.02169545531602849,26.994422646656393,9.369007332398192,1.7941203220866082,1.1453880880927896,-0.0006055094724633519,-0.31509653665418524,-0.028988458595095502,0.012491585859601782,-0.10717965468461875,0.010442649533101978,-0.01262638592779022,-0.008125412767414327,0.05362306206937776,1.0,3.1477755115944226,35.0,3.1298,10000.0,5000.0,5000.0,195841.0,195841.0,195841.0,0.0,5.0,8.4207762e7,58.458392292,168.34841918945312
50.504211295952366,51.762716403644404,8.964939576466016,10.415961197626896,-0.007830637618415374,26.442079269355,9.329158747071723,1.840572439677712,1.1659244813478156,0.0036013204495185767,-0.3315839000143724,-0.022795759874355354,0.015555563434153584,-0.08613955192923034,-0.01685528369014266,0.004316259738137973,-0.027658647362416276,0.015284818978960531,1.0,3.209814309846689,36.0,3.1134,10000.0,5000.0,5000.0,196809.0,196809.0,196809.0,0.0,5.0,8.4404571e7,58.458392292,168.34841918945312
50.545074072844464,52.024927369842175,8.96245721080274,10.465405373137875,0.016565680924489116,26.078066659973043,9.386004091200686,1.8943647255596576,1.1820271319994802,0.03327634855426508,-0.3052002599973226,0.02079942293145869,0.009421126018494215,-0.12195618308243253,-0.06852171909974404,-0.02110741604812828,-0.02880995251083248,-0.025616877822025923,1.0,3.2475572750208883,37.0,3.1772,10000.0,5000.0,5000.0,190679.0,190679.0,190679.0,0.0,5.0,8.459525e7,58.458392292,168.34841918945312
50.545981723861736,51.98356036286533,8.953723686741837,10.569488216906608,0.02111102029661693,25.986231032176093,9.438225946956681,1.880904380614069,1.15902232536859,0.014786965802809443,-0.29623483623735325,-0.018360806601518606,0.03287646205532044,-0.09590451643759168,-0.05667723350122948,0.02862042243211261,-0.0228018799181334,0.005319327839148373,1.0,3.258472213047168,38.0,3.2352,10000.0,5000.0,5000.0,189916.0,189916.0,189916.0,0.0,5.0,8.4785166e7,58.458392292,168.34841918945312
50.50848453589955,51.934962765508494,8.671644766778115,10.348383831100149,0.0018869104334907495,25.454991800583347,9.475780019134222,1.9080055305234187,1.1808988838355898,0.04887511844507502,-0.2894883801060084,-0.0028823502603941733,-0.03756120161358542,-0.13424385002202754,-0.03689888930367538,-0.037790593035289435,-0.06880830623837085,-0.011282815731146778,1.0,3.258375273069663,39.0,3.2406,10000.0,5000.0,5000.0,191805.0,191805.0,191805.0,0.0,5.0,8.4976971e7,58.458392292,168.34841918945312
50.58822793593474,51.96056560292802,9.011947262054198,10.193811670057613,-0.006078148089404087,24.958375311318584,9.40137183514002,1.9058318706484014,1.191283244981657,0.020853546159866423,-0.31596474142068365,-0.029772862402738288,-0.0500097335175466,-0.09328051438319421,-0.0166984375457288,-0.0064351579287027704,-0.05540570873328783,0.010969749658584068,1.0,3.2348064348165533,40.0,3.2074,10000.0,5000.0,5000.0,192510.0,192510.0,192510.0,0.0,5.0,8.5169481e7,58.458392292,168.34841918945312
50.70418706038813,51.9935489926877,8.804395577918822,10.245284366296591,0.004779746213085521,24.446056677624362,9.431392310291429,1.8813101870558318,1.1931763476447526,0.0400656182257955,-0.32501541737816103,0.04310971461049092,-0.0028046272483214047,-0.09268154489773482,-0.06214995905650499,0.040744460606105704,-0.029226728754792795,-0.010560516874717159,1.0,3.2182537099752135,41.0,3.282,10000.0,5000.0,5000.0,194415.0,194415.0,194415.0,0.0,5.0,8.5363896e7,58.458392292,168.34841918945312
50.72331189662126,52.28997553615349,8.607433930537736,10.028420938010832,0.010239294158099052,24.195464482579546,9.256860010131655,1.8979705514049083,1.1447815448407215,0.06223419689334273,-0.27440715792183296,0.017266336636596033,-0.01343206371442363,-0.11792762858476662,-0.0036051678652599534,0.008651059089456667,-0.048431632199857744,-0.027334652847458986,1.0,3.2193405541013114,42.0,3.1654,10000.0,5000.0,5000.0,193236.0,193236.0,193236.0,0.0,5.0,8.5557132e7,58.458392292,168.34841918945312
50.97816237401344,52.75228546484213,8.688475032005297,9.970818134682915,-0.011580333783206446,23.86329263758178,9.350932346950627,1.8427777882280831,1.1885034582226544,0.06918949470129367,-0.32820285674379285,-0.01838080169003275,-0.012871516491061719,-0.06175122269231709,-0.03767958422842205,-0.020494801400317113,-0.04825853267340276,0.005517581880566916,1.0,3.1728206027609827,43.0,3.2588,10000.0,5000.0,5000.0,193714.0,193714.0,193714.0,0.0,5.0,8.5750846e7,58.458392292,168.34841918945312
51.565066644739204,52.67717406050021,8.676357272772375,10.146664818394838,-0.004584817788745437,23.426951821552542,9.585279412817158,1.8880224212566008,1.1779761469286618,0.05865039512450939,-0.326734381103063,0.013795058297828474,0.03039031023082263,-0.0740617142130884,-0.06008765002704259,0.002281125303872637,-0.010167339020810068,-0.01075891691224303,1.0,3.1925456920502295,44.0,3.1982,10000.0,5000.0,5000.0,191883.0,191883.0,191883.0,0.0,5.0,8.5942729e7,58.458392292,168.34841918945312
51.87743624527205,52.6511526830242,8.713296936258965,10.137147088955828,0.013075402680911802,23.046520067448018,9.349807239938434,1.8360890865816286,1.1898156822151893,0.0106661762271344,-0.32901599354348404,0.018217846657725228,-0.029207929650513536,-0.07429625222252284,-0.023447086560368025,-0.00972143664529521,-0.019218051511822664,0.021271192885367024,1.0,3.169075767210433,45.0,3.1486,10000.0,5000.0,5000.0,192239.0,192239.0,192239.0,0.0,5.0,8.6134968e7,58.458392292,168.34841918945312
52.06628933449583,52.94773232673587,8.568703117869399,9.99724223328149,0.005385442408575065,23.010105693273594,9.433686379130002,1.845257016024154,1.1753217063304515,0.011078372901247472,-0.30468050198480695,0.029171607630315736,0.02847018301880787,-0.03538925217378055,-0.07577141091464436,0.012114427080544821,-0.020860335830589497,0.004263879889941523,1.0,3.1603657539094856,46.0,3.201,10000.0,5000.0,5000.0,196442.0,196442.0,196442.0,0.0,5.0,8.633141e7,58.458392292,168.34841918945312
52.229948650230575,52.63920240121998,8.487623649887478,10.098984647685228,-0.007269623359649743,22.60617679431403,9.31793743511026,1.771146466942827,1.1914881818770995,-0.032339821299782315,-0.30209277863798867,0.018552022767604353,-0.003646669569403346,-0.05583243338070566,-0.07612762283417043,0.012003917404552292,-0.007140640524583654,-0.02526838275908089,1.0,3.18510417974043,47.0,3.1618,10000.0,5000.0,5000.0,198650.0,198650.0,198650.0,0.0,5.0,8.653006e7,58.458392292,168.34841918945312
52.231182562299395,52.548607388449994,8.547903848886037,10.05635667788631,0.008657199734917343,22.60452805933842,9.28202082435951,1.7833370464233895,1.1750496506154557,-0.01798693469076294,-0.26927005485249017,-0.006581128616766449,-0.00848373488908625,-0.0869260105776814,-0.0733061251136017,-0.006663537911368761,-0.033704713232127426,0.04533598707523224,1.0,3.149462381825972,48.0,3.1354,10000.0,5000.0,5000.0,194135.0,194135.0,194135.0,0.0,5.0,8.6724195e7,58.458392292,168.34841918945312
52.27743065287541,52.701611660276505,8.708165566461405,10.077217730325966,-0.019879415739939597,22.38471626987802,9.326783466341071,1.83444111815925,1.1992287095289218,-0.0038874590311930505,-0.33830425425819577,-0.023252194976035305,-0.013876519030069154,-0.06621264031557463,-0.04525974738049192,0.010254928320231445,-0.002518776998467784,0.025004259195155833,1.0,3.1725440835413905,49.0,3.1792,10000.0,5000.0,5000.0,196341.0,196341.0,196341.0,0.0,5.0,8.6920536e7,58.458392292,168.34841918945312
52.12281204248746,52.79005339995286,8.600054556054921,10.058416870264795,0.017583307626844805,21.814904387400464,9.265285237505758,1.8226074129663161,1.1781361630479386,0.022059630736332457,-0.3311796821063729,0.012668151285708185,0.007621478223058239,-0.07931038746507417,-0.03307225597271295,0.0027939365139474934,-0.032007790490525816,0.008569214000453615,1.0,3.193845571740406,50.0,3.1746,10000.0,5000.0,5000.0,194301.0,194301.0,194301.0,0.0,5.0,8.7114837e7,58.458392292,168.34841918945312
52.39842999200263,52.511019452100875,8.521772105131543,9.93906103012423,-0.016159368874311932,21.639973953693797,9.360080239899364,1.8113494026957104,1.1577817316194816,-0.027791450530524606,-0.2916009553509327,0.004887023590963155,0.012462163710880766,-0.08380959328673779,-0.03803772178611009,0.01050306996372674,-0.030836965640170022,-0.013686159838107986,1.0,3.114058284479932,51.0,3.1298,10000.0,5000.0,5000.0,191390.0,191390.0,191390.0,0.0,5.0,8.7306227e7,58.458392292,168.34841918945312
51.97371070143302,52.37367511395015,8.531994454040738,9.92967769260955,-0.005211949174954491,21.348185434112587,9.376681379587636,1.9100871822162837,1.1914176028052192,-0.014106538023553973,-0.29135826549119637,-0.02852239195631834,-0.07413903575839507,-0.07315274935061038,-0.01786258286846155,0.008407823021244128,-0.03632088882161789,-0.00724525017877519,1.0,3.1287483954368507,52.0,3.125,10000.0,5000.0,5000.0,192619.0,192619.0,192619.0,0.0,5.0,8.7498846e7,58.458392292,168.34841918945312
52.003170756148435,52.33203151578653,8.694245363640645,9.973530345058125,-0.012083827710981687,21.21644964811865,9.166829784178576,1.8409442944259118,1.1497229680884515,-0.0015555181625271708,-0.29723363981303597,-0.03324102974628884,0.03303740902321651,-0.07554807090796449,-0.03682568498470334,-0.014654707333508637,-0.02296861299924187,-0.008398814954701125,1.0,3.1753246366579084,53.0,3.146,10000.0,5000.0,5000.0,194917.0,194917.0,194917.0,0.0,5.0,8.7693763e7,58.458392292,168.34841918945312
51.80928151762411,52.32819734528194,8.793618705882212,9.965782519449546,0.024178700494752306,20.882613275701697,9.231103987033853,1.8830376507437079,1.1662810486209234,0.0240227606164441,-0.3462833376292997,-0.01775474303183392,0.02465509189633861,-0.05949382218144634,-0.01210661155704843,0.0018163894527139207,-0.021241986521531895,0.020324874099029392,1.0,3.199337313072155,54.0,3.196,10000.0,5000.0,5000.0,193144.0,193144.0,193144.0,0.0,5.0,8.7886907e7,58.458392292,168.34841918945312
52.137029660018705,52.68974703453339,8.521423271153612,10.200431735162775,0.006933872495999577,20.53997705153292,9.164587073116914,1.9125849199656106,1.1478083286230838,-0.0011006645216767843,-0.267425104431977,-0.0012781043662763087,0.009562414991997522,-0.05949103804808621,-0.03786594818776777,-0.011758948422265839,-0.026964883703277556,-0.01642573104654614,1.0,3.188420041057857,55.0,3.2184,10000.0,5000.0,5000.0,194043.0,194043.0,194043.0,0.0,5.0,8.808095e7,58.458392292,168.34841918945312
52.119490120179776,52.73773267451597,8.70230995853459,10.235059721176636,0.0007642671352134932,20.381177185826008,9.315073035122879,1.9123850376412972,1.197493315123298,0.0271891490455872,-0.3106584260708603,-0.039740576115811,-0.046024707779255554,-0.0774536858435585,-0.038272503388766296,-0.0021928144835151866,0.009942340028934921,-0.008333883947409347,1.0,3.173645458655242,56.0,3.2196,10000.0,5000.0,5000.0,193717.0,193717.0,193717.0,0.0,5.0,8.8274667e7,58.458392292,168.34841918945312
52.28793299563679,52.812256306413516,8.726773401062182,10.265244230958398,-0.022320787448779505,20.15149353232472,9.265288056799555,1.8922648344650275,1.1697118621518123,0.016354458651628434,-0.3288859427752038,0.008649519482130233,0.012742455610742848,-0.10685169488505011,-0.024316386136866548,0.021070748357478977,-0.05456379402690841,-0.015359125116818724,1.0,3.1623912763611477,57.0,3.1808,10000.0,5000.0,5000.0,192751.0,192751.0,192751.0,0.0,5.0,8.8467418e7,58.458392292,168.34841918945312
52.32265806212326,52.65963072481523,8.677525066040403,10.163928253504578,-0.0043803289594550755,19.586165222467397,9.284476198569843,1.8117032090882979,1.1543941549693624,-0.018814508824528668,-0.28960236462701433,-0.01930321534263916,0.009837767879797513,-0.06122566158968911,-0.030438578242514183,0.0026486014534620656,-0.036870900010075626,-0.020439962941001377,1.0,3.1656843655121976,58.0,3.1344,10000.0,5000.0,5000.0,191575.0,191575.0,191575.0,0.0,5.0,8.8658993e7,58.458392292,168.34841918945312
52.14318508329317,52.827055410974076,8.60051820290528,10.244912141487836,-0.0029348704327554574,19.356108118098636,9.252708702236351,1.85078731060285,1.1884598638087167,0.008422296259452858,-0.3112087260780897,0.03793683674138409,-0.033935105444205395,-0.05575283842211974,-0.0318249305263796,-0.023706909648532486,-0.004450210258349973,-0.012366549681874391,1.0,3.2217733140740727,59.0,3.1452,10000.0,5000.0,5000.0,194814.0,194814.0,194814.0,0.0,5.0,8.8853807e7,58.458392292,168.34841918945312
52.28303476817358,52.64825727864408,8.596140116738955,10.10043828311641,-0.006097321617185052,19.393987155130528,9.21915054032965,1.8546682959188365,1.158052587288114,0.018554072747097677,-0.2516380785828484,0.008291010533228524,0.0005056641374836986,-0.0533897542104526,-0.0645700782994498,0.016601167398321126,0.002347112160531911,-0.01922479797980206,1.0,3.2064631476744156,60.0,3.1952,10000.0,5000.0,5000.0,197599.0,197599.0,197599.0,0.0,5.0,8.9051406e7,58.458392292,168.34841918945312
52.5236841378193,52.87449154005355,8.609548606724749,10.24892608207653,-0.005142943339538737,19.172381657715064,9.311297821458416,1.8528132576471765,1.1884537433912263,0.013399593154339135,-0.2922790235867658,0.009516209291109601,-0.014125028757784786,-0.05868979233853469,-0.07082377770061721,0.0075014467981716374,-0.020578491960617427,-0.02494748651586003,1.0,3.1976184629401234,61.0,3.2378,10000.0,5000.0,5000.0,194076.0,194076.0,194076.0,0.0,5.0,8.9245482e7,58.458392292,168.34841918945312
52.610653205475515,52.92326377292988,8.45282924725344,10.49309584982287,0.004929413985783581,18.905631566621587,9.296201867517818,1.8021560650451578,1.1606384250284312,-0.004128584080806401,-0.2508611786077019,-0.031900195803799096,0.008276867340410835,-0.02903764302802536,-0.07893576071102015,-0.013206765032941844,-0.006767267181744511,-0.004163297341765057,1.0,3.1567358738034343,62.0,3.1956,10000.0,5000.0,5000.0,194958.0,194958.0,194958.0,0.0,5.0,8.944044e7,58.458392292,168.34841918945312
52.73359868302934,53.14002096341087,8.498059808256809,10.37099455499833,-0.0054117031739388055,19.12192835796555,9.148121849588213,1.7609291565387606,1.127735750627422,0.039072267673892706,-0.2525082005475978,-0.005806794738811477,0.005141047217040451,-0.0910403591180082,-0.007328261847294685,-0.009141446787315285,0.020753279421667856,-0.0019113907992276231,1.0,3.194693146182078,63.0,3.1306,10000.0,5000.0,5000.0,193084.0,193084.0,193084.0,0.0,5.0,8.9633524e7,58.458392292,168.34841918945312
52.86626579089746,53.29351731687712,8.564083415275231,10.254549824961915,-0.009612357618696502,18.831142856995463,9.085350486093299,1.7788163879285135,1.1270206738105708,0.0028036578407345473,-0.2983535536743064,0.026510699094672407,0.045158400377408175,-0.08276144570869465,0.0012036473390478989,0.01510400168260759,-0.06026122911769651,-0.00432268085307652,1.0,3.2387611286137328,64.0,3.187,10000.0,5000.0,5000.0,195223.0,195223.0,195223.0,0.0,5.0,8.9828747e7,58.458392292,168.34841918945312
53.173421241430056,53.64501889218714,8.3951840160161,10.177043476182464,-0.005199683352274797,18.774000579547625,9.021298563213687,1.7991358444392127,1.1480620443992724,-0.010727370802732008,-0.3020435234746484,-0.0012169100782986472,-0.002985098558041512,-0.06834843544864229,0.006501382619533669,-0.03541933578610562,-0.029836089427878746,-0.0021119629072560496,1.0,3.2295354795431432,65.0,3.1458,10000.0,5000.0,5000.0,196588.0,196588.0,196588.0,0.0,5.0,9.0025335e7,58.458392292,168.34841918945312
52.99666495552298,54.070097439879575,8.388189470575936,10.010312984034298,0.02016006539088227,18.365717430568825,9.142846630124126,1.9148994402953108,1.1512485510469637,0.04604595935732293,-0.28216126498730804,0.011973119699737302,-0.0290088166315594,-0.049087176287324105,0.004810257618098134,0.029962203410926046,-0.03507857744119829,0.004754720735539346,1.0,3.181236728974536,66.0,3.2254,10000.0,5000.0,5000.0,193919.0,193919.0,193919.0,0.0,5.0,9.0219254e7,58.458392292,168.34841918945312
53.21914326013348,54.010271421406095,8.301108326074056,9.990255730634779,0.01947197715558853,18.213045309524404,9.343275318031589,1.8773194790388714,1.1357306822057796,0.006647758076628092,-0.2848516961387937,0.008830559474746924,0.037561031620907626,-0.09569940707464261,-0.026691111923210258,0.005229263224446307,-0.026405388116963684,-0.0010718768167996514,1.0,3.1773880195401007,67.0,3.1206,10000.0,5000.0,5000.0,194553.0,194553.0,194553.0,0.0,5.0,9.0413807e7,58.458392292,168.34841918945312
53.1655546291395,54.02259700815626,8.340797453961645,9.958316703504245,-0.012485400330002162,17.632209268969078,9.210923260937076,1.855940761522376,1.1436983346380858,0.01212071401294741,-0.29226069256139714,0.004043070172893572,0.014104044967392338,-0.05023106554529354,-0.008961882393512186,0.010714110159327508,-0.008008281413551782,-0.007224091845725875,1.0,3.1504468826084464,68.0,3.1376,10000.0,5000.0,5000.0,195644.0,195644.0,195644.0,0.0,5.0,9.0609451e7,58.458392292,168.34841918945312
53.28257474143603,53.93060626314648,8.270539813703328,9.828807754098712,-0.008622244696311471,17.496477146664784,9.093740687351012,1.8165973293059876,1.172244998010513,0.009260466341731003,-0.3023585048801112,-0.0038638728060906495,-0.01473035303574245,-0.02622847527774407,-0.02697956287750444,0.004531989361833948,-0.025289434318315027,0.005671437199389417,1.0,3.154170903264062,69.0,3.169,10000.0,5000.0,5000.0,193955.0,193955.0,193955.0,0.0,5.0,9.0803406e7,58.458392292,168.34841918945312
53.23960593303277,54.038080433624565,8.226071633942759,9.769639699867534,-0.019138719304795496,17.696957239403115,9.07470730255662,1.8034687497450366,1.1469112031883277,0.028830250977274836,-0.3232557796189069,-0.05498353390878708,0.02372832920253762,-0.025779994286849444,0.0036678625916853357,0.0053162498864757005,-0.039526446499735295,0.0016209020181021773,1.0,3.148774298615421,70.0,3.1686,10000.0,5000.0,5000.0,193989.0,193989.0,193989.0,0.0,5.0,9.0997395e7,58.458392292,168.34841918945312
53.3805544861872,54.34718250245962,8.22600801853824,9.611105591811299,-0.011229831472951365,17.474991280416674,9.12052805993326,1.8235152523166143,1.177296871122938,0.01512127505143948,-0.2839111878296519,-0.009886017218710368,0.011013785762011837,-0.03685374204338194,-0.08111499730399918,0.00240161654751983,-0.00806949626091063,-0.022447520930160794,1.0,3.129057189498441,71.0,3.138,10000.0,5000.0,5000.0,200233.0,200233.0,200233.0,0.0,5.0,9.1197628e7,58.458392292,168.34841918945312
53.388969648026375,54.05660145187862,8.091465032047056,9.911288388632165,-0.011072197929858484,17.370784533256707,9.072814064957717,1.804482382891557,1.1434456490555855,0.02352185567060766,-0.2805075111783573,-0.03519069989184181,-0.004515904806129118,-0.048123662968029765,-0.0035895402131334467,-0.019525473438080473,-0.06314231571108606,-0.010281133084359871,1.0,3.074757098027244,72.0,3.0938,10000.0,5000.0,5000.0,190637.0,190637.0,190637.0,0.0,5.0,9.1388265e7,58.458392292,168.34841918945312
53.45578910251783,54.496021211962265,8.11727824644349,9.59733806194964,0.016437717553436343,17.156228037866804,8.997607500335734,1.8409500540154655,1.1806109816902917,0.036833967961845016,-0.298740432688568,-0.01725201219637517,-0.014773664975777649,-0.04818704071984973,-0.05019936500739613,0.01897471857301002,-0.042753413693575465,0.014278478809693117,1.0,3.105730375825505,73.0,3.0632,10000.0,5000.0,5000.0,196267.0,196267.0,196267.0,0.0,5.0,9.1584532e7,58.458392292,168.34841918945312
53.55136121714208,54.51691522395791,8.059794282938885,9.701762394558644,0.001127540103484292,17.07679929351666,8.944471517202699,1.942968572179952,1.1613034144164656,0.03973018284828173,-0.2788263108496765,0.015727132686675322,-0.004330793509038633,-0.03245695087502494,-0.0424216743812133,0.014953174176182025,-0.03812352297944929,-0.03090656901019918,1.0,3.107397021554031,74.0,3.1296,10000.0,5000.0,5000.0,197033.0,197033.0,197033.0,0.0,5.0,9.1781565e7,58.458392292,168.34841918945312
53.85106460246045,54.38070259450117,8.120854021392768,9.77894597587964,0.01244826906164828,17.206076378362177,9.026525691893102,1.8291058128352065,1.1602408412235858,-0.02441353770726585,-0.28660668667617134,-0.018583794877680585,0.02726621840582077,-0.06421612125760806,-0.06187271534133325,0.0030214922444356295,-0.012564537772922922,0.0027128832946236507,1.0,3.0747257373307106,75.0,3.135,10000.0,5000.0,5000.0,194585.0,194585.0,194585.0,0.0,5.0,9.197615e7,58.458392292,168.34841918945312
53.96380622542677,54.30638430527096,8.02244973363143,9.785475470352281,0.0023311261884691654,16.875949893326755,8.860929968779784,1.7817428825923567,1.1618851015967535,0.03394598977986543,-0.2881502423984573,0.012948180046042725,0.007164121979479502,-0.06412890491160177,-0.04360500906481291,0.028780815267058127,-0.025658658444866065,-0.033637280513471236,1.0,3.075991825661755,76.0,3.095,10000.0,5000.0,5000.0,194890.0,194890.0,194890.0,0.0,5.0,9.217104e7,58.458392292,168.34841918945312
53.831523912276005,54.41750130238093,8.163901344363172,9.728672812614738,0.00698610082979908,16.68416490411943,8.851422715415156,1.8293573797571236,1.1729186366616031,-0.021875248241110066,-0.2896238792135595,-0.03140488045468359,0.012994739725344115,-0.03707315010335843,-0.07038682724542998,-0.016022672245736978,-0.016192005761055093,0.04759576272420202,1.0,3.1087546074081245,77.0,3.1402,10000.0,5000.0,5000.0,194440.0,194440.0,194440.0,0.0,5.0,9.236548e7,58.458392292,168.34841918945312
53.82954682431221,54.19118732553338,8.250548682708386,9.882774422905714,-0.018965156274307844,16.582492317998536,8.82136291932529,1.889361139013238,1.1687356262065773,-0.022452727776680483,-0.3057717859952661,0.001404632882867606,0.05277307189914522,0.004580703638809345,-0.08530518230457525,-0.023094141787667187,-0.0018544607224161198,-0.007048479759555918,1.0,3.140123097819434,78.0,3.17,10000.0,5000.0,5000.0,195606.0,195606.0,195606.0,0.0,5.0,9.2561086e7,58.458392292,168.34841918945312
53.94631621501236,54.35202544297285,8.18701220349616,10.052440954945013,-0.007701816058045285,16.852901517554546,8.880736680010704,1.7891068544865052,1.1672092990952112,0.01677899878709699,-0.2963310545248782,0.01363471063058807,0.005389576437541033,-0.03861732493415183,-0.0440978923413118,0.002480585356482523,-0.021452096237794704,-0.012076492972526472,1.0,3.129807220792322,79.0,3.2078,10000.0,5000.0,5000.0,198372.0,198372.0,198372.0,0.0,5.0,9.2759458e7,58.458392292,168.34841918945312
53.8645335372313,54.626346840043354,8.113949805680372,9.867192638990794,0.026241327702289485,16.63986731618067,8.730242244910173,1.8011241941573617,1.1603908396642413,0.028921310075775024,-0.29252616714128404,-0.032870475135524255,-0.010764226806727919,-0.05872469597244371,-0.016852612344136854,-0.040038305909874214,-0.041146065954317815,-0.016886299971624864,1.0,3.1614689609956694,80.0,3.1274,10000.0,5000.0,5000.0,195927.0,195927.0,195927.0,0.0,5.0,9.2955385e7,58.458392292,168.34841918945312
54.0697605338541,55.039888905500526,8.297554629094984,9.77311784547427,0.009392699001758618,16.75338489050349,8.986794012000203,1.7898797997242095,1.1529762330879707,0.030016278441838733,-0.2857109522595501,0.012849410259773075,-0.007438569835533832,-0.07150142721862159,-0.012822500494916627,-0.007551862072291879,0.0015380499121878301,-0.005818370978796358,1.0,3.150612054940929,81.0,3.165,10000.0,5000.0,5000.0,195931.0,195931.0,195931.0,0.0,5.0,9.3151316e7,58.458392292,168.34841918945312
54.129930995302914,55.326472848574866,8.154889173940925,9.779460936074669,-0.0023003208808458427,16.318884171846065,8.943553951758972,1.7966229913025475,1.1764619971843606,0.04564220136928055,-0.31760968409250306,-0.02643829986003256,0.005809926445876865,-0.05886981359980842,-0.041872070430732114,0.008441719455258796,-0.005267069635986076,-0.010784165794031544,1.0,3.1728145865815023,82.0,3.1658,10000.0,5000.0,5000.0,197065.0,197065.0,197065.0,0.0,5.0,9.3348381e7,58.458392292,168.34841918945312
54.36881144965326,55.72430400088453,8.024597377968506,9.877666350251555,0.02190478028118805,16.199869168229245,9.077189504177612,1.8716761018540289,1.1369992937947564,0.0384214591843411,-0.2599203616881707,-0.02946182870400245,-0.00872564907325139,-0.04366129296348412,-0.006123605103164121,0.023511300260820493,-0.02461494889048953,0.02995984660730022,1.0,3.171097511296269,83.0,3.2002,10000.0,5000.0,5000.0,197906.0,197906.0,197906.0,0.0,5.0,9.3546287e7,58.458392292,168.34841918945312
54.39336214778191,55.886778134515254,8.065189018491518,9.644819376242383,-0.0020602452263795376,16.20670465322308,9.043585961468894,1.838603743414994,1.1538901326270772,0.05738509820246847,-0.29208907773084813,0.05313579149643201,-0.008938372756515787,-0.0345005337882165,-0.010537776394600733,0.013958381930378884,-0.04990834675774594,0.0051007952080259975,1.0,3.1411101227090645,84.0,3.1208,10000.0,5000.0,5000.0,197058.0,197058.0,197058.0,0.0,5.0,9.3743345e7,58.458392292,168.34841918945312
54.538432973353515,55.832935154916846,8.117252043895371,9.974073401241478,-0.012620409398950988,15.875859356044657,8.983039136045932,1.8134770109011644,1.1337946692726313,0.04355448266047666,-0.28272656804703,-0.009624431217208698,0.019807260446399896,-0.05937479489850541,-0.006144224610473299,0.00882845070076242,-0.021746222624510245,0.011317365901382041,1.0,3.120003394016725,85.0,3.091,10000.0,5000.0,5000.0,195940.0,195940.0,195940.0,0.0,5.0,9.3939285e7,58.458392292,168.34841918945312
54.5601850854683,56.065282014479116,8.23197998041983,9.804369695254513,0.0067243172988764675,15.810163697101752,8.940298787991388,1.8585329463117382,1.177380765258471,0.0701259453807922,-0.2968711978937062,-0.003144678244261453,-0.018909212106793614,-0.05674204920314776,-0.03811074260188928,-0.05347843218280236,-0.021436956824524338,0.013982797707015786,1.0,3.1442007830343712,86.0,3.1608,10000.0,5000.0,5000.0,190518.0,190518.0,190518.0,0.0,5.0,9.4129803e7,58.458392292,168.34841918945312
55.08189327644857,56.27166931436497,8.086289569318934,10.029220662605816,-0.004403985131581212,15.67465755102861,8.918243791800178,1.7723390408771302,1.1636473834122423,0.028392134109682613,-0.26763811837704715,0.025390163704114444,0.011739780840226333,-0.07603173412179882,-0.071325846047496,0.011941937849155574,-0.006226664315622326,-0.008812802857998325,1.0,3.1319750476260224,87.0,3.1306,10000.0,5000.0,5000.0,200545.0,200545.0,200545.0,0.0,5.0,9.4330348e7,58.458392292,168.34841918945312
55.310961281835496,56.34311968148182,8.212974708024227,10.075300542666557,0.017977929839362274,15.422485006728087,8.718575903918934,1.8731341251980422,1.2010686257023686,0.028047671968018544,-0.30975128606114694,-0.010022002608839793,-0.04600916140952683,-0.032405218519267406,-0.047485704033733166,0.02345553105189338,0.020105630648876497,-0.014524741334648662,1.0,3.1546796924195553,88.0,3.1664,10000.0,5000.0,5000.0,194242.0,194242.0,194242.0,0.0,5.0,9.452459e7,58.458392292,168.34841918945312
55.505884778728316,56.52556875037637,8.101307276512408,9.933713100141254,-0.001877314472630088,15.49269599971656,8.768465104877935,1.8389416218677064,1.1782553747491653,0.014653415719782601,-0.2936974352058683,0.011500910781474749,-0.04493783757109528,-0.0750784056772992,-0.018288310177847576,-0.0070628668284392244,-0.009560782746704138,-0.011577168779600851,1.0,3.145941121690255,89.0,3.0774,10000.0,5000.0,5000.0,194993.0,194993.0,194993.0,0.0,5.0,9.4719583e7,58.458392292,168.34841918945312
55.4601591413145,56.31845477232677,8.12860451611289,9.94640497856318,0.010658984008687124,14.814647179761653,8.70889733254627,1.7783178297136106,1.1571850176892513,0.03275396658869824,-0.2761143763281861,-0.015332623406721571,0.019834800186796977,-0.02751976030080421,-0.05822162953344047,-0.005810034269068187,-0.002653355502264905,0.00673517458034964,1.0,3.0793796227301486,90.0,3.082,10000.0,5000.0,5000.0,191877.0,191877.0,191877.0,0.0,5.0,9.491146e7,58.458392292,168.34841918945312
55.714788841611984,56.12128495383429,8.085993313983785,10.198330576211456,0.033987156215267746,14.72085021342532,8.760919369192562,1.834550758953171,1.1437091700487758,0.012673485420712576,-0.2697525305125059,-0.010828314955315195,-0.025918074179359155,-0.016701592049191125,0.00770948355747323,0.01977332821619547,-0.028989166289980276,-0.019596635168204205,1.0,3.131783967746367,91.0,3.08,10000.0,5000.0,5000.0,194731.0,194731.0,194731.0,0.0,5.0,9.5106191e7,58.458392292,168.34841918945312
55.98447437266169,56.49373359471922,8.054767068608406,9.840584597321836,0.013253316311595138,14.763523768948444,8.779340766293195,1.8143606712964415,1.131857070835523,-0.0005416653711971204,-0.2262838199851558,-0.014795693809546337,-0.029671980772338145,-0.07543320959735576,-0.008101528903551454,0.0099490806126913,-0.0006949115700396653,-0.0015990284270296837,1.0,3.12530116320567,92.0,3.088,10000.0,5000.0,5000.0,196854.0,196854.0,196854.0,0.0,5.0,9.5303045e7,58.458392292,168.34841918945312
55.811877389384385,56.333435580654665,8.117307194623562,9.598838250179165,0.011370055489393833,14.45518783291136,9.034470949109616,1.846389862326746,1.1717346814459335,0.023082406620059,-0.27555560879884516,-0.00417077334626124,-0.005098777532122629,-0.034657414337058955,-0.06296481167191559,-0.010651025927357475,0.004853354744962591,0.015736580330401487,1.0,3.1404139992364333,93.0,3.1084,10000.0,5000.0,5000.0,198167.0,198167.0,198167.0,0.0,5.0,9.5501212e7,58.458392292,168.34841918945312
56.28694225267891,56.65810789321726,8.1872596895998,9.592981510658573,-0.007444738650102615,14.395931128130679,8.868556862462817,1.8434738323297055,1.1808460794609101,0.018084178555226416,-0.29110450202040167,0.01283250270246117,0.007659242366402703,-0.044457667995090766,-0.07834704247757435,-0.0020691905951726337,-0.002665360194318142,0.001325308600141809,1.0,3.1304009527702323,94.0,3.1106,10000.0,5000.0,5000.0,196499.0,196499.0,196499.0,0.0,5.0,9.5697711e7,58.458392292,168.34841918945312
56.18329315836064,56.74411558529415,8.221826501617953,9.623854216646075,0.01806066469523507,14.381226185348694,8.771569070798835,1.855723156661091,1.1287221167216592,0.055380889559565334,-0.2889895225029306,0.02016974219974767,0.020656193970724445,-0.07440104482370449,0.009507744308869623,0.015166902194168913,-0.025006294505940347,-0.02499082235894041,1.0,3.116230456839869,95.0,3.1254,10000.0,5000.0,5000.0,196119.0,196119.0,196119.0,0.0,5.0,9.589383e7,58.458392292,168.34841918945312
56.38005756124745,56.92479842722987,8.100267771145731,9.843526828214657,0.010113088722487139,14.110043486524367,8.758403295564838,1.813216898894194,1.1692585228769716,-0.009989589717111995,-0.3072114180481293,-0.010806074620130616,0.028396698263148255,-0.0804864038831514,-0.05951140698081878,0.0012476459756976918,-0.018587606555396128,-0.0011322667548851809,1.0,3.102971069385529,96.0,3.1252,10000.0,5000.0,5000.0,197430.0,197430.0,197430.0,0.0,5.0,9.609126e7,58.458392292,168.34841918945312
56.2594422561693,57.02991557686971,8.045874488712245,9.675368078003995,0.00031519293479434816,13.743806882112526,8.681525746823413,1.8572080802205941,1.1567533157159848,0.028034943440932016,-0.3045965699053611,0.028911323630959548,0.02452089611902936,-0.040830100295406825,-0.03360201410500581,0.030674557228081784,0.0018902698638357956,-0.005896402397215405,1.0,3.1234961389970137,97.0,3.0928,10000.0,5000.0,5000.0,197950.0,197950.0,197950.0,0.0,5.0,9.628921e7,58.458392292,168.34841918945312
56.35198226854029,57.19590498719145,7.842070176709034,9.715141794855413,0.014372209515460836,13.604101876293962,8.60880910370276,1.8873550840105469,1.195029100785795,0.007302625959908149,-0.3210117824817431,-0.01591344122288448,-0.004388276528818751,-0.04018761245399962,-0.06580506701407622,0.027726339078929796,-0.029314808701462056,0.009368816479141598,1.0,3.0987964372448356,98.0,3.0866,10000.0,5000.0,5000.0,195660.0,195660.0,195660.0,0.0,5.0,9.648487e7,58.458392292,168.34841918945312
56.31700202672068,57.11903480757829,7.940425316870277,9.738286120115408,0.009062101632342508,13.56012454881526,8.63800236371523,1.9243796835574876,1.1570085177497464,0.05728311072261419,-0.290330465881683,-0.011786235523638349,0.0212266902083642,-0.036791875059899434,-0.04705171334478529,0.03606145934779851,-0.01909170572102782,0.0034189551087316582,1.0,3.1043738714149454,99.0,3.0652,10000.0,5000.0,5000.0,194995.0,194995.0,194995.0,0.0,5.0,9.6679865e7,58.458392292,168.34841918945312
56.513456696620004,57.31633675732044,7.942630059342984,9.894353352340213,0.028431731181320093,13.410198076557947,8.617039881443864,1.7663966096975798,1.1623543949420267,0.01673692627341697,-0.28426763951589085,-0.0043743172763438315,0.026910991616544613,-0.038712884473680834,-0.06794240922918385,-0.011079918798538563,-0.02007636482585152,-0.009338793858423938,1.0,3.0659492030936226,100.0,3.0674,10000.0,5000.0,5000.0,197808.0,197808.0,197808.0,0.0,5.0,9.6877673e7,58.458392292,168.34841918945312
