MeanMale,MeanFemale,SDMale,SDFemale,cor,MeanCount,SDCount,is,int,BMale,GMale,BFemale,GFemale,BSperm,GSperm,GMF,GMS,GFS,a,MeanRSC,Generation,MeanMates,population,males,females,offspring,offspring_desired,offspring_realized,offspring_dropped,Rep,TotalOffspringBorn
50.36697330871124,49.73192947225201,10.219262383449957,10.274971867802938,-0.022168559178140257,49.91274238493542,9.888207533796244,1.2435555433170065,1.202459789341494,-0.07193107404036156,-0.2766688813978315,-0.05135449308027136,-0.11380142865590019,-0.14642854827496185,-0.04376572450178293,0.06969740039951754,-0.11038763914475505,0.011515652338540254,1.0,3.81,1.0,3.145,400.0,200.0,200.0,539.0,539.0,539.0,0.0,1.0,539.0
50.225054017338294,50.545396596251734,9.91296594620292,10.193454100958894,-0.04506538028154687,49.8609409058626,9.260327708438249,1.4561213101798456,1.1859751420049842,-0.05800731777425595,-0.3572241870413572,-0.035084170088750186,-0.03878754926053276,-0.2008896944053533,0.025555870615345016,-0.0034135741867232705,-0.035356607338228555,0.0062647003555054296,1.0,4.0939309641704025,2.0,3.2364425162689803,939.0,478.0,461.0,1287.0,1287.0,1287.0,0.0,1.0,1826.0
50.28765999450745,51.53143232276121,9.167080605841065,10.25397509252314,0.02798567081307394,49.86805586393244,9.173143751877483,1.4299687825182106,1.1215709205027067,0.05017050367965575,-0.3115295232345149,-0.01342946601487831,-0.05528991989776962,-0.2098720384930918,0.1283088124846207,-0.04481012717940798,-0.03669309235457111,-0.022519273086121734,1.0,4.282458823144999,3.0,3.486,1000.0,500.0,500.0,1550.0,1550.0,1550.0,0.0,1.0,3376.0
51.21272968904515,51.295252843417344,9.422543536975736,9.83202016900161,-0.019197975461494213,48.782335307927795,9.706528575814588,1.210463013830144,1.2052912490582028,-0.030705414328686082,-0.3422382065598215,-0.06006845123683619,0.035229556810551746,-0.2254949981241549,-0.09846677285438263,0.009025394678121022,-0.03763507302607211,0.015987747742318578,1.0,4.539118747273992,4.0,3.768,1000.0,500.0,500.0,1732.0,1732.0,1732.0,0.0,1.0,5108.0
50.66930806047532,50.781901673893664,9.787656014207972,10.063296224881649,0.047249975523075166,47.66731240069533,9.776901686189673,1.2893072490210045,1.1236658972724953,-0.08497329359576478,-0.2536992964152611,0.037399820423972066,0.012650303021208238,-0.1355957491487092,-0.003092781421873565,-0.03771837582072476,-0.009389583954027303,-0.005507477835299311,1.0,4.633623182649424,5.0,3.728,1000.0,500.0,500.0,1696.0,1696.0,1696.0,0.0,1.0,6804.0
50.22567269095739,51.16700876361362,9.322699754787555,10.513152840538773,0.0490418892889092,48.049155871836994,9.84842288685232,1.3259170516655132,1.0055349523383565,0.0005259000144767739,-0.28473127528381137,-0.016993536024536134,0.02790731259366787,-0.2971717217330191,0.24547539867522541,-0.0039026354382278366,-0.10164448666761355,-0.006408926043340534,1.0,4.877454084840668,6.0,3.756,1000.0,500.0,500.0,1718.0,1718.0,1718.0,0.0,1.0,8522.0
49.615587570256466,50.73302302347244,9.640250389937545,10.654535193687398,-0.04756491453139091,47.00972653222817,9.984575401826072,1.3035767137945955,1.188273437837626,-0.08695489163083786,-0.3835444440462696,0.02017864704105083,0.02894294733827259,-0.1829523607099785,-0.009030705038866042,-0.033467434831977935,-0.07361552006331334,0.07813823946393054,1.0,5.13356255376021,7.0,3.91,1000.0,500.0,500.0,1815.0,1815.0,1815.0,0.0,1.0,10337.0
49.38507326038989,49.77062591537146,10.323046020033315,11.143170364136287,0.0638572132476722,47.481386393718594,10.632596233578205,1.2511022889145262,1.0605797163027129,-0.03677657925524202,-0.23012989910931742,-0.00375315988486031,0.09122932174759607,-0.2319203969307401,0.0139871665969454,-0.007517180367985103,-0.0763376776995122,-0.06637802366633792,1.0,5.299288386190476,8.0,3.942,1000.0,500.0,500.0,1837.0,1837.0,1837.0,0.0,1.0,12174.0
49.912572421947765,50.37769056041273,10.155138908383918,10.461645592724635,-0.025358840696963897,46.446868713579896,10.391557492736277,1.3298826706868336,1.1266907143488882,-0.07828090625523239,-0.3912939969924092,0.03353619164955381,0.09960959104602557,-0.24610887696299685,0.025332684378639576,-0.034432399260096294,-0.08096818501759627,-0.07950510711528498,1.0,5.525983694662646,9.0,4.028,1000.0,500.0,500.0,1881.0,1881.0,1881.0,0.0,1.0,14055.0
49.867733907586945,49.44238409172258,10.66759688151858,10.448378787621364,0.01692053697474966,45.66045469924142,10.590500920917806,1.2407251411505074,1.299702954384917,-0.1325468503614339,-0.40079847420520825,0.029279653150351387,-0.1635553703311783,-0.19554579573401856,-0.046361599380131735,-0.003938317400947593,-0.0848818483732785,0.023855232555452556,1.0,5.699899593456082,10.0,4.04,1000.0,500.0,500.0,1895.0,1895.0,1895.0,0.0,1.0,15950.0
49.86089689302876,51.13394231628704,10.9064560212097,10.668354921020477,0.019701186076442213,49.85386492898053,9.734355415964567,1.603715080467624,1.161943674098484,0.06026065267414059,-0.42047919173915405,-0.12533355023646917,0.3030259309711536,-0.037478590406381365,-0.17549704114990194,0.10003472482993978,-0.11701681472805317,0.006595581341083275,1.0,4.175,1.0,3.23,400.0,200.0,200.0,557.0,557.0,557.0,0.0,2.0,16507.0
50.03109082574244,50.11585721881498,10.365393402593307,10.012963767959707,-0.0059349243271514095,50.246520291271835,9.729293407383903,1.5172029269288878,1.1879241081800296,-0.052367140565141454,-0.35499458232268427,0.0185978308786071,-0.005506701344350496,-0.2496358052676135,-0.005233344612252773,0.0030003766363597517,-0.08249996797349286,0.03252254107863068,1.0,4.466187956521461,2.0,3.4822546972860127,957.0,478.0,479.0,1491.0,1491.0,1491.0,0.0,2.0,17998.0
49.352386209582875,50.044938306292515,10.251843005983716,10.116689123030003,-0.0458764506031178,49.9341328246122,9.887467038492328,1.389983910836309,1.135976046216353,-0.07307347608547726,-0.3798619484855527,-0.006375532791423297,0.03332943355407771,-0.25717575746782406,0.079343237865444,-0.04096877506871384,-0.052933771280351934,0.0026615585261212152,1.0,4.647263124943167,3.0,3.656,1000.0,500.0,500.0,1667.0,1667.0,1667.0,0.0,2.0,19665.0
50.008528735289424,48.799816179392984,9.877301115835431,10.11172113359351,-0.07285947567287251,48.947580227282806,10.159222581826256,1.4262641856927816,1.286368469237249,-0.151675828484314,-0.44951141322202964,-0.04639281892701622,-0.028585434742253044,-0.21519659944690128,-0.09549724282075842,-0.01692373405365638,-0.08720705826190388,0.006860866097154269,1.0,4.911645926237597,4.0,3.656,1000.0,500.0,500.0,1649.0,1649.0,1649.0,0.0,2.0,21314.0
49.49589170948857,48.56513054262339,10.132572804990724,10.081984699663,0.03381155661883445,48.05910730969759,9.614289137030509,1.2456737608143438,1.1579652532889926,-0.05947379054400167,-0.37085873487539767,-0.0005687837455854549,-0.012224525284264104,-0.22851805169688455,0.061548158182313704,0.046567352971555745,-0.041005308730330495,0.02323773976834352,1.0,5.080080873592654,5.0,4.014,1000.0,500.0,500.0,1869.0,1869.0,1869.0,0.0,2.0,23183.0
49.21068046799727,48.49395237508785,9.2543892948669,10.435305819746238,0.057722639987062244,48.11425157248125,9.898926338335153,1.1518019103386514,1.1200480875269374,-0.13850309480730452,-0.38552414840032845,-0.017883552723291563,0.09423052787378146,-0.24584138307966427,0.04730207982996236,0.05292853167802105,-0.03955650277017921,0.007398520936145802,1.0,5.248403891085211,6.0,4.018,1000.0,500.0,500.0,1876.0,1876.0,1876.0,0.0,2.0,25059.0
48.54437902494518,48.1687082826854,9.119739790495002,10.474337603155476,-0.050913779643775206,47.18664763219221,10.00707331620714,1.1376924340073842,1.108645876159829,-0.13304952470887774,-0.28653129100462305,-0.08392677376218648,0.03717151635742444,-0.22902176630250978,0.03497049611696305,0.03169374910629404,-0.05256957280500638,0.014977783515311453,1.0,5.69556346297324,7.0,4.022,1000.0,500.0,500.0,1881.0,1881.0,1881.0,0.0,2.0,26940.0
48.28803802390931,48.255354505554976,10.147169862883448,10.619944933726028,0.02322975904392776,46.140142814629755,10.603999921060252,1.2628420353346743,1.1731955191292138,-0.07974225671802382,-0.2801342224685262,0.06109921991943124,0.057117875795332174,-0.12224245616320842,-0.12507435787363985,0.01172504872232134,-0.015764886337308805,0.010093469120214082,1.0,5.981139650080467,8.0,4.038,1000.0,500.0,500.0,1888.0,1888.0,1888.0,0.0,2.0,28828.0
48.09518533850285,49.03903110082181,9.98832018631739,10.858433327950138,0.01399443652010204,45.779157834597974,10.080495314267573,1.1714573338974001,1.2031032929747305,-0.06392029843524465,-0.3127856935805696,-0.1102682253700972,-0.15793127004945148,-0.14780878105207398,0.06008693634694589,-0.038884190373731364,-0.07273625666249618,0.06084903975896163,1.0,6.159339962693301,9.0,4.124,1000.0,500.0,500.0,1949.0,1949.0,1949.0,0.0,2.0,30777.0
48.58483715910193,48.25206602041703,10.39100107740473,10.831334694561974,0.005634645818948709,45.69169633145697,10.02614407735961,1.21082687489074,1.1892080633774427,-0.15509764865359132,-0.3117859515886361,-0.13027862287797523,0.0011882195103001792,-0.16019083126376094,-0.08776179891255703,0.022491694280829456,-0.04669721077408746,0.02845391675317572,1.0,6.174190949740872,10.0,4.168,1000.0,500.0,500.0,1965.0,1965.0,1965.0,0.0,2.0,32742.0
51.050813426445686,51.609012130239016,10.283728715455467,10.060567212659848,-0.008064961412889846,50.108942508922446,10.037495072507445,1.3692882071260453,1.213860083453659,-0.08185525015987281,-0.4708687878824357,0.08723757245400256,0.022365004594807836,-0.30155631206919636,0.018090408715035346,0.036615240940921744,-0.09367824291384828,-0.12198244886099159,1.0,4.01,1.0,3.25,400.0,200.0,200.0,555.0,555.0,555.0,0.0,3.0,33297.0
50.79305847434009,50.80076437531128,10.235845958829893,10.280455777258739,-0.05593135764663535,49.95388903134626,9.819581813526803,1.6031741581037,1.267398644876946,-0.11369442494073469,-0.45891006853533517,-0.04298763670265725,-0.04473241751142077,-0.1540126731112268,-0.03807749890798731,-0.002168601784322457,-0.055405088502016614,0.02211936302975963,1.0,4.245050740145923,2.0,3.4016227180527383,955.0,462.0,493.0,1487.0,1487.0,1487.0,0.0,3.0,34784.0
50.38115135298874,50.03188226580268,10.017257111342035,10.297131018057938,-0.00283692935007279,49.76906169026366,10.255818412925533,1.381895678197757,1.1950220958702444,-0.17143652677220653,-0.3507370873501001,-0.011819616518208759,-0.07030214324113238,-0.19718060645266333,0.021832623086835277,0.00354203152226462,-0.07351735796875365,0.034580823968844876,1.0,4.5353446077812025,3.0,3.654,1000.0,500.0,500.0,1648.0,1648.0,1648.0,0.0,3.0,36432.0
50.03920084724796,50.52915340214411,10.565954802324383,10.605995941912191,0.028760045686935635,49.27139023816565,10.035767732747937,1.3047760770975059,1.1570378492046465,-0.05204596867608082,-0.32572846691953095,-0.06933796751893345,-0.035908028470446274,-0.284192079480234,0.048703417889569785,-0.01738855455846989,-0.009936674568517776,0.005422193864416123,1.0,4.797990362663033,4.0,3.682,1000.0,500.0,500.0,1680.0,1680.0,1680.0,0.0,3.0,38112.0
49.54706673599513,50.47487939438902,10.303695923932356,10.212358534507041,0.029306714712681526,48.68173356809357,9.79215961764566,1.131771469791829,1.1853321445243612,0.015277176609613868,-0.2679190099831469,-0.013950910989043571,-0.057913848321975804,-0.18411085673842198,-0.04923538938528965,0.06117580551406008,-0.011719121799437512,-0.033109843146982836,1.0,5.039400412451453,5.0,3.79,1000.0,500.0,500.0,1724.0,1724.0,1724.0,0.0,3.0,39836.0
49.84721195381374,50.751974998907734,10.577249424849672,10.612889280121012,0.024494747145626414,48.1212836818218,10.225339335784023,1.2221831279581328,1.0467815689549955,-0.023700672086671558,-0.3646181586508535,-0.05549463859537074,0.23831563857021149,-0.15998374476401936,0.038369815852734274,-0.09718732468117448,-0.03893538419195969,0.005584763994642858,1.0,5.424010164302075,6.0,3.806,1000.0,500.0,500.0,1752.0,1752.0,1752.0,0.0,3.0,41588.0
49.712624924169944,50.63772081429483,10.519331751604952,10.883843036161721,0.013043703926413892,46.64846003069757,10.486179388568239,1.2794080252250417,1.186673933304505,-0.025883892784290197,-0.34524591391986686,-0.026468696968223432,-0.04472313488902144,-0.2131371383741986,0.018753819735083662,-0.08033521234445418,-0.01622280806101717,-0.0029093902467035473,1.0,5.518229686979204,7.0,3.972,1000.0,500.0,500.0,1855.0,1855.0,1855.0,0.0,3.0,43443.0
49.929996175948894,50.31153559276641,10.447784215270081,11.350144250034173,-0.040042989315303916,45.90996454867035,9.726532294246942,1.248974818995686,1.1681041562158798,-0.09718605741858026,-0.3033614078370382,-0.11030422401655747,-0.07999099668825072,-0.19555739965997285,0.042160091569322815,-0.016182880082880602,-0.008362935901213344,-0.02053696633570034,1.0,5.631616716610211,8.0,4.13,1000.0,500.0,500.0,1951.0,1951.0,1951.0,0.0,3.0,45394.0
49.423589857149274,50.97470388267876,10.301625001656248,12.099533538615903,-0.019712495452490215,45.27516477351406,9.415650199105132,1.2350865728744436,1.2375149608213214,0.01039134838589293,-0.2381985866839572,-0.13061498546094275,-0.17446989102512933,-0.21651754354385333,-0.06330990426881658,0.026955017172605632,-0.07173506314906372,-0.003226897433320158,1.0,5.791289975508903,9.0,4.08,1000.0,500.0,500.0,1926.0,1926.0,1926.0,0.0,3.0,47320.0
50.70380251881556,51.354689460263764,10.514396842373687,11.164412464084673,0.06729734376551717,44.95245656313131,9.044873774050622,1.1895890721580218,1.125082942861372,-0.028602043872941796,-0.34984970488697925,-0.050901337943597524,0.08128623471087695,-0.24432761500173797,0.02482469162614088,0.052808564875332344,-0.10606157478656537,-0.020718464589938486,1.0,5.926048681277823,10.0,4.14,1000.0,500.0,500.0,1952.0,1952.0,1952.0,0.0,3.0,49272.0
50.5468174450834,49.6030860259667,9.522375350702463,10.160559528337242,0.046468180818613376,50.61438005537008,10.129403777843075,1.6591735537190082,1.2741491497886719,-0.07872593802066813,-0.41682111361087487,0.17421337195937356,-0.12567823424345897,-0.3913533732745242,-0.016155244811769845,0.1340244223739964,-0.0037198554226583135,-0.027420508830596522,1.0,3.975,1.0,3.17,400.0,200.0,200.0,550.0,550.0,550.0,0.0,4.0,49822.0
50.71696743745586,50.02735267138136,9.741976903666307,10.55018839937287,0.08267767262725408,48.561817941438,10.319987657114796,1.5772508123340592,1.22680362103905,-0.12887848610593394,-0.4551682766355183,-0.06825021786865151,0.12777391480128034,-0.2557200959082126,-0.13154053821307754,-0.02913907931845162,-0.07864413006691436,-0.0293577863800482,1.0,4.1705157963850255,2.0,3.255364806866953,950.0,484.0,466.0,1327.0,1327.0,1327.0,0.0,4.0,51149.0
49.75870234509611,49.977158025308874,9.255582530132589,10.040681140901869,-0.03813665697216944,48.12469963739982,10.20271286103303,1.4425707368404974,1.0851226914835839,-0.07036846502594127,-0.31503514271139554,-0.06111989937671898,0.08704008461769859,-0.21623877249238022,0.061786096733731206,0.06797759363720628,-0.03205592549422431,-0.043178858439517624,1.0,4.423134590555008,3.0,3.52,1000.0,500.0,500.0,1577.0,1577.0,1577.0,0.0,4.0,52726.0
49.007153080025006,50.471793683411796,9.554002183005915,9.924973283810731,0.06469934765564811,47.091246530902495,10.35580072673993,1.3533042779554763,1.199924248899376,0.0017502578014695152,-0.3471616950237413,0.034169282873361205,0.06979410375841666,-0.21468093067587463,-0.12496526676920995,0.009837046196214609,-0.01193452585286896,0.0006331812098867846,1.0,4.5840987500421315,4.0,3.602,1000.0,500.0,500.0,1627.0,1627.0,1627.0,0.0,4.0,54353.0
49.201361814463425,50.52766442081255,9.828101419454649,10.445640542046071,-0.004843703575376663,45.00902690398504,9.91004084473254,1.2320647036168202,1.246570446844913,-0.012867715238245361,-0.37821392624864375,0.08350298700598678,-0.023783465106043865,-0.13403578109776143,-0.08993958027541872,0.0026705816866167366,-0.023173660492419566,0.04126791074383049,1.0,4.699898096321795,5.0,3.698,1000.0,500.0,500.0,1690.0,1690.0,1690.0,0.0,4.0,56043.0
49.16973180853886,50.82518360514694,9.622650014374734,10.510063882908296,-0.024835476131274202,44.801719365451284,9.236919538245417,1.2645928001940698,1.2180571441478376,0.006639721254169857,-0.327106387271188,0.036555661180790615,0.03701850413182045,-0.09970362031504966,-0.14006323667978152,0.05634720579452656,-0.0036380054551726757,0.040037098358366094,1.0,4.73253210672998,6.0,3.75,1000.0,500.0,500.0,1718.0,1718.0,1718.0,0.0,4.0,57761.0
50.20403738154333,51.34169527780245,9.763650864114368,10.064979508478865,0.012594772725711726,44.54962960433278,9.068329789735323,1.301364496964158,1.1674812279825924,-0.03094948080373896,-0.27369336023027707,-0.03090091200537872,-0.025125951105743703,-0.1653392880209509,-0.03785253924608849,0.04317339508059471,-0.02406682662724243,0.010081390289245476,1.0,5.022197574509967,7.0,3.886,1000.0,500.0,500.0,1802.0,1802.0,1802.0,0.0,4.0,59563.0
49.51698607735892,51.19161018039728,9.563279310368662,10.249249895535959,0.04942949764061062,44.254829475259875,9.561708027738689,1.1657685825282262,1.2198010257207812,0.08398776670224833,-0.3073790061559658,-0.009837510787406389,-0.06690258903171789,-0.18869734511327635,-0.07592949541240249,0.019880890991585503,-0.06971568466519758,-0.011386938129382074,1.0,5.3631379954402965,8.0,3.904,1000.0,500.0,500.0,1803.0,1803.0,1803.0,0.0,4.0,61366.0
49.760656704844024,51.15247076231221,9.886181056205235,10.98001165433587,-0.03555500931038761,43.246598538988145,10.1832329923957,1.1565474206205892,1.1384130150141518,0.015721806915066652,-0.2853415647763925,-0.06950644060154215,0.008832808214452344,-0.17610164788095586,-0.002708451671592401,-0.033035712385469554,-0.07767572339439081,-0.0062178566713380155,1.0,5.432537166942546,9.0,3.944,1000.0,500.0,500.0,1819.0,1819.0,1819.0,0.0,4.0,63185.0
49.205146123729996,51.240210188224,9.252686590926,11.009201544103979,0.08782884628914374,42.46836856947446,10.032233552526428,1.1127170097537615,1.0914795751388036,0.025806712571080633,-0.20407592242147196,0.11750898911368785,0.05505384906353047,-0.25055249568756344,-0.026969679465506817,-0.02640714959648834,-0.03205157580366814,-0.011382563491162581,1.0,5.615594205955241,10.0,3.884,1000.0,500.0,500.0,1798.0,1798.0,1798.0,0.0,4.0,64983.0
49.763717566296684,49.44032090358114,9.577757936142062,10.04404580008866,0.03010045379293259,49.614539343390504,10.85001753535259,1.5808653644192403,1.3516724155100197,-0.05415041323345876,-0.3971122258714005,0.10331136033752832,-0.11006528466758936,-0.21862715910860575,-0.22624232179253267,-0.07782195204290707,-0.07548850191231875,-0.06494165767106286,1.0,4.12,1.0,3.215,400.0,200.0,200.0,552.0,552.0,552.0,0.0,5.0,65535.0
49.427619772622585,49.66196722691215,9.152382832361145,10.194209283089593,-0.018669923726527378,48.771628111605956,10.261597085292738,1.393250731339152,1.1215813223740938,-0.04095374058264461,-0.4166676687904542,0.10445352092114848,0.010247250967554548,-0.1585767082999072,0.1539912389564435,0.0013022517317465428,-0.029224246014984096,0.013115658313573477,1.0,4.131672988283922,2.0,3.254980079681275,952.0,450.0,502.0,1421.0,1421.0,1421.0,0.0,5.0,66956.0
49.07823150043522,50.27738839145889,8.994125458456041,10.138870622725081,0.006457465406214109,48.9935090571449,10.410244820791208,1.4520213831676538,1.1090759671671448,0.03182143937327624,-0.3296658968729293,0.049420175603317594,0.043169330433933215,-0.2947087056871368,0.05843434123668511,0.12460398959986527,-0.03744927750607496,-0.07520667358082099,1.0,4.527047356782658,3.0,3.394,1000.0,500.0,500.0,1494.0,1494.0,1494.0,0.0,5.0,68450.0
48.66099118222936,50.31998613741873,9.741106925178705,9.95856757292526,0.02512474990022437,47.639600429548196,9.795424330002144,1.2976352767597024,1.2387740557878881,-0.011495427762424555,-0.3686169174839571,0.07939033075042418,0.016611846425397273,-0.23271413932508425,-0.13190909448593785,-0.04092842932247358,-0.09667844239695753,-0.021623897783970163,1.0,4.701841180881856,4.0,3.65,1000.0,500.0,500.0,1657.0,1657.0,1657.0,0.0,5.0,70107.0
49.198421109578035,51.095581880880175,9.14113237917258,9.759999293819028,0.05018767663579132,47.32017183661169,9.81311007672171,1.3640653212840435,1.131313189970741,0.09855655483921982,-0.292721927774741,0.02038863301493786,0.057265856414762395,-0.2332445795970642,-0.029100026622784155,0.005521303839203209,-0.038077106433054356,0.00012654491112125513,1.0,4.914407463179362,5.0,3.646,1000.0,500.0,500.0,1646.0,1646.0,1646.0,0.0,5.0,71753.0
49.308474650960974,50.87764438646745,8.944581608901048,10.312077262745463,0.01472152346885808,46.88156820044682,9.31320623162268,1.19734405235489,1.1090074244940293,0.05372799343613285,-0.2529219101629638,0.1476534359426752,0.10781913838225418,-0.17928202951789668,-0.07711856097493484,0.04941429813718618,-0.018716296850347793,-0.005694573777081944,1.0,5.108174794478288,6.0,3.794,1000.0,500.0,500.0,1735.0,1735.0,1735.0,0.0,5.0,73488.0
50.11179618467993,50.91692452576142,10.094843364117121,10.732635167757877,0.05994220474371798,45.42453095218292,9.446828468653765,1.266251701230904,1.2004781030207736,-0.03236831738194556,-0.3014025129795586,-0.021181755073115847,-0.018008823005069247,-0.15492748653307922,-0.09227104355877556,0.036891393234558034,-0.041603906738675124,-0.024012830518761245,1.0,5.339301335807074,7.0,3.93,1000.0,500.0,500.0,1823.0,1823.0,1823.0,0.0,5.0,75311.0
50.72181626500186,50.334102305313735,10.02566391324198,10.958947138524797,0.048129988401289125,45.34145643394613,9.823967852099681,1.3546207869902718,1.1283664191905212,-0.11953727815556515,-0.28698549851188737,-0.0016816626135357684,0.05939229086069433,-0.2274172742908857,-0.02702992422611273,-0.07864072155457556,-0.054957098311809977,0.017219617133024914,1.0,5.535138854675972,8.0,4.074,1000.0,500.0,500.0,1918.0,1918.0,1918.0,0.0,5.0,77229.0
50.71534113695676,50.20141892977202,10.226615462042945,11.568940488398686,0.04502110481512946,44.92642986787471,9.545261185576983,1.3047688463140352,1.0003970694050042,-0.13554982432917803,-0.21177596909942634,-0.09616561020861417,0.11733122230173838,-0.20434533122822984,0.09913677293154516,-0.05954384961156965,-0.052099307310967374,0.01098235585170622,1.0,5.571788003989283,9.0,4.172,1000.0,500.0,500.0,1960.0,1960.0,1960.0,0.0,5.0,79189.0
50.532188854303236,49.967677654960326,10.461173879942038,10.800524138574039,-0.01752976568181763,43.61767067986765,10.058610872802504,1.2235448868199774,1.0813654383759246,-0.11172702558929241,-0.3014117147905594,-0.04646535557319308,0.17967987126920337,-0.2754653201301276,-0.039432355454042785,0.03207727373606176,-0.0327277853814914,-0.03630296224108194,1.0,5.9054954450598025,10.0,4.174,1000.0,500.0,500.0,1976.0,1976.0,1976.0,0.0,5.0,81165.0
49.92168875840561,50.30947767950395,10.255948702262742,10.06283847299142,0.002442876844257742,50.64166150617253,10.001804417800184,1.7693267564654165,1.1568896136294333,-0.1839650700906426,-0.21895793862387178,-0.00840274800402513,-0.21130256819675575,-0.302861811938139,0.10377331609550842,-0.004364944256036979,-0.054929035427538624,-0.10188579067046931,1.0,4.455,1.0,3.25,400.0,200.0,200.0,569.0,569.0,569.0,0.0,6.0,81734.0
49.800372336875824,49.90042705474053,9.808445713904135,10.094703955739115,-0.03180666151869061,49.30715212009323,9.913206250560707,1.457006516245453,1.094557457519841,-0.19997054593942148,-0.24741983739643164,-0.09172776670118662,0.0019646714593227602,-0.25565201608376187,0.05917842567955215,0.07801393410992476,-0.07624981035662269,0.04999178131911425,1.0,4.431919126657373,2.0,3.373469387755102,969.0,479.0,490.0,1458.0,1458.0,1458.0,0.0,6.0,83192.0
48.7497479545412,50.44323212619516,9.886339787112346,10.242246374230627,-0.009528914239926394,48.773792486087764,10.224479401189551,1.3593824200177058,1.2377495483232661,0.028565905195374552,-0.2137838847434682,0.00040860238410481495,-0.16224459010017944,-0.1581303980661805,-0.09985175180563606,-0.026843360790460857,-0.06936277711828616,0.029894562259846384,1.0,4.61598035944165,3.0,3.654,1000.0,500.0,500.0,1652.0,1652.0,1652.0,0.0,6.0,84844.0
49.470742019468354,49.64481118879336,9.454791006457501,10.048277405383056,-0.05158411323072875,48.34376820224609,9.885622212531425,1.2798576723875799,1.13946696606807,-0.037119783289691385,-0.3426553810518322,0.04350193806254392,0.056828714173056426,-0.21514198610186155,0.007783379698085957,-0.0023035235208712914,0.03182908680137337,0.028844252749278987,1.0,4.914283730313655,4.0,3.774,1000.0,500.0,500.0,1729.0,1729.0,1729.0,0.0,6.0,86573.0
49.55975672408965,50.61753151900536,9.434169981504997,10.243255357593842,-0.011442499543122016,47.34955957852044,10.134514627916603,1.1406430377584305,1.1558047853641238,0.017193555520823068,-0.30031198807766757,0.059927165107770734,-0.03549694844429877,-0.11360726985561623,0.015057826367531937,-0.05345326783012702,-0.12172814806621521,0.020891633854857258,1.0,5.098582105946707,5.0,3.89,1000.0,500.0,500.0,1791.0,1791.0,1791.0,0.0,6.0,88364.0
49.937765466260004,49.66055404634347,9.372642843600222,9.87758453387451,0.05552991020870735,46.962307105152334,9.998161751984298,1.4179057641480157,1.1526909101445209,-0.08696322036610145,-0.3102426522874398,0.013407339663800599,0.0662439490053028,-0.11052396893983772,-0.047345127253309104,-0.0013814403080294581,-0.03382903036528459,-0.05151113771535817,1.0,5.38074153082791,6.0,3.856,1000.0,500.0,500.0,1769.0,1769.0,1769.0,0.0,6.0,90133.0
49.638488251288685,50.592352454580855,9.25370852975979,10.3654582995509,-0.09519666517043107,46.524245441708466,10.036628810162584,1.1743525765403127,1.2531346106764962,-0.03117085273795782,-0.4166741478554592,-0.022080289511572225,-0.03168507069719903,-0.17180473016930342,-0.06421633102387389,-0.004027661011256702,-0.04737135845252596,0.005806381053082135,1.0,5.640648220057448,7.0,4.014,1000.0,500.0,500.0,1866.0,1866.0,1866.0,0.0,6.0,91999.0
49.49467035068998,50.54125481375074,9.372823606676524,10.080314375011785,0.037282717222112335,45.77009854632874,9.711770501234016,1.2106212067305138,1.2220077031121004,-0.018150307619225845,-0.3402930165247731,0.028340370349007542,-0.06167744136229874,-0.2558839532579045,-0.044517398937211045,-0.002614819056041596,-0.022495122468678252,-0.04491883597267971,1.0,5.8754105142035575,8.0,4.162,1000.0,500.0,500.0,1958.0,1958.0,1958.0,0.0,6.0,93957.0
48.62064058650135,50.934675395030254,9.615237663872692,10.507675065207632,0.0006514115998726016,43.93094526217023,10.004891080313273,1.2141035179083859,1.2399420245850497,0.10982668673193674,-0.42852211983370175,-0.012541146470797418,-0.027719394233732222,-0.21033256679701917,-0.027296294264366583,-0.0123798967609205,-0.08450097893832467,-0.01397372602764987,1.0,6.215037911952605,9.0,4.118,1000.0,500.0,500.0,1940.0,1940.0,1940.0,0.0,6.0,95897.0
48.55075793346917,51.27001098170433,9.49167599651387,10.129566493019192,-0.07791924427615268,43.83788829511632,9.853081995283643,1.29,1.1207769528585216,0.13137670961325854,-0.35569451980363553,-0.011087736610738304,0.008676382668263743,-0.31899170887258377,0.09289570515268765,-0.006977041105144973,-0.10295125428574148,-0.012077849212101133,1.0,6.380138990747036,10.0,4.28,1000.0,500.0,500.0,2000.0,2044.0,2000.0,44.0,6.0,97897.0
49.991603465255636,49.22628485466222,9.998267267254882,10.319343483224618,-0.021820298767871112,48.936732298987536,9.755371510352324,1.6234874032929976,1.262530454298058,-0.1515511678768255,-0.4040586243134495,0.057656726601529824,0.0005582275766133759,-0.16076103736826822,-0.12637373916412997,-0.07164239531534379,0.01227905080020212,-0.05235692548839474,1.0,3.955,1.0,3.225,400.0,200.0,200.0,568.0,568.0,568.0,0.0,7.0,98465.0
49.2039442772986,49.078140893889596,9.50114986016716,10.608547192264037,0.10403215288718035,48.926268570540586,9.764520861190247,1.449215307521072,1.248656980009034,-0.07307609577906635,-0.3627605705052157,-0.01466641676669088,-0.14992177761775902,-0.14941393143100254,-0.007055171122715719,0.06882251174667577,-0.012085372567396224,-0.03275463724623865,1.0,4.255359394033159,2.0,3.4348739495798317,968.0,492.0,476.0,1460.0,1460.0,1460.0,0.0,7.0,99925.0
48.24487673087786,49.717445393490124,9.797847550144077,10.698791550712592,-0.05904096389569293,48.18379991109943,9.856858654212907,1.3899477509407367,1.1732272759158178,0.025429819719985237,-0.3619850831055125,0.06470949470258629,0.03726564855363315,-0.20973707054108295,-0.028700582390897195,0.006161008054542656,-0.040054852584005596,0.0175491743112931,1.0,4.368504861758218,3.0,3.62,1000.0,500.0,500.0,1627.0,1627.0,1627.0,0.0,7.0,101552.0
49.3669577432126,50.03586086553582,10.162289326203393,10.392642884208833,0.016283309906020272,47.50177234160273,10.188383074023555,1.5857191741300218,1.2079943528725183,-0.12859481076677412,-0.36750544861695544,0.0219719149294591,-0.05486363332578023,-0.3730451047710006,0.015430629184729983,0.03311796259186379,0.005654194667871696,0.04695846421792322,1.0,4.532840528640504,4.0,3.518,1000.0,500.0,500.0,1577.0,1577.0,1577.0,0.0,7.0,103129.0
48.682922815675965,50.279815923413096,9.92150051736278,10.842851388553095,-0.016297345635649003,46.64835281021551,9.344131930641906,1.4164089672461613,1.1818744452430816,0.02851231004540256,-0.31769825247139005,-0.006082451837086575,0.0040881552033267396,-0.20594645761512015,-0.04870297882982304,-0.09483044022408922,-0.017324040230878014,-0.051491862847125106,1.0,4.639684529001762,5.0,3.714,1000.0,500.0,500.0,1698.0,1698.0,1698.0,0.0,7.0,104827.0
48.3297814339387,49.76122035150381,9.904913289573525,11.037221456528245,-0.0763058475833635,46.152507458329254,9.35871553858466,1.3703684941511207,1.1874171161468317,0.0011914025075659234,-0.30624106005058555,-0.07499973490699673,-0.022836248321314832,-0.19972311702293405,-0.036736161428622766,-0.003546761275526785,-0.11456860686501445,-0.011640498196159801,1.0,4.910175067863679,6.0,3.708,1000.0,500.0,500.0,1686.0,1686.0,1686.0,0.0,7.0,106513.0
48.12766027448814,50.40584332250566,9.637605752084637,10.423166637035822,-0.020583510152502864,45.26840941632939,9.489929298113145,1.2692779500873177,1.1920151735358262,0.09699870043931619,-0.36845375566481264,0.04865611866227664,-0.009670485371536646,-0.16042502205239761,-0.005103853207185028,0.010556017770414377,-0.0781707304567175,0.043379907472773434,1.0,4.882452723863182,7.0,3.752,1000.0,500.0,500.0,1699.0,1699.0,1699.0,0.0,7.0,108212.0
48.82469594051094,50.413766094091,10.47694622182612,10.765336802756822,-0.042858483501734275,44.42039374617321,9.568234417471292,1.2842424700089994,1.2295188607813894,-0.01037807321036016,-0.4069372391660205,-0.05363537096199001,0.05845350251045137,-0.13415781566402246,-0.10830929912982376,-0.01654917011030733,-0.20292073210312808,-0.03223502387352371,1.0,5.017504383794201,8.0,3.806,1000.0,500.0,500.0,1749.0,1749.0,1749.0,0.0,7.0,109961.0
48.51079001057745,51.1022963403738,10.03331053606635,10.952148010521427,-0.06662322777582588,43.54749842948219,9.386393048087,1.2726442131422562,1.1914534216450898,0.08020487663494827,-0.283828633770178,-0.04396726138189138,-0.08794381300915327,-0.1805678013483289,-0.027116073988011052,-0.10494334829878242,-0.08545710707489124,0.031734037555692804,1.0,5.244706311362792,9.0,3.966,1000.0,500.0,500.0,1842.0,1842.0,1842.0,0.0,7.0,111803.0
49.421823548671064,51.0396319098863,10.213637168751177,11.279156680746814,0.09244727886912606,43.01193742236015,9.820469313012158,1.262400277488727,1.1601633302984493,0.008314786797948033,-0.339144104846469,-0.059242744744589966,0.018073224149961205,-0.19947041066285948,-0.00937836891675397,-0.0116586992572394,-0.03730471081848338,-0.033259397080758424,1.0,5.408044126718668,10.0,3.992,1000.0,500.0,500.0,1860.0,1860.0,1860.0,0.0,7.0,113663.0
49.95393209379523,49.915492623641704,10.953564856922254,10.172075864479304,-0.04528527059525167,51.86991486913459,10.336129488766511,1.2200965978200535,1.2960046878963796,-0.11839181691991418,-0.32754052473655104,0.055673377152363576,-0.12157497940299335,-0.20800684729762828,-0.147908238614522,0.04513350299519178,-0.06650867296591353,0.06016799449133892,1.0,4.04,1.0,3.34,400.0,200.0,200.0,582.0,582.0,582.0,0.0,8.0,114245.0
49.736938424356616,50.28817249959745,10.230576489098823,9.886375923325398,-0.06422164288945963,50.713798714908336,9.753998766387891,1.428359825408153,1.1352588185679693,-0.11533001363083166,-0.36430264955278724,0.01909416275366694,-0.005029359221808034,-0.2672026760385376,0.08023845569601448,-0.10588712203250893,-0.09582285752507624,0.03816367642771005,1.0,4.1527451728304525,2.0,3.389002036659878,982.0,491.0,491.0,1442.0,1442.0,1442.0,0.0,8.0,115687.0
49.422906116517275,50.80298316126871,9.718616090361756,10.229102552505482,0.018329684246679703,49.99485257885479,9.715862080912057,1.3680276443485928,1.2049373471990625,-0.03343143129653429,-0.2809977474000931,-0.07720535915218801,-0.09536698339833512,-0.24423986527951488,-0.04337589604599991,0.062403276537328,-0.029378131580244136,0.1254392271075053,1.0,4.548638694868255,3.0,3.57,1000.0,500.0,500.0,1616.0,1616.0,1616.0,0.0,8.0,117303.0
49.24498653454784,50.69788897237078,10.01944442298407,10.132157473862483,-0.004850280338242403,49.78501473909988,9.856168383960677,1.4026930705544352,1.194784898394452,0.008879289002947127,-0.32267959292133214,0.02395566372469629,-0.0395759680615906,-0.19712414097271258,-0.029259311623271188,-0.04527543826504664,-0.07820144343382009,0.030566361815065952,1.0,4.616381544072346,4.0,3.722,1000.0,500.0,500.0,1709.0,1709.0,1709.0,0.0,8.0,119012.0
49.802276984777244,50.64105500662513,9.855546458830023,10.497672136326713,0.011368567025235487,49.44458222788533,9.548265060090653,1.2850891017374229,1.00495094954269,-0.09536946972453024,-0.290328548199526,-0.12727532139248968,0.17236783340719167,-0.3268609919756191,0.11502681960640232,0.0021733745242498935,0.06879860916502081,0.03625322075126221,1.0,4.94446836236035,5.0,3.768,1000.0,500.0,500.0,1737.0,1737.0,1737.0,0.0,8.0,120749.0
49.38274723975655,49.59848998781518,10.362228747911622,10.60231930015699,-0.02964846912492013,48.50479016231565,9.932572487481425,1.252066115702479,1.1580308989055264,-0.10597020263981131,-0.33107267469549023,-0.0325038785657527,0.12553092616097392,-0.18782209059143512,-0.10641895026121381,0.0367690170828818,-0.005251497826210827,-0.027135880272770578,1.0,5.224384741952239,6.0,3.852,1000.0,500.0,500.0,1760.0,1760.0,1760.0,0.0,8.0,122509.0
48.71269579398305,50.54732080212859,10.185811661734917,11.223043278606626,-0.07109291864201003,47.85362160873934,9.972779774007433,1.3510946061868672,1.1682803843202287,-0.005557435176999007,-0.2689539217097506,-0.0943111053026024,0.03228373632536737,-0.17933638144510555,-0.0963315698311463,0.07899066480109458,-0.05608958439604963,0.030570335993875083,1.0,5.372619983332683,7.0,4.068,1000.0,500.0,500.0,1912.0,1912.0,1912.0,0.0,8.0,124421.0
48.705883033758845,51.474764765090086,10.50509093330144,10.512610501352308,0.05118851771834873,46.73584285219044,9.659641677456781,1.0989495773665499,1.1709269397977138,0.018357946766727744,-0.3586348492973676,0.05078649776947895,-0.003335172733663643,-0.20395098447251542,0.03140801744115525,-0.03988026893988882,-0.06009798754421886,0.02128357400177635,1.0,5.401464814459965,8.0,3.936,1000.0,500.0,500.0,1823.0,1823.0,1823.0,0.0,8.0,126244.0
48.591880007555666,51.96636147210725,10.213828340830782,10.708894373668914,-0.08574806393436822,46.51359911153568,9.23851032473285,1.315266927083333,1.1916947094943913,0.11596385684159025,-0.3342523682188484,-0.05844861776653369,0.0060635435954035964,-0.16694077910927016,-0.0371547968890561,0.01638030901755463,-0.0330491186063092,0.14385467320369863,1.0,5.74206343904445,9.0,4.078,1000.0,500.0,500.0,1920.0,1920.0,1920.0,0.0,8.0,128164.0
48.51228935484796,52.81419545947221,10.223493534585975,10.279350164387171,-0.0019626768392768603,45.83717921631866,9.091980166773581,1.2604964280842563,1.1978263242946503,0.2199816368932713,-0.32582465125459387,0.053992414165699484,-0.06445697235722433,-0.23531116897520676,-0.029712001300467653,-0.004909749679887061,-0.09998376006932266,-0.039179668674601084,1.0,6.005493177836757,10.0,4.174,1000.0,500.0,500.0,1973.0,1973.0,1973.0,0.0,8.0,130137.0
49.809849767048924,50.52672624676971,10.83766204811958,10.207500552487277,0.039648912305044116,49.68489274983193,9.87265751331219,1.6181732433097877,1.2608201915176565,-0.01790144798512332,-0.4654671780527902,0.020602864602750993,-0.10110251818599247,-0.15119589236440087,0.02859344053888668,0.03567667011968001,-0.1148684980741413,0.08073544541566278,1.0,3.785,1.0,3.135,400.0,200.0,200.0,537.0,537.0,537.0,0.0,9.0,130674.0
49.69519182935532,49.436968523312046,9.881124027603507,10.15615197938189,0.1131674059230402,48.76536804144698,9.727368317771752,1.5205271021835454,1.1493651404158998,-0.1693144019334568,-0.3457611263834578,0.038307873619907735,0.07470075376441347,-0.17790157683991614,-0.03630302319910501,0.07136391179170817,0.02702697150688985,0.042540735385097894,1.0,4.087784645172808,2.0,3.550438596491228,937.0,481.0,456.0,1463.0,1463.0,1463.0,0.0,9.0,132137.0
49.15713428501712,49.66645469209489,9.511952294700798,9.894633364739464,-0.01782139510778924,47.70289243250774,9.926394185806235,1.222132021370454,1.2025336492002623,-0.03945426377941492,-0.26455974786083525,0.08112232753272289,-0.047683732585978904,-0.13872141074244995,-0.09842549432906197,-0.019888174463792967,-0.09451308516262699,0.03869486000302589,1.0,4.34519071376504,3.0,3.578,1000.0,500.0,500.0,1616.0,1616.0,1616.0,0.0,9.0,133753.0
48.884174166779765,49.92202636708508,9.741376497910503,9.466531355656503,0.05864074104233622,47.115201307675115,9.642813764276488,1.4587744367964148,1.220986748762044,0.006779285345438196,-0.428293110775255,-0.006816357901160031,-0.10728675617280338,-0.243964604790097,0.0792035976889503,0.05053180500648238,-0.10347194930015834,0.056475983913457525,1.0,4.480232202458356,4.0,3.638,1000.0,500.0,500.0,1638.0,1638.0,1638.0,0.0,9.0,135391.0
48.72158066324434,50.01316672849258,9.157798552860646,9.905318569094518,-0.02502026471383257,46.63085756176404,9.596000585616428,1.2659706429243627,1.1095869242966505,0.05411981624320672,-0.33462069614803763,-0.02726196614322526,0.07432800296819202,-0.27887850646863693,0.03645146273157336,0.022925502205538274,-0.10917823082808646,-0.04784691470396327,1.0,4.783087817504691,5.0,3.708,1000.0,500.0,500.0,1691.0,1691.0,1691.0,0.0,9.0,137082.0
49.718331874977856,50.03039290272931,8.891243002130453,9.8281044796304,-0.03874673207690918,45.862165598984184,9.279625242014774,1.2522906572969488,1.1797769330315144,-0.00867689179475923,-0.23986720278600457,0.06338350397716733,-0.1153412655592437,-0.13689614228116048,-0.012249696227503134,-0.007881048389728284,-0.06291824356717465,-0.025654403310198446,1.0,5.0711930467849475,6.0,3.828,1000.0,500.0,500.0,1763.0,1763.0,1763.0,0.0,9.0,138845.0
49.267341963539295,51.078428394829835,9.440897711052934,10.32984437486992,0.017115759561773136,44.82039658214523,9.530971495557385,1.2524413106130554,1.2058882532137891,0.11725476529771184,-0.2713736977078497,0.010446243785905307,-0.1461915858979402,-0.19955463182546662,-0.001332164745461455,-0.02564039674979486,-0.024383970334747228,-0.06809623121879832,1.0,5.330639257733391,7.0,4.024,1000.0,500.0,500.0,1881.0,1881.0,1881.0,0.0,9.0,140726.0
49.936797802703076,50.694979046010175,9.161498106079943,10.535674580330575,0.02124341119841337,44.02539695865341,9.200672482685595,1.2582616126844277,1.0679598798131653,-0.01665559005987916,-0.2541500805711096,0.011951621246672598,0.14614233478976374,-0.19508001578637132,-0.03144827106123434,0.04210443255911185,-0.08861040705139304,0.03407774345695154,1.0,5.498400886417726,8.0,3.964,1000.0,500.0,500.0,1857.0,1857.0,1857.0,0.0,9.0,142583.0
50.11123106261312,51.5507605662511,10.273943586951988,10.441364457889216,0.02382605296390182,43.84307363938043,9.518477312515031,1.3005414507741213,1.1568926422599184,-0.03249987164965788,-0.3302394099898986,0.00941662670590367,-0.037758359734869844,-0.19299220662264746,0.06040871581633199,-0.07232657069280357,0.007878622361872535,-0.07617391209541068,1.0,5.71568062389425,9.0,3.946,1000.0,500.0,500.0,1834.0,1834.0,1834.0,0.0,9.0,144417.0
50.90379559237045,51.24779656248095,9.48921938840296,10.076004269866234,0.01778540362864228,42.81421769557584,9.210223027400101,1.1655712887804262,1.1832588420968826,-0.11139929032672483,-0.3537146761551602,-0.030463620689661238,-0.019588272299747717,-0.1471508542938432,-0.013699104208304736,-0.018131393309208668,-0.046045304771361865,-0.06102633453859758,1.0,6.122962539496077,10.0,4.204,1000.0,500.0,500.0,1991.0,1991.0,1991.0,0.0,9.0,146408.0
49.4205688892332,50.43822863423585,10.576971999820806,8.894949291714797,0.06783708889703584,50.07749171577112,9.647543941528552,2.0161443494776825,1.344171739540628,0.06392212226870377,-0.5661658397077657,-0.0477378943819561,-0.1541999088639515,-0.03370420457824656,0.028152887955978326,-0.04604471259362682,-0.09677921019686966,-0.019787956192785096,1.0,3.955,1.0,3.29,400.0,200.0,200.0,585.0,585.0,585.0,0.0,10.0,146993.0
49.629038383427286,50.13048679245771,9.5469316021132,9.871308118698659,-0.028185647937844595,50.00668504438748,9.80472020375816,1.4606944000840656,1.162289398010401,-0.06432110288279386,-0.3245579964510442,-0.030436767885543177,0.10122023831837552,-0.15751156387181994,-0.09879022158254276,0.07831839169616027,-0.07620716597269485,0.018150073594354263,1.0,4.220343212497982,2.0,3.3267326732673266,985.0,480.0,505.0,1473.0,1473.0,1473.0,0.0,10.0,148466.0
49.952619977602055,49.94302528886992,9.749743995485925,10.080861203694397,0.06691024731038048,48.975594983541335,9.24885839644985,1.3563264200573533,1.1321348734370429,-0.06439322307353669,-0.33794629687423255,0.06686631367953698,0.11921022616378087,-0.19184095414966942,-0.04116419070162142,-0.015176107783023517,-0.09943063639268959,0.03502873885722912,1.0,4.561705109030829,3.0,3.594,1000.0,500.0,500.0,1627.0,1627.0,1627.0,0.0,10.0,150093.0
50.52892854875025,51.154142251445506,9.411535679808125,10.153596071228552,0.03279359751092908,48.113779685863655,8.635179885568503,1.2786160646242946,1.0756147917597143,-0.0537373998753464,-0.28949205194308203,0.047129961613838776,0.1625028604778666,-0.1855293902142023,-0.027001761863304895,-0.05120322007471195,-0.03769205966091511,0.06036026189318549,1.0,4.812458147429943,4.0,3.59,1000.0,500.0,500.0,1620.0,1620.0,1620.0,0.0,10.0,151713.0
50.59687517833931,51.279679258666086,9.410000788210308,10.37276163318286,-0.030306470461133623,46.98449055597403,8.97155662583121,1.2731880623387923,1.1650986733736397,-0.07009330013360869,-0.3338674626460815,-0.018411786080847214,0.07548240301827007,-0.19577010372330364,-0.06872113587454548,0.04538726314860358,-0.019795440960142553,-0.0013917514381866227,1.0,5.0274967667070705,5.0,3.774,1000.0,500.0,500.0,1726.0,1726.0,1726.0,0.0,10.0,153439.0
50.86890799714071,51.927983564673056,9.278637455490635,10.346990647295236,0.06470870429643376,46.47541533774083,9.626578485409818,1.2631672171206652,1.1458457503074058,-0.0457790414676775,-0.2889931381007184,0.014508749648440525,-0.03368808357137784,-0.1640873525807111,0.017295702641856578,-0.038688467556348465,-0.11291439430389341,-0.06064607763543315,1.0,5.210997933358241,6.0,3.924,1000.0,500.0,500.0,1822.0,1822.0,1822.0,0.0,10.0,155261.0
50.488285451408714,52.094763841464484,9.768044001063137,10.544400490248073,-0.06365532155617229,46.04441669889379,9.536603416173667,1.2169126976906763,1.1930608338647835,-0.006311345678951847,-0.32323952537230327,-0.02802106020787083,-0.003647074537479288,-0.17942279507846773,-0.07585175572550044,-0.028139977147189597,-0.12680940493857878,0.0093913089295645,1.0,5.305616289171069,7.0,3.952,1000.0,500.0,500.0,1828.0,1828.0,1828.0,0.0,10.0,157089.0
50.95686402039,51.9790531042582,9.707774781878712,10.93214598809398,-0.002477238080912751,46.49252481563547,9.383962240747147,1.1506067023899886,1.1996576040769418,-0.017337475651399,-0.29055947851661496,0.053481767723567754,-0.11579620808026433,-0.1604086250653673,-0.002403229549762464,0.025844992187256586,-0.04370143241505607,0.02581053358363266,1.0,5.541623099688368,8.0,3.91,1000.0,500.0,500.0,1821.0,1821.0,1821.0,0.0,10.0,158910.0
51.383774777143536,50.96894522534446,9.666639023959004,10.973628528187042,0.007745010260001768,44.92974360502418,9.79042670565912,1.1109796186719265,1.1370519152437015,-0.04125142264487924,-0.2915289398476435,0.018602865883479723,-0.08500270065733209,-0.11935982734893365,0.07513045681910767,-0.046744049323933674,-0.0931210952379159,0.050404784034199,1.0,5.617935254798215,9.0,4.126,1000.0,500.0,500.0,1950.0,1950.0,1950.0,0.0,10.0,160860.0
50.92763878732136,51.720027907557885,9.70380729845609,11.043843780549562,0.05305916221888881,44.32040986036688,9.733246292326323,1.1232898885716318,1.1044766330802032,0.009928702984389259,-0.29886897682175056,-0.04685577405456274,0.005357746016017836,-0.23881983488140573,0.07773316188428553,-0.009106735418657714,-0.02603106362605377,-0.04336643462219869,1.0,5.5412677034648175,10.0,4.144,1000.0,500.0,500.0,1965.0,1965.0,1965.0,0.0,10.0,162825.0
50.2760524918919,49.199227351707215,9.530926642874205,10.179715236787846,-0.009406414801777072,49.717373034721156,9.991541699884271,1.414267830453343,1.2016097997183004,-0.14734433760504176,-0.26295812397320006,-0.012741692361225208,0.11493031745885275,-0.2548342312390971,-0.26570563738665276,-0.10420562913759339,-0.022231880838027403,-0.0263387042425895,1.0,4.065,1.0,3.14,400.0,200.0,200.0,537.0,537.0,537.0,0.0,11.0,163362.0
49.97528569759918,50.254513374955465,9.500672048485958,9.876734783636236,-0.012413672780869562,49.22980053693267,9.635807980660761,1.5946847695026676,1.1912352252807152,-0.00389928070655117,-0.3595954825773312,-0.05959691563047153,0.05610715449319312,-0.23882349563325905,-0.08749518760212795,-0.04030066067034834,-0.08601788215619671,0.007275170261529117,1.0,4.305846028526074,2.0,3.4043478260869566,937.0,477.0,460.0,1384.0,1384.0,1384.0,0.0,11.0,164746.0
49.99616316267334,50.134355328675895,9.23930568527485,10.329880968412601,0.053344353291623126,48.529408337887865,9.506360107600345,1.396027782155054,1.161110802709065,-0.07151034436186572,-0.30602865930355777,-0.01749797332513056,0.026511436339583208,-0.15276009853422254,-0.059570832827996946,0.004267015216810857,-0.10807675787789044,-0.047203334887188086,1.0,4.516931070119661,3.0,3.496,1000.0,500.0,500.0,1559.0,1559.0,1559.0,0.0,11.0,166305.0
49.025421806361116,49.36277298861083,9.035653871212553,10.492785811962076,0.096193407398006,48.18705802179372,9.834210411551073,1.4516433723383564,1.1424889293025888,0.028862985838757634,-0.31785232631599003,0.044003495437326234,0.030900335716785843,-0.22586080370416609,0.0022462113785649946,-0.03928229454402379,-0.0613998628983505,0.007473682202317063,1.0,4.77626553280262,4.0,3.636,1000.0,500.0,500.0,1654.0,1654.0,1654.0,0.0,11.0,167959.0
49.309294128164346,50.262235701445306,9.27315806963972,10.383896187997898,-0.08850433087848064,47.4764204755973,10.191404929466302,1.1678323957815064,1.217418161717605,-0.027512220732136244,-0.3552128685883957,-0.027205906832068177,-0.10874160792721536,-0.18509835555271248,0.005734830137473803,-0.037621579910358,-0.06980840627767418,-0.05308462690600716,1.0,5.094834913022647,5.0,3.948,1000.0,500.0,500.0,1837.0,1837.0,1837.0,0.0,11.0,169796.0
48.872293388326234,50.64155309905511,9.520083277299177,10.478032611080401,-0.034522652166414376,47.0750848274644,9.89245541001936,1.4296934180624536,1.2509049224857935,0.052758077907634114,-0.4651641325853686,0.029483661221211273,-0.0199113650134009,-0.23257318540099622,-0.037515866286898944,-0.020165440968575806,-0.10678410810177846,-0.030803609623680315,1.0,5.400518555049199,6.0,3.792,1000.0,500.0,500.0,1744.0,1744.0,1744.0,0.0,11.0,171540.0
49.35766941030853,51.15350123292835,9.929420938775005,10.027225594092998,0.06231231286830061,46.030260824899116,9.576350105871665,1.2237502630470558,1.1304473615525361,0.06590940994797401,-0.4034767235283161,-0.10400233489315058,0.02024102970374848,-0.24422322906450186,0.1366142264523899,-0.01458166116430667,-0.07489921548444595,0.13133073267683837,1.0,5.564994118690119,7.0,3.878,1000.0,500.0,500.0,1783.0,1783.0,1783.0,0.0,11.0,173323.0
49.374599176621146,50.57113289373421,9.51336820294624,10.192163423103901,-0.009316580350709192,45.071516578348074,9.30914858861756,1.1192533333333332,1.0544210139766295,0.009311348427743057,-0.31112691344718196,-0.046712510676341266,0.06160382553251613,-0.1443484719979119,0.1415555980258711,-0.01351641667207955,-0.034154719715823685,-0.021354136986474204,1.0,5.680070127181043,8.0,4.008,1000.0,500.0,500.0,1875.0,1875.0,1875.0,0.0,11.0,175198.0
49.222461857404014,51.33936466648902,9.847739562630116,10.380125308948806,-0.017262582790496382,45.66573027653937,10.073146891820645,1.2183969954772162,1.3010482665022534,0.0436453260850808,-0.4314232187525699,-0.048421634845904185,-0.0575070303821756,-0.16467119550328507,-0.09948826403079115,-0.013067351138379535,-0.12018547576419267,0.07267469663696453,1.0,6.013204259799859,9.0,4.15,1000.0,500.0,500.0,1959.0,1959.0,1959.0,0.0,11.0,177157.0
49.026911387569754,50.66776902436586,9.143516897504872,10.592296115933133,0.1250715907902445,44.716131207955044,9.937552855706404,1.1445,1.1187980044231542,0.018055242653377736,-0.2305818533304201,-0.01737693119155034,0.04414788475458243,-0.10186766937090896,-0.05512442237719659,-0.0066197166604051805,-0.037740963256468925,-0.030277504921253362,1.0,6.273071766394454,10.0,4.292,1000.0,500.0,500.0,2000.0,2043.0,2000.0,43.0,11.0,179157.0
49.30768385486243,49.40001867351751,9.241597083226555,11.284145266856509,0.018136558192974293,50.41660860805407,10.040510765613456,1.5123477920680721,1.139225853777745,-0.07870050789959257,-0.18743821227252172,-0.007286817274040424,-0.14375277680259615,-0.0753968588651514,0.039551738166747244,0.0015157719545540202,-0.1423404081977247,-0.06263464187246028,1.0,3.97,1.0,3.25,400.0,200.0,200.0,572.0,572.0,572.0,0.0,12.0,179729.0
49.82026646506478,49.631656662689004,9.544544398938767,10.617356943993839,0.016387995965222942,50.025993971230584,9.901778538309166,1.635099131209624,1.074026984516303,-0.03208202750609812,-0.29113835318183867,0.03565206071214662,-0.02834702612045976,-0.29987177873750165,0.16493649337927802,0.11025233738206858,-0.05387978536195325,-0.11510216260604175,1.0,4.182345026683286,2.0,3.260330578512397,972.0,488.0,484.0,1367.0,1367.0,1367.0,0.0,12.0,181096.0
51.14920331992212,50.67498602752849,9.421176533171263,11.042023713434556,-0.0338019457520818,49.26647822325484,10.140703543542891,1.2769290812713132,1.1673419056109386,-0.15581221744140394,-0.36552722112749025,-0.09138215494911552,-0.007671236646094345,-0.196453150842004,0.03830720916417435,-0.05179261880737828,-0.06571126862307432,0.007668281097803924,1.0,4.328285502441743,3.0,3.494,1000.0,500.0,500.0,1542.0,1542.0,1542.0,0.0,12.0,182638.0
51.17609719173759,50.243356997202255,9.784021536111942,10.830794930984329,-0.0025498682307677966,49.105715979546524,10.132757447755997,1.3333862652534192,1.1932976527500416,-0.20730519004263978,-0.33667728729274427,-0.02540232088907326,-0.040409469444161704,-0.2764790824958549,-0.0031288463802760934,-0.034676555849211387,-0.07575395106993624,0.019124626908106877,1.0,4.574194483593572,4.0,3.714,1000.0,500.0,500.0,1689.0,1689.0,1689.0,0.0,12.0,184327.0
50.50049062204049,50.68121747261316,9.709669561592367,10.56855344888467,0.03783017835090574,49.122826406299346,10.149887694595279,1.2964348959203447,1.187461153785059,-0.11187100809474497,-0.377019621030065,0.009065238171038232,0.021211782144063742,-0.22900583752578818,-0.021247913767276267,-0.026215342029095402,0.0031113860635867477,-0.04817058922096142,1.0,4.77702626971943,5.0,3.77,1000.0,500.0,500.0,1730.0,1730.0,1730.0,0.0,12.0,186057.0
50.662989982791444,50.42065512929153,9.58804318835627,10.055943483630667,-0.058968567276342095,48.334377270217146,10.619303504630924,1.341876025754324,1.177783179449086,-0.14052053917165067,-0.4059880618875246,-0.03777178104905916,0.05062755349739487,-0.23448143880083855,-0.013470172520379978,0.0074277621788272855,-0.05590851902007013,0.14643654869820463,1.0,4.904994823244662,6.0,3.856,1000.0,500.0,500.0,1780.0,1780.0,1780.0,0.0,12.0,187837.0
50.286851294363096,50.07250602805861,9.42528256444664,10.353634341406158,-0.002608009722543758,48.14302580691877,10.111122855674994,1.1998364828219552,1.213633607262114,-0.047784141803955446,-0.3953754384937933,0.026961650970065868,-0.04720251053559446,-0.18911713896633017,-0.00026867158617183444,-0.06263366626148599,-0.08658589372908601,-0.024854029354929964,1.0,4.9824799901231085,7.0,3.962,1000.0,500.0,500.0,1837.0,1837.0,1837.0,0.0,12.0,189674.0
50.328617285570886,49.971253870008375,8.948995009675977,10.466816803064578,-0.08273247330394007,46.88800853464898,10.486728793843353,1.2244565737814808,1.2106552602099803,-0.009057321754200154,-0.38761518185082655,0.06913108302272895,-0.050763383673199505,-0.17649753675127758,0.0029791658115738877,-0.08132121924396236,0.004052305902809683,-0.008887798756182104,1.0,5.0724512303000955,8.0,3.842,1000.0,500.0,500.0,1770.0,1770.0,1770.0,0.0,12.0,191444.0
50.65165671083457,50.691886457799946,9.352233812223457,10.906242705720915,0.06031402374278608,46.21973924040189,10.311202821744818,1.4245292295589749,1.162674184271515,-0.09602365087614859,-0.295520879324562,0.03317504809247592,0.041883679980548094,-0.23198388428508934,-0.08083783673974727,0.0063483713603529396,-0.03500362889846955,0.02604503634011378,1.0,5.165957203116602,9.0,4.05,1000.0,500.0,500.0,1892.0,1892.0,1892.0,0.0,12.0,193336.0
50.376486436687316,50.418129908382824,9.264526816003189,10.464324186014633,0.05166417740653396,45.06895380897501,9.749717018296034,1.2137995418425627,1.2585337479847019,-0.02795528885996007,-0.34186866972543534,-0.07926765906675494,-0.09464592793229408,-0.17305357513421632,-0.09387870283255784,0.05566755145018433,-0.042461502160474,0.06629800836743419,1.0,5.429976293535247,10.0,3.976,1000.0,500.0,500.0,1843.0,1843.0,1843.0,0.0,12.0,195179.0
50.48821391935656,49.853878315787185,9.578193878006582,9.51347987073132,-0.0783508013280945,50.443050928492646,10.204616731437305,1.3557600993498429,1.1354230333967228,-0.21861078089157257,-0.33820296586388554,0.012116805683607098,0.14423403637479992,-0.08300250811123445,-0.06988775338656245,0.09736345939766324,-0.02492171007277459,-0.06993902822124162,1.0,4.03,1.0,3.305,400.0,200.0,200.0,585.0,585.0,585.0,0.0,13.0,195764.0
49.551014532572594,48.910391537561836,9.827090843405427,10.010451845315883,0.045202238048091564,49.64081577894201,10.375532563548171,1.5888961444689218,1.1477895072242497,-0.17002764671377255,-0.3210128001545439,0.09097619592732957,0.0659692180364431,-0.21493821450308173,-0.03498428133595165,-0.08595247910794626,-0.011755336657533111,-0.08598023526157672,1.0,4.2452171828550265,2.0,3.479591836734694,985.0,495.0,490.0,1524.0,1524.0,1524.0,0.0,13.0,197288.0
49.1953156405627,48.148058449811096,9.671404591396996,9.298283386926299,0.05469353118101894,49.437655143016066,10.066743699244796,1.3211730828438444,1.1747536188077985,-0.22374777359926568,-0.30807009887303566,-0.054056931419206505,-0.008819245318223598,-0.13748257370728725,-0.037314426544997524,-0.0015812104030608696,0.049325883880374725,-0.011804259242554193,1.0,4.2194038954402515,3.0,3.632,1000.0,500.0,500.0,1628.0,1628.0,1628.0,0.0,13.0,198916.0
47.35921113633274,48.154835696559324,9.097749673367778,9.944783561591766,-0.04304552004135153,48.86504723691237,10.244763291483897,1.3526107747020375,1.0923285751350753,-0.058045765866830364,-0.2570602815041332,0.0494914111650786,0.0041293031151569334,-0.17765160928825774,0.0635517317854986,-0.06452594171560715,-0.031206653709717425,0.06510466774814702,1.0,4.503985166685455,4.0,3.632,1000.0,500.0,500.0,1632.0,1632.0,1632.0,0.0,13.0,200548.0
47.11235791353146,47.93985065048439,9.360360249863877,10.451316421452113,0.06669770665996147,47.7972729868016,9.710854127811496,1.1917861562735166,1.111847798886389,-0.03995787289990299,-0.32325043095545963,0.00645376119892524,0.0351586839725818,-0.23688763951747743,0.059926708355654966,0.04275368535941195,-0.12022339303101033,-0.00951917799142115,1.0,4.655745831708126,5.0,3.762,1000.0,500.0,500.0,1711.0,1711.0,1711.0,0.0,13.0,202259.0
47.619913397173846,47.68303492634289,8.969643312392341,10.528152056543153,-0.0017544039333662483,47.03842839663418,9.652351140235313,1.258019536706908,1.1686688825999905,-0.0037950516043103524,-0.2762768888572016,-0.03001501236038264,0.0871878323874001,-0.13837495029089744,-0.14209830819433916,-0.042803386606989874,-0.05269204436292244,-0.0071724605974528635,1.0,4.916913172925486,6.0,3.834,1000.0,500.0,500.0,1752.0,1752.0,1752.0,0.0,13.0,204011.0
47.98928539373491,47.44630017339183,9.020259225926463,10.347942249945282,0.026417363826574135,46.14756277521313,9.800608235363642,1.2257624032771965,1.07713487341674,-0.059314518840821374,-0.22386671178214113,0.04224366230303018,0.10902676373422303,-0.24553606534741626,-0.028483966988065018,-0.008232617074742375,-0.05719543120466281,-0.0013633551412551921,1.0,5.045642033041962,7.0,3.72,1000.0,500.0,500.0,1690.0,1690.0,1690.0,0.0,13.0,205701.0
47.3224295594858,47.40081230349736,9.177664472359282,10.94655580054133,-0.05412578914807627,45.73386939541269,9.769274427052254,1.167095137847823,1.1476854329906685,-0.09011404862347944,-0.24793968204864786,0.058219623247012506,-0.10652818480256074,-0.11548730589137475,0.07238060697403281,0.026303505371800505,-0.13236735575112527,0.02050476459066979,1.0,5.42464805805346,8.0,3.9,1000.0,500.0,500.0,1802.0,1802.0,1802.0,0.0,13.0,207503.0
47.37869274825732,47.74089839680668,9.442451354004382,10.921313964263062,0.04625062859518096,44.9525835970468,9.79456384780176,1.139469861023546,1.1925256554423966,-0.06493537605997901,-0.25676018368058157,-0.03104191792995091,-0.09643993119584582,-0.13172168365384834,-0.030519842226908116,0.06442246074795195,-0.09211921982089022,0.03879994941292387,1.0,5.522583315178782,9.0,4.076,1000.0,500.0,500.0,1910.0,1910.0,1910.0,0.0,13.0,209413.0
47.619184964128905,48.3018454786408,9.881963545873651,10.368187916251422,0.016644311543834042,45.005958331379055,9.700689916374296,1.1758017810073047,1.2136605794479982,-0.03716344014424612,-0.42189282507041376,0.13189806273895224,-0.026498954189711786,-0.15546212080536104,0.028640792485625868,0.08414463446494322,-0.0066458553193106205,-0.05731048197458533,1.0,5.607281994910447,10.0,4.006,1000.0,500.0,500.0,1861.0,1861.0,1861.0,0.0,13.0,211274.0
49.872364056569694,51.091971142006834,10.432684966204146,9.516422611551945,0.08664169958826197,50.3905573523451,9.673137474121917,1.3808291496299367,1.1150645796778555,-0.024671867967334976,-0.4682567342367108,-0.1336512180412542,0.1668826795085077,-0.1080995201293448,0.07510993890505403,-0.020599366745368983,-0.005323262166294713,-0.10957386374284596,1.0,4.245,1.0,3.19,400.0,200.0,200.0,556.0,556.0,556.0,0.0,14.0,211830.0
49.87363620796025,50.5536985634639,10.062030194189962,9.323242324290653,-0.017001302183023297,49.42641142938735,10.004634489426259,1.3897906655212215,1.1391456872660954,-0.10178748412008486,-0.41599957192333314,-0.03492096372071856,0.016986771663953206,-0.30147531698535723,0.11803863718653847,0.037265342738409125,-0.032168687479640266,-0.012005158451991028,1.0,4.415513722390802,2.0,3.488933601609658,956.0,459.0,497.0,1544.0,1544.0,1544.0,0.0,14.0,213374.0
49.61142475477356,49.90770120827093,9.482800465690525,9.608173307793566,0.04584648146141234,49.01573824193214,9.614903039256669,1.3694176561271294,1.1742406316984506,-0.0928750362753335,-0.3961740769899584,-0.010659984847665602,0.006432846855667534,-0.15652356174701243,0.0329419987719438,-0.010305848096974124,-0.016242649794651818,0.05219428215448832,1.0,4.70859615487437,3.0,3.604,1000.0,500.0,500.0,1633.0,1633.0,1633.0,0.0,14.0,215007.0
49.56932045563278,50.85104163324861,9.380294716127485,9.478111816075321,-0.10996936771200874,47.902754131433326,9.196860052823155,1.3164421513971747,1.2131446109940587,0.08784488224319172,-0.35669886290838854,-0.0063862092195564185,0.03603527892922555,-0.16585522855064697,-0.10807524318822741,-0.03141840648471114,-0.020006863538044317,0.03231670285839999,1.0,4.765816015522044,4.0,3.73,1000.0,500.0,500.0,1693.0,1693.0,1693.0,0.0,14.0,216700.0
50.381299098924984,50.93979538875532,9.562263287239581,9.703615688053835,-0.03171723033511517,47.57412857673427,9.772618095607873,1.388891093037096,1.1334985569520584,-0.10791312758197844,-0.2825682570522689,0.05152854061235354,-0.10461897072369927,-0.19117880356953681,0.12463166353194509,-0.015480370163355382,-0.02519649548065806,0.02987497442464938,1.0,5.143882983641698,5.0,3.832,1000.0,500.0,500.0,1775.0,1775.0,1775.0,0.0,14.0,218475.0
50.367357374911805,51.25685410806275,10.0723025060482,10.0526079461674,-0.04232903707126767,47.02451996434771,10.666491248917241,1.2853630216515266,1.2721545391508888,0.017657266643707883,-0.4442563503409203,-0.01182087871762122,-0.02796010220054949,-0.28220365431070377,-0.07133471242911066,0.013126440502469331,-0.03370720397020656,0.027116213511453,1.0,5.296386153178423,6.0,3.914,1000.0,500.0,500.0,1815.0,1815.0,1815.0,0.0,14.0,220290.0
49.676288747459736,51.82553483809257,9.741947965987725,10.381846816531061,0.08299398476657043,45.940305308556646,10.55519641399424,1.2648211876288298,1.0862301900217284,0.025831161398327796,-0.3560479961837434,0.11757952026105392,0.21920895976558522,-0.1598574698317271,-0.028457245203708594,0.0008150964240190352,-0.12354133742522047,-0.05989650684588519,1.0,5.602070079493365,7.0,4.06,1000.0,500.0,500.0,1908.0,1908.0,1908.0,0.0,14.0,222198.0
50.1720453333455,51.4068007595031,9.451369236621218,9.962478976615976,-0.012161080948735593,44.92074488801519,10.322232704528075,1.0665656440794156,1.1641121638234349,0.00549815997020191,-0.3260967942740812,0.07323775370901114,0.053233055063091235,-0.1062119720342899,-0.06535553740073596,-0.025985540031946055,-0.04435014897570624,0.025534711235486594,1.0,5.736101073971258,8.0,4.206,1000.0,500.0,500.0,1993.0,1993.0,1993.0,0.0,14.0,224191.0
49.85875059742516,53.183346249932676,9.40940461027419,10.164694473618278,0.02626082643460809,45.296180741572805,10.621386775152969,1.3426335634717033,1.0677563666865677,0.12317991891325064,-0.2252354113198762,-0.10568937003157829,-0.02285186696589645,-0.3354930621423958,0.09719977613211442,0.008477044053705076,-0.0831853221479165,-0.037069246758810015,1.0,5.946965655017051,9.0,4.092,1000.0,500.0,500.0,1928.0,1928.0,1928.0,0.0,14.0,226119.0
50.880010135034674,53.10427616764661,9.174396335182319,10.594614156188134,0.030380291107312555,43.23794910185815,10.514841943937977,1.26525,1.044595336021087,0.08098530698885927,-0.21310389817852593,-0.06586062316777966,0.11121895147841195,-0.2068736293630942,0.00135773527938538,-0.035008100107406515,-0.09817782140359234,-0.03263570885437534,1.0,6.292235444798781,10.0,4.354,1000.0,500.0,500.0,2000.0,2082.0,2000.0,82.0,14.0,228119.0
49.40998235725605,50.48709674945137,9.93191495297051,9.657408369471524,0.13302677700206672,48.88119488278922,9.845341267753678,1.6470726215049736,1.327237257291715,0.11269989874392274,-0.4462127272581748,0.059201043164324875,-0.014059829913358095,-0.15529397310483317,-0.20564499265608674,0.00920058750077403,-0.05164920897348848,0.017608232045075754,1.0,4.05,1.0,3.335,400.0,200.0,200.0,584.0,584.0,584.0,0.0,15.0,228703.0
49.75465808607476,50.434214519281355,9.556669103558049,9.682095812288283,-0.019063342535237268,47.71449458443392,9.613027299421525,1.3420340003008875,1.152488699273252,-0.0024225791605624425,-0.3314396641244566,-0.002921023698864094,-0.022899996170505643,-0.2714106024667546,0.043394943028173316,0.06951040128627717,-0.0961135159744642,0.00955757968241978,1.0,4.437880630926151,2.0,3.4633663366336633,984.0,479.0,505.0,1564.0,1564.0,1564.0,0.0,15.0,230267.0
49.9858367955384,49.99245489140981,9.594447179590896,9.688810915124481,-0.0372962776910538,47.81747506803438,10.205763691176726,1.4076019883474926,1.0589077321983678,-0.08169503415928138,-0.3845998620150517,-0.02869787761770738,0.11363571390858035,-0.23210931216597364,0.15717037043307694,0.021936681794677216,0.008948641270570724,0.030165443480770854,1.0,4.671212485558388,3.0,3.556,1000.0,500.0,500.0,1611.0,1611.0,1611.0,0.0,15.0,231878.0
49.717091358001,50.006585110091216,9.948203290446429,10.252530857456206,-0.014088041294769716,47.107663140417294,9.988007841567967,1.4273356401384074,1.2195036153409786,-0.02362193216418726,-0.375989810225285,0.076994410980712,-0.06583399881659768,-0.17298057650071968,-0.011538171657905954,0.0011893825819123953,-0.09296903943989396,-0.008422085064438565,1.0,4.926927168248422,4.0,3.726,1000.0,500.0,500.0,1700.0,1700.0,1700.0,0.0,15.0,233578.0
50.45025409991542,50.25776433081436,10.191771249634328,10.275051792320344,-0.010516658143040003,46.76655741121858,9.665368674926293,1.2524958480231603,1.2302719324624907,-0.09824728041186537,-0.271669026792282,-0.016753756080912306,-0.07398534678928047,-0.18721690708871758,-0.11755439263761397,-0.006643061304341266,-0.02166299209362838,0.05895144304967245,1.0,5.268778258305162,5.0,4.0,1000.0,500.0,500.0,1867.0,1867.0,1867.0,0.0,15.0,235445.0
50.28253384989186,50.12029167043609,9.490716091540035,10.129088472857173,0.020017703470264495,46.18394218182336,9.691631822070013,1.3603130655468443,1.1028098584514976,-0.07142586030586512,-0.3091000113533503,-0.01894693956760565,-0.022706169697574486,-0.14265502011520717,0.12760204814708706,0.008578992516218464,-0.015084514088807156,-0.03297096262011185,1.0,5.573410580069853,6.0,4.056,1000.0,500.0,500.0,1894.0,1894.0,1894.0,0.0,15.0,237339.0
49.706755735089665,50.87801220937633,9.993503218989963,9.812258353405731,0.024764965793492813,46.072809417855176,9.348524913183518,1.2347024964899225,1.258964572897117,0.04491111805188417,-0.3868574747012505,0.003647979439489755,-0.1265100554145457,-0.14240064857653112,-0.00431520377393981,-0.002480463101061684,-0.06541483797161024,-0.032027412609042426,1.0,5.809536160867917,7.0,3.964,1000.0,500.0,500.0,1843.0,1843.0,1843.0,0.0,15.0,239182.0
50.828611384273835,51.43586086526491,9.894720982288703,10.188842990104858,-0.021732920025035136,45.32175157468681,9.432393797839234,1.1715,1.1343644097585175,0.0010299257840611083,-0.4090797616292053,0.00840676471351549,0.034900580544340656,-0.13575303196255215,0.07729355133330694,-0.03130171107497243,-0.08009927179392655,-0.10996722144603015,1.0,6.186444017940764,8.0,4.284,1000.0,500.0,500.0,2000.0,2046.0,2000.0,46.0,15.0,241182.0
49.19421669951262,52.163307381598514,9.402962924084834,10.33521558886213,-0.005394104936255527,45.030052152660836,9.836310090022076,1.11625,1.0896320590503608,0.1629275769733664,-0.22570317301898613,0.09292292410960434,0.029969487157271962,-0.22146569589536738,0.026677739674454647,0.0014357530669488732,-0.13530048951275303,-0.06158959235330058,1.0,6.3081533571548105,9.0,4.364,1000.0,500.0,500.0,2000.0,2096.0,2000.0,96.0,15.0,243182.0
50.257420012847156,52.603166261102146,10.419323337696481,9.95213471780048,0.0032231668368308754,44.591934008944285,9.606900673314863,1.26925,1.2774730646281158,0.12367614722314965,-0.4271831184882313,-0.0013278625027857642,-0.1155095991765583,-0.1087447834506852,-0.01442560397300932,-0.0075738375089615,-0.04893641528878844,-0.03993088484923725,1.0,6.519985705730291,10.0,4.37,1000.0,500.0,500.0,2000.0,2108.0,2000.0,108.0,15.0,245182.0
49.71308602439155,49.94586751359692,9.945201700383256,11.069094072802633,-0.031902865882370256,48.572618349977,9.99639202651205,1.5832823827408504,1.2400393097562086,-0.0957461258747691,-0.39603355329174544,-0.08462621465870984,-0.04789112957227118,-0.20259048963815082,-0.056344485273268734,0.003139280181126077,-0.04358685115989355,-0.16784472450405497,1.0,4.01,1.0,3.11,400.0,200.0,200.0,535.0,535.0,535.0,0.0,16.0,245717.0
49.18614171424218,49.76032060185731,9.752502550742003,10.666209768326583,-0.025314898906266314,48.99790095873705,10.020417304306267,1.5780099420138964,1.2844045297107543,-0.06849138415106411,-0.4179247520843077,0.09806392008294061,-0.08022130387048862,-0.2329533150539951,-0.09441737601536764,-0.04058877720174396,-0.06909279178709095,0.0614515657843186,1.0,4.304833022798717,2.0,3.4656652360515023,935.0,469.0,466.0,1438.0,1438.0,1438.0,0.0,16.0,247155.0
48.88109621853089,49.09421070802479,9.290013003966102,10.301891891222926,0.00965557537567439,48.31674860820578,9.535879187350318,1.462842562351124,1.172428805407721,-0.05495347922273749,-0.29991189954275854,-0.005685553895608177,-0.039128951867084996,-0.1665707899305878,-0.009733513197646074,0.03023110130059084,-0.11597920036351646,0.06421043557830453,1.0,4.616880601427481,3.0,3.614,1000.0,500.0,500.0,1629.0,1629.0,1629.0,0.0,16.0,248784.0
49.24121192530702,49.369520984713986,9.548172629579582,10.636732347015208,-0.034523749695044105,47.13079190434557,9.612103898586373,1.1568209100878566,1.1603039208455679,-0.06555583172951468,-0.4122392346425617,-0.016383340462089262,0.015112749587038194,-0.20565561323584916,0.08749775566558032,0.07207860289686661,-0.01503097978629448,-0.06472248863816557,1.0,4.822307435616268,4.0,3.776,1000.0,500.0,500.0,1717.0,1717.0,1717.0,0.0,16.0,250501.0
48.6924155614958,49.53458229754941,9.363872863167934,10.58918519869608,0.016257117484917958,47.20822517524549,10.060000477473912,1.211685949907475,1.1506318253327943,-0.01661507793206425,-0.3762437649670925,-0.054958480272159084,0.03689817795033436,-0.19778989212642262,0.027626366765612257,-0.04321384395178592,-0.12883603813867717,0.019623266326233596,1.0,4.792970834756985,5.0,3.792,1000.0,500.0,500.0,1734.0,1734.0,1734.0,0.0,16.0,252235.0
48.236050916548784,48.450407543112604,9.631400990270008,10.66533116209443,-0.0380706525460008,46.54643839279932,9.754578162481021,1.2325573669742291,1.2323871103710156,-0.07409897654289711,-0.24852101928972337,0.04322687693042427,-0.07104219928393711,-0.12368705758979426,-0.1572844342407355,-0.026523728746300483,-0.02967649294545946,-0.06102687000717136,1.0,5.042816793134076,6.0,3.796,1000.0,500.0,500.0,1735.0,1735.0,1735.0,0.0,16.0,253970.0
47.80848629633119,48.941864145392096,9.698461573648364,10.729669371130461,0.027762735691975578,45.338700176036006,9.26050548463759,1.3860445998759954,1.1580733583750815,0.06697363419289395,-0.2868415776746147,0.04176090858516366,-0.046255313753087064,-0.2217799295148563,0.004575427262491825,-0.0017665109426335253,-0.1453637906087074,0.033690954323751306,1.0,5.179546558021819,7.0,3.934,1000.0,500.0,500.0,1817.0,1817.0,1817.0,0.0,16.0,255787.0
48.309224318414124,48.679947269130906,10.47791421292206,10.265368452010476,-0.0121674082935002,44.82562641256787,9.344810758820815,1.2177273276174372,1.1843793875200628,-0.06785568205487934,-0.3580325412823906,0.06285478215218929,0.02445180635936783,-0.12257877897106116,-0.03350802384339439,0.053961245160856645,-0.026844031722127966,-0.021885381796589946,1.0,5.314231430467191,8.0,3.906,1000.0,500.0,500.0,1820.0,1820.0,1820.0,0.0,16.0,257607.0
47.39415904728278,49.08309336317261,10.325748164514176,10.024390592351056,-0.06457064273060663,44.81604941829537,9.572735658473333,1.198466468802938,1.2713492936322388,0.11053845258345073,-0.359461262891955,0.06468075385421539,-0.06832230561115671,-0.0795434243458349,-0.11696289037483987,0.007286681768629004,0.02662664633049633,0.13280567178720087,1.0,5.519948186852999,9.0,4.13,1000.0,500.0,500.0,1954.0,1954.0,1954.0,0.0,16.0,259561.0
47.12353433060224,49.68659653228228,10.26472255816233,10.18102883462143,-0.007500494113161617,44.76446357131813,9.905057494519774,1.2840930435079567,1.2235319909941977,0.07068155531015761,-0.43773203179236225,0.10849140269896154,-0.04303963309348725,-0.274277419599632,0.01866572848360218,0.010305311638363472,-0.10988413105538956,0.013228507723888578,1.0,5.730051980921332,10.0,4.114,1000.0,500.0,500.0,1936.0,1936.0,1936.0,0.0,16.0,261497.0
49.55846470744804,49.13247456696199,10.328267128529482,10.38860308277904,0.008326100254123106,49.37789961660685,9.749677355634864,1.5067931163088066,1.2260726823879633,-0.06991726590104731,-0.46252528243496127,0.16923814018389402,-0.03943994663494725,-0.24462576385311566,0.018335957078562264,-0.07260882052195841,-0.16749529011733047,-0.004014148032757536,1.0,3.785,1.0,3.165,400.0,200.0,200.0,548.0,548.0,548.0,0.0,17.0,262045.0
48.54052238755333,49.238815427500164,10.012646699393699,10.361677282132307,0.012103517466674006,49.03373054954195,9.981599280829695,1.4596890515160246,1.186657639274018,-0.04192410279597454,-0.3570873620454879,-0.016181016905403123,-0.07609899198622029,-0.2025343506571895,0.05323189782900536,0.04938317717831267,-0.04201040543308043,0.00969594195369887,1.0,4.093570767185025,2.0,3.2896405919661733,948.0,475.0,473.0,1358.0,1358.0,1358.0,0.0,17.0,263403.0
49.340118545993995,49.0770604675709,9.668046982483252,10.000571600695809,0.005110231515619178,48.96510820123771,10.120087929733433,1.55076391593457,1.1197300815462814,-0.11216477738989077,-0.259531897172756,0.0002918380948855537,0.031163479206608162,-0.23170626899804642,-0.013503604543363863,-0.06072707590276614,-0.05511817032711068,0.01467824467643156,1.0,4.348753067563709,3.0,3.51,1000.0,500.0,500.0,1561.0,1561.0,1561.0,0.0,17.0,264964.0
49.58129499012436,49.72515117437137,9.65656296324092,10.013736210231825,-0.012260122609946116,48.52595447537452,9.985923450531567,1.3223573772863706,1.1152812918770318,-0.07152397348406435,-0.20989055128178283,0.0603519328148782,-0.03106526085295101,-0.18042553292353836,0.013336377883123269,-0.0036687113714613147,-0.0076306243235188375,0.03194289347299538,1.0,4.643093348602799,4.0,3.63,1000.0,500.0,500.0,1646.0,1646.0,1646.0,0.0,17.0,266610.0
48.85881261440793,49.20880847897608,9.184311440910482,10.279918263174475,0.025367098734139747,47.88113285132957,10.123478028542715,1.257863833811361,1.1822286838669904,-0.07819865592656483,-0.35392004472200317,0.015771223464284313,-0.044771130471607634,-0.17945097542978708,0.04022187437905037,-0.042222932938734435,-0.046022742277518,0.051860640519882734,1.0,4.997204333615762,5.0,3.74,1000.0,500.0,500.0,1709.0,1709.0,1709.0,0.0,17.0,268319.0
48.69706599976724,48.85982681612896,9.668537381666663,10.608342425563137,-0.022715068720645548,46.5274372716388,9.793996049212534,1.2700064929794666,1.1424921129809886,-0.098887030317502,-0.3569981159345266,0.019347300070023707,0.061839596290439856,-0.19286142625817415,0.012893849120156571,-0.06475269082053595,-0.08663373943454553,-0.0026279351086869944,1.0,5.287027322177803,6.0,3.832,1000.0,500.0,500.0,1776.0,1776.0,1776.0,0.0,17.0,270095.0
48.453980504857505,48.39613486279727,10.24706888992281,10.739029748660823,0.058390674518456594,46.27617171978852,9.515840178439323,1.1556373719261392,1.2051389405394342,-0.058770526305016106,-0.32796511868317524,-0.04308275555261933,-0.05337893695576357,-0.3072259442472452,-0.028280504141799015,0.01662426828669484,0.03733189745562014,-0.07247758749056012,1.0,5.588913282469239,7.0,3.962,1000.0,500.0,500.0,1842.0,1842.0,1842.0,0.0,17.0,271937.0
49.11243527320511,48.2798820756942,9.934899646846914,10.594853326928416,-0.011820549088547396,45.42338301365332,8.981988870549392,1.3944076474579379,1.226191178627599,-0.15340556888007514,-0.3314957191346693,-0.08417009324905583,-0.050962851593128494,-0.17730725235411934,-0.07700583946654667,-0.09143777869174906,-0.010928342779348439,0.034762804894669305,1.0,5.861016006452428,8.0,4.08,1000.0,500.0,500.0,1913.0,1913.0,1913.0,0.0,17.0,273850.0
48.108728578208925,48.199004526253425,9.24374792731362,10.609600302814183,0.03078043487978656,44.64771249848162,9.175907027310819,1.175,1.178555352029203,-0.029329271883356347,-0.30947875856926005,0.013319345345898948,-0.07610502705693796,-0.12382397312421375,0.029474496918435834,0.002266194685400499,-0.10729030233308243,-0.04261757144168131,1.0,5.878307990899931,9.0,4.25,1000.0,500.0,500.0,2000.0,2030.0,2000.0,30.0,17.0,275850.0
47.74121537185359,48.26009604890497,8.989508726794488,11.156484190772076,-0.009473815918974537,43.84059912233571,10.097757628646217,1.1818298349623455,1.1890003223631895,-0.037062905431627144,-0.26154938654300436,0.017537619227477735,-0.037019748297969675,-0.19841177310139155,-0.08590417894126125,-0.0476111508416849,0.01177119463471964,-0.10219636549892734,1.0,5.9915588370834865,10.0,4.182,1000.0,500.0,500.0,1975.0,1975.0,1975.0,0.0,17.0,277825.0
50.579505322328195,49.439731349328824,9.637992260240516,10.242715404256128,-0.07181233261872402,49.51657568416164,9.68970203055564,1.5280736919575777,1.0329873185839011,-0.2930925986481839,-0.35257104169288883,-0.06214276630083826,0.14114507429134485,-0.28482643507692723,0.15738359692372136,0.07077965994503699,-0.0014248063201523103,-0.007558467117365204,1.0,3.91,1.0,3.145,400.0,200.0,200.0,543.0,543.0,543.0,0.0,18.0,278368.0
49.50800316957016,48.93408060203549,9.136730584023642,9.99656565575065,0.07073841168965059,48.75350715767531,9.602507059468685,1.4116484872549684,1.2014200049769286,-0.18036091187925624,-0.27559638042675794,0.05469111750707325,-0.0027347788791912053,-0.12543398032930453,-0.13245777280501933,0.05305772163962059,0.08263027640702286,-0.01187997473917977,1.0,4.229967240515778,2.0,3.3326226012793176,943.0,474.0,469.0,1370.0,1370.0,1370.0,0.0,18.0,279738.0
49.094966248901336,48.28372785929266,9.653835045005406,9.847310026072574,-0.024092640970833214,48.40939096179501,9.79603589792357,1.347100971616952,1.2082830947848264,-0.13039022128939293,-0.42242452921843493,0.0158181362928806,-0.031846741112623665,-0.18035355198739056,0.03441911537513809,-0.03579914958905587,-0.044735173853783346,-0.028744704817216193,1.0,4.497603032262809,3.0,3.522,1000.0,500.0,500.0,1573.0,1573.0,1573.0,0.0,18.0,281311.0
48.50554939875694,48.520709905255494,9.848588756360561,10.10433240428411,0.02964323360682417,48.04756044379887,9.742153620225345,1.3828171353981247,1.0397810689015092,-0.0898955024554276,-0.3309724815901464,-0.05236143437546681,0.04639671639381521,-0.1966847991322206,0.20288873069715022,0.029807569283135847,-0.004064944917390131,-0.0008221997082966732,1.0,4.55396840776741,4.0,3.548,1000.0,500.0,500.0,1590.0,1590.0,1590.0,0.0,18.0,282901.0
47.45260807769975,48.38066406910021,10.295657003948557,10.631853471736765,0.01891804456741971,47.822900452932195,9.415246707833731,1.4041988804799637,1.1585252613019084,-0.03507526855699,-0.3857646746557348,0.04190352531112462,0.11040605612398151,-0.16959306962502846,-0.04141739783607349,0.029930203963308612,-0.013144898279074498,0.09386812080480703,1.0,4.724557807875352,5.0,3.642,1000.0,500.0,500.0,1649.0,1649.0,1649.0,0.0,18.0,284550.0
47.85349649180233,48.50695176135663,10.238874571132659,10.412315058658521,0.0027898849051371,47.53560392165348,10.0651010530738,1.2101761086792295,1.1612699193212714,-0.03703837684328404,-0.3214048855253364,0.011380466782576473,0.03054699866254017,-0.14413705023021076,-0.0513324133926197,-0.0440010611323055,-0.061621311594325795,0.022512334750102073,1.0,4.890444606644349,6.0,3.8,1000.0,500.0,500.0,1766.0,1766.0,1766.0,0.0,18.0,286316.0
48.435906297936775,48.277976257717796,10.557877981678956,10.452784428317342,0.01194537665441623,46.565176130569796,10.18330577055948,1.275943274907947,1.2613135647883549,-0.11296502188217891,-0.303035513021251,0.016469720358762173,-0.12771296320047007,-0.17687372960081912,-0.10486716598945099,-0.06131873217322339,-0.07759118749531684,0.03104713523739382,1.0,5.224224659738685,7.0,3.87,1000.0,500.0,500.0,1791.0,1791.0,1791.0,0.0,18.0,288107.0
47.31484549976077,47.651595489388015,10.766882818825424,10.360019944439035,-0.05893538609216283,46.333036627724105,10.048794260366268,1.178327211920332,1.14259009786505,-0.042988263182842844,-0.4327948351046021,0.011604352160708818,0.022199285261937332,-0.19169046748604526,0.09055965468316966,0.013692484354172427,-0.11065434634925544,-0.04253749356253269,1.0,5.238879435157503,8.0,3.938,1000.0,500.0,500.0,1830.0,1830.0,1830.0,0.0,18.0,289937.0
46.704768072071495,48.35791810194843,10.579581283642955,11.3191145003945,0.03676446578759939,45.091427121774046,10.105691064589555,1.2118724909955243,1.1212467931835357,0.026813878752670894,-0.31465403492062893,0.012291535337650844,0.025315574668057606,-0.2463573703651264,0.030581518883168204,0.03938499872198742,-0.06661630812077092,-0.03982752028035724,1.0,5.48754133765672,9.0,4.088,1000.0,500.0,500.0,1913.0,1913.0,1913.0,0.0,18.0,291850.0
47.55841550825598,48.4867175424008,10.819670455756137,11.3075622290429,0.08242057590983685,44.39230708413613,10.322725948756133,1.2043473974340835,1.1318716303739278,0.01600151099841019,-0.3988712473083323,0.031527771485969545,0.07543758113931952,-0.2599037215790564,0.047702894822145854,0.07169135269581435,-0.014805447847429924,0.040436186569763194,1.0,5.742722972846078,10.0,4.12,1000.0,500.0,500.0,1932.0,1932.0,1932.0,0.0,18.0,293782.0
50.346006819791164,49.77096619814998,11.173339142511535,10.447140541471962,0.0474492989399093,49.57662150388013,10.345382412214839,1.4505559039286529,1.364412308510519,-0.20630144020176042,-0.554957153086642,-0.008084443094242765,0.10227320105390228,-0.14640743679912685,-0.2806202551208722,0.04510238031450035,-0.11212108017245581,-0.034888440118274446,1.0,3.905,1.0,3.195,400.0,200.0,200.0,549.0,549.0,549.0,0.0,19.0,294331.0
50.05391288912239,49.71277168162114,10.558045439866447,10.460097515289833,0.033931449096732604,49.38460740864399,10.274038841884206,1.6267047866005102,1.2308158636462299,-0.14493834363156508,-0.48439094112515446,0.0020051134997896786,0.011608618761904681,-0.1646914844337997,0.011916305210135144,0.03583508866261957,0.053398394055860554,0.013406020646498627,1.0,4.242654537460379,2.0,3.3215031315240084,949.0,470.0,479.0,1421.0,1421.0,1421.0,0.0,19.0,295752.0
50.24536073767707,50.15445215623345,9.89211007104861,10.597518734191896,-0.08030213443838273,48.9302279921264,10.119507009769166,1.3806060916025904,1.2313387470266894,-0.08532053210243797,-0.3725409287751562,0.05669835205023393,-0.08282925787535744,-0.255007424771102,-0.0331169571525122,-0.05386440427775224,-0.010132780148526371,0.04470289766002708,1.0,4.471751955621161,3.0,3.528,1000.0,500.0,500.0,1582.0,1582.0,1582.0,0.0,19.0,297334.0
49.837479405856,50.36877745889874,9.563595176060876,10.056842195809791,-0.03607827351761658,47.820929680566444,10.43792556769441,1.2585564395845654,1.164480065743444,-0.022228670283913857,-0.36089678540770337,0.014370259603430616,0.06665825395637452,-0.13457350487037548,-0.035878292018763136,0.031791412801771765,-0.061989252609022986,-0.0017273545734617772,1.0,4.793057318849801,4.0,3.604,1000.0,500.0,500.0,1622.0,1622.0,1622.0,0.0,19.0,298956.0
50.04409398399174,50.651811105932055,9.63067291888973,10.249357823272968,-0.0857399606986307,47.06533908306108,10.06706096351935,1.500999850194267,1.0913151422797207,-0.014616615074836501,-0.29515790923940927,0.015201195803846946,0.04675650633315702,-0.16434200730343207,0.06924464468492378,0.027308675583954844,-0.023330075336731263,0.01731007958077238,1.0,5.045370457391987,5.0,3.734,1000.0,500.0,500.0,1706.0,1706.0,1706.0,0.0,19.0,300662.0
50.64103163799689,50.59235216409385,9.590041594776672,10.047546539998883,-0.00774513661742344,47.03192244021939,9.630025527259559,1.4542706110058163,1.1207032331593647,-0.08209530055974995,-0.34055724105683266,0.03221820746363912,0.06259666576744659,-0.18194933765805438,0.029025034638388826,0.049969239713568286,-0.07225743268066084,-0.01911430541598809,1.0,5.034186568894096,6.0,3.724,1000.0,500.0,500.0,1699.0,1699.0,1699.0,0.0,19.0,302361.0
50.6630946207629,49.252215559790734,9.527872494825786,10.937915208260886,-0.043361377454969555,46.97601993758903,9.710956556632487,1.296432695608751,1.234942166085273,-0.06294014289429113,-0.37762528971799,0.06474278323715582,-0.08597941520451265,-0.1484978026496191,0.0023409097835382507,0.07352730253366582,-0.0022280102507622043,0.10231648840185019,1.0,5.152485698726587,7.0,3.874,1000.0,500.0,500.0,1790.0,1790.0,1790.0,0.0,19.0,304151.0
49.83108935695394,50.26881189716457,9.92088941058684,10.640198921040037,0.03550734146556878,46.4510647657792,9.877547037342843,1.4380376696712203,1.2005030287538923,-0.016306461824012894,-0.32392550809447385,-0.07717281162040683,0.030643624059851573,-0.28016836831000586,-0.12047956466309244,-0.06670773035023886,-0.17175644053803815,-0.0067065934448667375,1.0,5.293921507397714,8.0,3.852,1000.0,500.0,500.0,1769.0,1769.0,1769.0,0.0,19.0,305920.0
49.99508994011173,50.55867803983711,9.955466136168896,10.864814018585314,0.04624443116783259,44.87094819231007,10.101723334100878,1.1674214755295846,1.2265811241274196,-0.00448330419607792,-0.3347526237403323,-0.08749097698812554,-0.1650470914455232,-0.19189063138061083,0.0216053990704526,-0.008821754671584737,-0.15200926260283507,0.0314968727530812,1.0,5.62498763296321,9.0,3.988,1000.0,500.0,500.0,1850.0,1850.0,1850.0,0.0,19.0,307770.0
50.12206817447934,50.433776130592605,10.165899777161616,10.658667939110014,0.060657345171106686,44.451167873140434,10.00984511257957,1.2081665217172552,1.2588681429516346,-0.06813961870575078,-0.43483333093304427,0.03998766402491897,0.007585458036062658,-0.20754413007731232,-0.0947308965953125,-0.01885360814835329,-0.03216647888422178,-0.052803483130669585,1.0,5.698641194193549,10.0,4.008,1000.0,500.0,500.0,1865.0,1865.0,1865.0,0.0,19.0,309635.0
50.46765614855697,50.823785363941035,10.603231877380388,9.81459549845449,0.14784893799741866,50.5809817890971,9.853250182019018,1.629746017939302,1.4160427632362411,-0.01866349627534243,-0.5426447780622385,-0.03978678314112413,-0.20448989081242294,-0.22918481904092278,-0.13954618429946375,0.09602954823048121,0.05724275515155621,0.12352884815220766,1.0,4.015,1.0,3.14,400.0,200.0,200.0,553.0,553.0,553.0,0.0,20.0,310188.0
49.93272342159156,50.197781618405266,9.765899219742378,9.910146618815368,-0.04323250354624864,49.902662954820876,9.6398934411751,1.4217623253750413,1.234819143355618,-0.07278597956169934,-0.39193829848834805,-0.034377053007219785,-0.17919248732184936,-0.2439003158353941,0.08946024474206715,-0.05316369766488773,0.037044504414024626,-0.07774621840494775,1.0,4.471477843896716,2.0,3.566315789473684,953.0,478.0,475.0,1536.0,1536.0,1536.0,0.0,20.0,311724.0
49.473293634271705,51.09760996643164,10.036551594990232,10.385433895400913,-0.0029680242983609376,48.74123005003913,9.926886243216783,1.5201691667104684,1.1449495240158856,0.06699550293995925,-0.3521986102353557,-0.01305648071924578,0.016031279292819847,-0.18743893266257405,0.0415198684009963,0.04614187335354219,-0.12031793697683076,0.049063639939109886,1.0,4.721198242498107,3.0,3.694,1000.0,500.0,500.0,1678.0,1678.0,1678.0,0.0,20.0,313402.0
48.776265469382714,51.35749424170551,9.94281382405764,9.83669331912675,0.01567646055535004,48.26274900581114,10.250508344001634,1.546883356624054,1.209567485225354,0.17134637154699675,-0.45994589456087076,-0.08698781926063445,0.06242105299271226,-0.24510745474312023,-0.02414416412819566,-0.10462720435765552,-0.09300173914920938,-0.01178615406380892,1.0,4.860032686552922,4.0,3.66,1000.0,500.0,500.0,1668.0,1668.0,1668.0,0.0,20.0,315070.0
49.700278823844954,51.61036066599226,10.123008911917719,9.601701885850703,0.011386709946175542,47.59879378119643,10.089667797646232,1.3169749075797894,1.3218134563096828,0.050898856079582964,-0.4913625208145317,-0.025606602044356355,-0.041040037131775994,-0.24953296128393174,-0.11418091629384053,-0.023685105183096754,-0.041335367396046416,0.022884643125489906,1.0,5.176611478470321,5.0,3.898,1000.0,500.0,500.0,1807.0,1807.0,1807.0,0.0,20.0,316877.0
49.911423661776304,51.232581533731675,9.75553534668581,10.071357258327769,-0.07140545550990257,46.68807198688264,9.735992986617793,1.30061436667608,1.203681882971857,0.06814814914842719,-0.38579464676941544,-0.09461074145803125,-0.011146436429889484,-0.1452348963501377,-0.02643959370740204,-0.049994120050613974,-0.0861038370605366,-0.007698430504521631,1.0,5.374293350330452,6.0,4.012,1000.0,500.0,500.0,1878.0,1878.0,1878.0,0.0,20.0,318755.0
50.03629458518245,51.751436015143454,9.889468597122322,10.784880469846273,0.015347221010749396,46.505350980609116,9.62355907130013,1.4089920074207836,1.1429446064010178,0.008517744252582594,-0.2873777226421102,0.0541170953313394,0.004718368867842203,-0.2620629350146114,-0.042377236411363275,-0.017164715843363997,-0.12205410935254293,-0.06859901078054742,1.0,5.432493312160319,7.0,4.052,1000.0,500.0,500.0,1893.0,1893.0,1893.0,0.0,20.0,320648.0
49.47755880148935,51.481422916124224,10.174019146822591,10.442511682537035,0.0503345654357152,46.2862363204773,9.794906050490383,1.3445846349412423,1.1675770408677122,0.057757067030055335,-0.33158320410144665,-0.033864128632001694,0.012656124151367167,-0.16277561190977075,-0.013054760422057918,-0.032060879989372626,-0.11363051855672117,0.07456098899799009,1.0,5.564473703282409,8.0,4.038,1000.0,500.0,500.0,1884.0,1884.0,1884.0,0.0,20.0,322532.0
49.87526820855825,51.03226691228933,10.285116054444101,10.615340485705426,-0.02586645404252352,45.52687985191687,10.273314833614279,1.2389679880996383,1.1218760329171347,0.005025491932408913,-0.310325962161599,0.07088399179967099,0.047535092291296877,-0.2036985821644133,-0.00605267225654907,0.041946211348685265,-0.0776990012519041,-0.01547337648292489,1.0,5.699197078366248,9.0,4.128,1000.0,500.0,500.0,1947.0,1947.0,1947.0,0.0,20.0,324479.0
49.74063942640254,51.081858955900685,10.072068848890591,10.159457388074387,0.02409077754467223,43.997352370882645,10.048036054349422,1.1964368483459076,1.1364793187672964,0.028001209101962198,-0.36007432327294725,-0.008497002641998644,0.034790202701313395,-0.21074283783239534,0.04100438088921349,0.047338142452058675,-0.049518296097826174,0.0410989535430717,1.0,5.7830422294562975,10.0,4.166,1000.0,500.0,500.0,1969.0,1969.0,1969.0,0.0,20.0,326448.0
50.52137263965885,50.72599236520371,10.691256482450221,10.536764211996283,-0.05907120733164402,49.458526487865,10.02450994870184,1.4295624439920858,1.170465801108609,-0.10592804200866396,-0.28952734397677404,0.013469021864094998,0.005296871376959913,-0.22366368567697495,-0.047237185701635806,-0.009707185952998625,-0.07049128968204164,-0.06676410291580298,1.0,4.045,1.0,3.38,400.0,200.0,200.0,591.0,591.0,591.0,0.0,21.0,327039.0
50.20076188760249,50.073532440456006,10.477712063480057,10.125957206375896,0.06730657627814322,48.37140663002873,10.233021577038125,1.2908511237798213,1.1356222746579017,-0.10539999669382748,-0.33930742057439706,0.05293765283594605,0.03382815466609767,-0.17351387009610636,0.03053812537285114,0.0049739915736914065,-0.03888326139774538,-0.04916645114523814,1.0,4.254538967910524,2.0,3.497967479674797,991.0,499.0,492.0,1541.0,1541.0,1541.0,0.0,21.0,328580.0
49.712427781953814,49.53526574838615,10.464477774018395,10.409392421340797,0.03887636363855311,47.001219539955756,9.739858501496027,1.4798049077884465,1.2302376220078686,-0.09410572671338781,-0.33297657021200433,-0.08992717596256423,-0.01598291866004831,-0.22690788745927828,-0.12004211348927621,-0.025328206698920965,-0.046936173452917306,0.0616978994083266,1.0,4.43230628865765,3.0,3.616,1000.0,500.0,500.0,1620.0,1620.0,1620.0,0.0,21.0,330200.0
49.16871691882542,50.12898519907247,10.294560297869156,10.334157583330475,0.00024558763081851674,46.39994565841867,9.568638692826086,1.3195521489609348,1.074216624905382,-0.014437872184599111,-0.35950044610295157,-0.08754697947489282,0.10437147331249609,-0.18524820266386952,0.11335076385394623,-0.0018535986876055347,-0.11131381474070783,0.01249091991041393,1.0,4.547873674282481,4.0,3.7,1000.0,500.0,500.0,1681.0,1681.0,1681.0,0.0,21.0,331881.0
48.7040227202622,50.20085623471662,10.316201793227906,10.271239726391372,0.0195407975454429,45.90140710383894,9.279471679258098,1.2991294339345865,1.1710158902762984,0.018066117553009443,-0.3593117233416964,0.045780491852429474,0.07260437999021299,-0.0899865175010032,-0.05096771028534843,0.016680159840359015,-0.08128119899086284,0.01760780838871348,1.0,5.027377739963471,5.0,3.686,1000.0,500.0,500.0,1684.0,1684.0,1684.0,0.0,21.0,333565.0
48.757116299534694,50.2887126877034,9.808083798612845,10.04697165103782,-0.046030012417258674,46.11349420601193,9.714830082145857,1.1442999621259942,1.199819696823569,0.07316751964579857,-0.3521166490439932,0.0028238275640229604,-0.04544397943407215,-0.1392252863872081,-0.011535851853274012,-0.026373767804949096,-0.17326667886220462,-0.004627445418151899,1.0,5.11742034196487,6.0,3.844,1000.0,500.0,500.0,1780.0,1780.0,1780.0,0.0,21.0,335345.0
48.77631205367922,49.569021007011294,9.783040319031452,9.91877897823376,-0.04573442984527088,45.36041068614227,9.498985249251207,1.3297029985993196,1.2386908522906968,0.02248026868953889,-0.3886834881041833,-0.039092328160736,-0.06945110884944078,-0.2474422696705052,-0.019726201318666668,0.014016184691439927,-0.07228470668621231,-0.0242821182346601,1.0,5.2308064132387155,7.0,3.872,1000.0,500.0,500.0,1794.0,1794.0,1794.0,0.0,21.0,337139.0
48.46560540336726,50.50261729875046,9.662862129418755,9.8874338069499,0.05959716438314376,44.44417688886411,9.564546274011546,1.2552911271159894,1.1674341284937804,0.08414419739334526,-0.39764736015944474,-0.04646893671888123,0.04445632422142543,-0.16404848695603502,0.007962003798854311,0.05327457648153045,-0.037469892692558106,-0.02850273080337812,1.0,5.319960688572875,8.0,3.98,1000.0,500.0,500.0,1864.0,1864.0,1864.0,0.0,21.0,339003.0
49.114206863310805,50.2939857222427,9.50112926212352,9.959414310391262,0.05964418692115311,43.961113712086046,9.81322805489483,1.2200729766562628,1.2189821227546742,-0.007920225712500617,-0.34091331997342,-0.043637552349317675,-0.13307647142510495,-0.1335083602831044,0.032607196725620576,-0.014226935066523706,-0.04038846107663288,0.05828513415863636,1.0,5.614312558684901,9.0,4.178,1000.0,500.0,500.0,1978.0,1978.0,1978.0,0.0,21.0,340981.0
48.316603679981924,50.94480503270668,9.583264659424552,10.14345569145686,-0.05811704289405507,44.51470139801157,9.846467714883058,1.3158448389217625,1.231514048593012,0.14191218745626452,-0.4203167808068101,0.073346457350963,-0.007578642262942301,-0.1923154328803237,-0.04075384109443862,-0.03211517191796714,-0.034213834014738785,-0.001234362368311791,1.0,5.84041394810038,10.0,4.152,1000.0,500.0,500.0,1950.0,1950.0,1950.0,0.0,21.0,342931.0
50.053978093301446,49.8089799472169,9.464273688566058,9.55884270926913,0.0010126777571378886,50.187656454846476,9.314296273743988,1.2264426588750912,1.014748247780822,-0.14024844906724018,-0.3559350751413781,0.008227810705366672,0.11320947052695068,-0.2758875120526816,0.22137841908258188,-0.03837993586161168,0.009226037848600458,0.02361266220552626,1.0,3.93,1.0,3.22,400.0,200.0,200.0,555.0,555.0,555.0,0.0,22.0,343486.0
49.27783511171486,49.624936296742014,9.39710230086961,9.553999029746143,0.0016418781103705237,49.44321228333359,9.455185058453434,1.4407443734619758,1.1411011002270026,-0.11077903034925621,-0.27453220758370483,-0.0007998701272240323,-0.06180686191727466,-0.1835162814534607,0.059899967008435355,0.07087864871953509,0.02905929387378967,0.10370505292898516,1.0,4.14132284596423,2.0,3.3544303797468356,955.0,481.0,474.0,1390.0,1390.0,1390.0,0.0,22.0,344876.0
48.499684570181024,48.75826531269703,9.092986762299425,8.921825766534234,-0.026143465237444857,48.85172612518569,9.930749852159868,1.353735857906801,1.2508637610952107,-0.02450149803423126,-0.3733948574895324,-0.06355303066764542,-0.03579262115113373,-0.22487981709074042,-0.09738172668846706,0.01886939869257811,-0.07562892236766378,-0.05090261073461591,1.0,4.53688290400696,3.0,3.508,1000.0,500.0,500.0,1578.0,1578.0,1578.0,0.0,22.0,346454.0
48.215585740249345,48.59390198628266,9.318649857511312,9.07728486724221,-0.007153916569266162,47.966208609226136,10.52163629612457,1.463688561072663,1.1808122804669194,-0.12057535809225631,-0.3339577304663043,-0.013582369535820435,0.04316598994305215,-0.12369070450866015,-0.07212085566185662,0.0467475536973074,-0.014384813726927922,0.005876458499260548,1.0,4.807772909705675,4.0,3.724,1000.0,500.0,500.0,1711.0,1711.0,1711.0,0.0,22.0,348165.0
48.03889546832119,48.692845724190626,9.191406874183977,9.661979980250582,0.027026037617554385,47.04562531517853,10.308308220486671,1.2990800962828937,1.1771789526055576,0.015613437731855764,-0.2992776518428151,0.0011039457324966329,0.06857641072725369,-0.13543215897137934,-0.12648933482132693,0.06910869132227458,-0.03413009459161642,-0.042049230249853665,1.0,5.152550634005483,5.0,3.752,1000.0,500.0,500.0,1716.0,1716.0,1716.0,0.0,22.0,349881.0
47.52508295077715,48.77500156015701,9.508836146400233,9.913113059323031,-0.016688502331693052,46.92651090476562,9.863248595865684,1.21030074657125,0.9948131657056278,0.04151651299066927,-0.24906444666723176,0.02709206519328002,0.18727334915512828,-0.21588779066295458,0.0646738323957417,-0.014231212693252593,-0.06618817462697925,0.01930937545571439,1.0,5.137348446271631,6.0,4.038,1000.0,500.0,500.0,1893.0,1893.0,1893.0,0.0,22.0,351774.0
48.40971496435425,48.50177359954672,9.829552782709323,10.091477713841508,-0.01659259157801381,46.075829937781876,10.312742124359167,1.2670993130435835,1.1481859134498422,-0.05802469421450959,-0.3922028862576982,-0.032731862351385976,0.03482810487266502,-0.17843451135545402,0.05882939546668503,-0.02437381577112089,-0.01588304128618796,0.07034065417188085,1.0,5.461492051373553,7.0,4.064,1000.0,500.0,500.0,1906.0,1906.0,1906.0,0.0,22.0,353680.0
48.254453998810504,49.15169260903068,9.686186752741433,9.954849486468769,0.009067826613955153,46.0924632266577,10.555779205827614,1.1760161916006067,1.1184127992306123,-0.040715470408074335,-0.3722062550547941,0.03155888012697757,0.06144870709398304,-0.267117160289401,0.0711948281166391,0.04328921411889113,-0.02065436854329198,0.07476978656943013,1.0,5.5215152517122155,8.0,4.094,1000.0,500.0,500.0,1925.0,1925.0,1925.0,0.0,22.0,355605.0
47.72602580059085,48.61149670153579,10.189948575527742,10.320143431672673,0.030788934318740472,45.58016374338854,10.344652069547623,1.215912160064886,1.1656617174582724,-0.05102568382881061,-0.41714050772786365,-0.13956458349913584,0.05663193665977677,-0.11068061215686596,0.025883705681179238,0.02920949927190896,-0.013450860166923562,0.016701396702745442,1.0,5.838237402301842,9.0,4.104,1000.0,500.0,500.0,1929.0,1929.0,1929.0,0.0,22.0,357534.0
47.77473756351134,48.607453018819875,9.76590016193234,11.032288420232339,-0.05569822900919452,45.36643776552692,10.07474648703359,1.0503670135468555,1.1634011434092417,-0.010138939373185777,-0.3267788109190204,0.02383360126397644,-0.004731247638385491,-0.2111196988397297,0.013489833834109104,0.021460387405614286,-0.060528685524178893,-0.02244790320090527,1.0,6.090864453636286,10.0,4.206,1000.0,500.0,500.0,1989.0,1989.0,1989.0,0.0,22.0,359523.0
49.495539367016505,49.88711116825775,9.851486271525097,10.19549067324516,0.08958098998691749,48.39689799828992,10.243187751072178,1.5383076121816834,1.2164191486476665,-0.05353697664111325,-0.5068324271029824,-0.06209939783534387,0.007454690680063786,-0.2733703506549717,0.046139720838738185,0.03351848548922754,-0.1340704117478537,-0.013352875434502703,1.0,4.005,1.0,3.27,400.0,200.0,200.0,573.0,573.0,573.0,0.0,23.0,360096.0
49.714042193573725,49.115190932264426,9.824550998902378,10.286730064329761,-0.03944820702127956,47.96101312696047,10.09440538756109,1.492948643663927,1.197772478655281,-0.13631630630206554,-0.3720098541490696,0.054826052222527163,-0.048136949111250334,-0.3058652673322318,0.016060472970279658,-0.030026993017948932,0.022189305823187046,-0.002605188618136719,1.0,4.335400655237219,2.0,3.3114406779661016,973.0,501.0,472.0,1381.0,1381.0,1381.0,0.0,23.0,361477.0
49.21799630754678,49.33732077888002,9.675545782381956,10.359497818845425,-0.05030830926872129,47.1002557390597,10.135045586155949,1.4363221053727613,1.2129130342550916,-0.13736578056744222,-0.30813305212231523,-0.08314216876625967,-0.034601887841922904,-0.16728895763942,-0.07268661352058851,0.06491358690326265,-0.11934772087918537,0.007719054561649771,1.0,4.686285218586469,3.0,3.5,1000.0,500.0,500.0,1568.0,1568.0,1568.0,0.0,23.0,363045.0
49.036024784439775,48.965542662228394,9.451651118185916,10.711522772819423,0.006393257620290513,47.07552053332906,9.846664283664056,1.3234709632327677,1.0954476650213818,-0.13848346725905172,-0.3024368855931062,0.06677125507569051,0.027101224738255398,-0.28425878016632833,0.08642503275689521,-0.0020690076986482914,-0.08875893076036313,-0.07631951447071351,1.0,5.016335175836603,4.0,3.778,1000.0,500.0,500.0,1749.0,1749.0,1749.0,0.0,23.0,364794.0
48.604237396286365,49.38952057849668,10.404083566475165,10.412165168235688,0.055105727670523935,45.2407859436709,10.416851553148458,1.2692969385963393,1.1389683255000722,-0.01600191789078831,-0.4079418858415581,-0.012988757686714376,0.09131158147566544,-0.2281250947985399,0.031278137805189614,0.04434499130501096,-0.04658166950847046,0.05404782477336339,1.0,5.189403714177355,5.0,3.948,1000.0,500.0,500.0,1847.0,1847.0,1847.0,0.0,23.0,366641.0
48.46049791832435,49.99408280362976,9.351153692303697,10.402266299072359,0.07604837422261905,45.00457516370485,9.844294366045949,1.245324768265699,1.0535055072029447,0.04343190785577873,-0.2588252345431261,-0.030293921276376288,0.07035606201369067,-0.20002446231194848,0.06894328836781558,0.06599916703151824,-0.08064416154820915,0.0381917652621867,1.0,5.266610120097493,6.0,4.01,1000.0,500.0,500.0,1878.0,1878.0,1878.0,0.0,23.0,368519.0
48.41074358062605,49.264790817562435,9.323027544607918,10.056342758337609,-0.0334690650955929,44.03508375460915,9.998776868621503,1.2471015897339048,1.2161076066885186,-0.07113203241939076,-0.33509114180783883,0.027771911122427717,-0.05704320326966935,-0.23115887073029795,-0.03903854316377885,0.03821936838558481,0.007950147972576973,0.06584234209467957,1.0,5.414748121704878,7.0,4.036,1000.0,500.0,500.0,1899.0,1899.0,1899.0,0.0,23.0,370418.0
48.60554431805205,49.19810320211208,9.6767753039961,10.674575106401058,-0.04198247079859518,43.13883318538988,10.046086455990485,1.180003996831739,1.1854063415794913,-0.037557004912447386,-0.3827566092196652,-0.011002458516471194,0.03945592825767982,-0.17514120625871127,-0.020148243959597703,0.06788451311511763,-0.02464004851095333,-0.04244751036733307,1.0,5.746882349820124,8.0,4.086,1000.0,500.0,500.0,1923.0,1923.0,1923.0,0.0,23.0,372341.0
48.95904796613387,50.41984228391151,9.422932384997397,10.669766243826192,-0.021539819189273047,42.11138156362367,10.333253439679844,1.0927386760472477,1.255287098299222,-0.022475573819263135,-0.35563362579489394,0.02422462389168601,-0.026399777016379106,-0.108263364352609,-0.13255526989794578,-0.040338637541910354,0.003119318375642075,-0.02556196069218271,1.0,5.9466380207842215,9.0,4.104,1000.0,500.0,500.0,1938.0,1938.0,1938.0,0.0,23.0,374279.0
49.059703160785304,49.31528265213665,9.464873566333297,10.675377096235005,0.016787311246312928,41.77673539029854,10.303439136839454,1.06725,1.0820669110197554,-0.014181249930812998,-0.23448901616368534,-0.03852152590585677,0.05081633193164759,-0.1876967446632688,0.03436742214714932,-0.01541776915087433,-0.04433792539330651,0.015371806867389023,1.0,6.1601026082499315,10.0,4.254,1000.0,500.0,500.0,2000.0,2022.0,2000.0,22.0,23.0,376279.0
49.14217701251111,49.40882792688695,8.937571006385875,9.610092194385157,0.03280492856275869,49.97754464341514,9.584991964488175,1.344852465278146,1.2212655639641985,-0.15981451272988972,-0.42219390627333353,-0.11898514444960913,0.009048088891983016,-0.1887693407959174,-0.03446190127341353,0.0670696457245343,0.10849388390197755,0.09164732184910884,1.0,3.8,1.0,3.44,400.0,200.0,200.0,614.0,614.0,614.0,0.0,24.0,376893.0
49.08508531282129,49.37451549360324,9.577234801436088,9.482042283023349,0.05396154029129461,49.70762560348418,9.20477044666648,1.4481957368247933,1.2262217560341915,-0.05563110582314563,-0.347028574980996,-0.06154070742420683,-0.03282771161300373,-0.1748721826133921,-0.07511592722897908,0.01710688222160149,0.0024474221106861186,0.005670902990373324,1.0,4.237367694434783,2.0,3.448,1000.0,500.0,500.0,1535.0,1535.0,1535.0,0.0,24.0,378428.0
49.0940890733677,49.98110785094313,9.256887108523186,9.855064735073997,0.004739375367092192,49.723885745818805,10.012567886094695,1.3225989632571744,1.111157306632327,-0.02872969232554342,-0.31102833660419665,-0.11924954623496976,-0.008569940665076306,-0.16246630300337364,0.09973305755036063,-0.0006038052916093247,-0.015106058568300215,-0.020686506181885427,1.0,4.452165969301772,3.0,3.558,1000.0,500.0,500.0,1588.0,1588.0,1588.0,0.0,24.0,380016.0
49.09852069238484,49.85045802139427,9.452253573951387,10.207674754906014,-0.012729037963204863,48.88325946291556,10.060526976738387,1.4137429702420676,1.2057873079941952,-0.06868910784355738,-0.28515677586690014,0.01571527814099384,0.0021784333004473207,-0.22121193484120374,-0.13685878856686917,-0.06785679788737473,-0.06590246382415448,-0.011157807565080126,1.0,4.610731121425311,4.0,3.506,1000.0,500.0,500.0,1556.0,1556.0,1556.0,0.0,24.0,381572.0
49.480440387145165,50.324383501620176,9.967668626859306,9.830372896472284,0.06508578734812843,48.61678778740283,10.000544839226427,1.3270059171324855,1.2122714467848545,-0.04996873932545172,-0.37697590597518366,-0.02371072152798972,-0.06504606679129028,-0.28824366809113594,0.01019485600905495,-0.012387936778751354,-0.03919237704044874,-0.042294327582255105,1.0,4.766856286279906,5.0,3.978,1000.0,500.0,500.0,1863.0,1863.0,1863.0,0.0,24.0,383435.0
49.63145022285663,49.03115143670274,9.757551196898463,10.325560949070114,-0.021074946955382395,48.09195661695826,9.411849970268028,1.2048422246729518,1.1147475513488387,-0.10870361696591849,-0.2869534120341473,0.04265374694820839,0.07909669583493846,-0.16623179329885832,-0.02268093802058628,0.054171412583645245,-0.06584651268304557,-0.09213148633621185,1.0,5.065326445121348,6.0,3.816,1000.0,500.0,500.0,1753.0,1753.0,1753.0,0.0,24.0,385188.0
49.52688085714746,49.10885624872291,9.746381298403074,10.424363655890645,-0.045930298070139486,47.182899675407505,9.769114244816087,1.165140843384455,1.168981274869487,-0.14874760076881074,-0.3574440786918743,-0.09700192452139747,-0.010462520985687198,-0.16973878199270825,0.026394398938373018,-0.02151913198052658,0.0015125185316852995,-0.0055438198282848055,1.0,5.443915122745511,7.0,3.944,1000.0,500.0,500.0,1828.0,1828.0,1828.0,0.0,24.0,387016.0
49.48066953811496,48.46829905330828,9.806248401391569,10.449385708867881,0.07452974330981867,46.20206095424916,9.814228793177538,1.0352628094543377,1.1567392396166687,-0.18055736502136266,-0.3509866178245551,0.040405283319170225,0.06567502677184205,-0.1400561038139336,-0.03071496408021653,0.007267740474703638,-0.06336372110476968,0.051810929343150194,1.0,5.519668316845302,8.0,3.99,1000.0,500.0,500.0,1857.0,1857.0,1857.0,0.0,24.0,388873.0
48.47160375715024,48.588584489801164,10.11741519529432,10.792760683701383,-0.004889948516943428,45.489710172860235,10.224042560103124,1.0831486828785875,1.1000395794660256,0.023524889103009577,-0.34278203491800524,-0.026410311353068597,0.1500348239786984,-0.13650442563304482,-0.020529222846830206,-0.02055759448182432,-0.07528331513140366,0.03909948142358709,1.0,5.632912136786331,9.0,3.966,1000.0,500.0,500.0,1852.0,1852.0,1852.0,0.0,24.0,390725.0
48.34825508485791,48.40599150319263,10.14410811744592,10.364141335356662,0.07580586181666145,45.02199751946782,9.908132063612499,1.1229708998586339,1.24375095358915,-0.09273278192391667,-0.436229637706069,0.02114908134799334,-0.016758992637496795,-0.1497735356252403,-0.04543337387286479,-0.0009950983614476921,-0.03763266762462725,0.03543324013559613,1.0,5.883123246970197,10.0,4.066,1000.0,500.0,500.0,1907.0,1907.0,1907.0,0.0,24.0,392632.0
50.59550349181919,49.299881687978065,10.183146904879193,10.465356552779102,0.05357704148118799,49.95218458732884,9.479323525599877,1.2407272137001866,1.0837244190159452,-0.12019231575138722,-0.2822992271109972,0.03042166076351612,-0.27809929412656786,-0.20164156485762935,0.393935838226809,-0.0073660493851387164,-0.12158596548045732,-0.028277476900713843,1.0,3.76,1.0,3.21,400.0,200.0,200.0,555.0,555.0,555.0,0.0,25.0,393187.0
49.71589870010029,49.51916758042458,9.92929133910468,10.428309784686894,0.01844570853336569,49.871854232357755,9.532285204565097,1.603558871082297,1.124799551924325,-0.02222439138828731,-0.3436017664306089,0.12012608167840474,0.011316355427342363,-0.2342613814701509,0.08325551208489569,0.011512571904091475,-0.07565607771983088,-0.0713915948196032,1.0,3.9683549812611894,2.0,3.302521008403361,955.0,479.0,476.0,1380.0,1380.0,1380.0,0.0,25.0,394567.0
49.83785890098093,49.466383897088726,9.611646866805149,10.363752694284779,-0.02166109249221323,49.35192265259788,9.817025168477771,1.4840299456584587,1.1491751874749896,-0.06471055165571352,-0.3164144097361034,-0.03890951599496,-0.019295349948460147,-0.21888391324073045,0.034303128851797586,-0.0546019870183258,0.01834574456917513,-0.0899457195079591,1.0,4.200558673946133,3.0,3.384,1000.0,500.0,500.0,1488.0,1488.0,1488.0,0.0,25.0,396055.0
49.546968135667235,48.9110019619329,9.934477651606272,10.455220430751245,-0.06151435924767696,48.13635698813214,9.975459968359674,1.3797941568840437,1.100178544298071,-0.12731168427665362,-0.33749565168931894,0.011005921764641874,-0.06810540083482006,-0.2618172659708847,0.1889859646653904,-0.007936724134403054,-0.06096712222258392,0.0637856018810138,1.0,4.471499464207956,4.0,3.562,1000.0,500.0,500.0,1583.0,1583.0,1583.0,0.0,25.0,397638.0
49.13985789935603,48.91904207587309,9.8583946044458,10.215765248631667,0.04988261900518105,46.699772477097625,10.431709002027485,1.3059536367810165,1.2850781294723328,-0.10794422401896066,-0.48383948744133615,-0.07060364755752697,0.032480537029563564,-0.09320159555284567,-0.12812718407822182,0.04970265585298435,-0.011134440908749092,-0.03174298173810857,1.0,4.589327931938982,5.0,3.604,1000.0,500.0,500.0,1614.0,1614.0,1614.0,0.0,25.0,399252.0
49.51529727711143,49.34545671112834,10.39010093059423,10.806411641094746,-0.035747149875503904,47.01919174032203,9.556919067440647,1.411573393981824,1.2359252195299724,-0.13060019106614484,-0.4361790042790769,0.05631261027383112,0.026120153099575473,-0.10915224677456392,-0.06583966043795692,0.12749846021951564,-0.06092915660591674,0.026559911417384646,1.0,4.801924020092779,6.0,3.756,1000.0,500.0,500.0,1722.0,1722.0,1722.0,0.0,25.0,400974.0
48.52624985913042,49.11708898723496,10.262526619533412,10.666020039185295,0.005379991309667067,46.96751441110405,9.700826321999667,1.2031292502493467,1.1928131578048564,-0.04461445250510516,-0.418719363297735,0.026075376940046417,0.007590195866431534,-0.20067848793706175,0.023196414001242973,-0.08770402655088573,-0.023955126004480656,-0.023744807596884954,1.0,4.93312569992642,7.0,3.784,1000.0,500.0,500.0,1732.0,1732.0,1732.0,0.0,25.0,402706.0
48.2602520613747,48.97572051785146,10.523603103797209,10.719720909590876,-0.01177864466857814,46.612637630604716,9.747450733780981,1.177848888888889,1.195154664695128,-0.06685479255337701,-0.3855647375328923,-0.023643916386158294,-0.004959250572578952,-0.18953798746954992,0.004364313363034091,-0.025360466435723684,-0.09585977416976943,0.009981654138020928,1.0,5.161409898895465,8.0,4.002,1000.0,500.0,500.0,1875.0,1875.0,1875.0,0.0,25.0,404581.0
47.52333077388934,49.09354223028093,10.174643157103127,10.581274406288454,-0.06860905354804415,46.15856686604046,9.552551606169335,1.380401777634781,1.2673694190354663,0.02360294037864812,-0.4788866869343636,0.056288020743884025,0.061338249208547836,-0.1407308885449147,-0.08792065007472084,0.06588578905678208,-0.09397941652919126,-0.10256372076296903,1.0,5.340491274280714,9.0,3.858,1000.0,500.0,500.0,1784.0,1784.0,1784.0,0.0,25.0,406365.0
48.32164947478078,49.4417811377191,10.03859458904387,10.150074654467554,-0.06019028271565279,46.08824887879246,9.676668235915923,1.2120398616118313,1.3155422712379006,0.02684133655019723,-0.41152865201502975,0.017489910924093088,-0.060137839730707174,-0.16988202959714116,-0.13685774590053482,0.039031557990684265,-0.07224904474181257,0.015766369611089653,1.0,5.615720654107631,10.0,4.014,1000.0,500.0,500.0,1876.0,1876.0,1876.0,0.0,25.0,408241.0
50.62038967531822,50.57469128702295,9.766928614053276,10.9681176091306,-0.0005837616094625594,50.2857756927422,10.568033348485816,1.4658212670567847,1.1432910379307497,-0.07958087618116856,-0.2402232997504656,-0.08732719555427608,-0.04369063318791414,-0.19422289127071785,0.024714174661945712,0.10126559175520401,-0.07378770038909387,-0.05985522601611685,1.0,3.915,1.0,3.17,400.0,200.0,200.0,554.0,554.0,554.0,0.0,26.0,408795.0
50.23556263832325,50.496098076625856,9.414919085720218,10.782686470023155,0.03905597713897741,49.570062785143236,10.339655323003221,1.3793463878499128,1.0709186558301649,-0.022778475222049108,-0.2095457688838087,0.009566804271073447,0.046926919051219186,-0.19200546870989132,0.020109229255881034,-0.057863030228618155,-0.040812157974780265,-0.027961430502905477,1.0,4.064070807064404,2.0,3.343283582089552,954.0,485.0,469.0,1376.0,1376.0,1376.0,0.0,26.0,410171.0
50.105305136025564,50.718115057493456,9.458895230242469,10.615177462992017,0.10639583321436782,48.87043899747496,9.766963436619147,1.4491200169209493,1.2045362322955846,-0.022798872355643218,-0.2864785222708772,-0.07855850523188777,-0.03710415363332904,-0.16578007010858728,-0.09351137309891484,0.025364513220127286,0.01575218391305006,-0.042056951705141336,1.0,4.5675484783899645,3.0,3.406,1000.0,500.0,500.0,1497.0,1497.0,1497.0,0.0,26.0,411668.0
50.56388909717484,51.30357401938797,9.586542954769042,10.559794484365321,-0.0037281300856641256,48.59315718093644,9.904179849290836,1.245440305848924,1.2954403973680486,-0.014550255411551244,-0.37082777315640336,0.018404452497345212,-0.08873020731282773,-0.17495618283474287,-0.14329465293267293,-0.007657624623704033,-0.0782376449647151,0.024524055227233346,1.0,4.813669716791234,4.0,3.49,1000.0,500.0,500.0,1559.0,1559.0,1559.0,0.0,26.0,413227.0
51.070155157458295,51.445788717804426,10.118297049901917,11.11088670525789,-0.012000642968477,47.659452403551526,9.646514876579815,1.2579059054914348,1.0860279210745176,-0.0831975310617044,-0.21848340299475902,0.03696120207020373,0.0352489404681703,-0.15732362872272945,-0.019963206428468574,-0.030231567144227457,-0.11978203202414447,0.06470217904324677,1.0,4.848737373889835,5.0,3.672,1000.0,500.0,500.0,1668.0,1668.0,1668.0,0.0,26.0,414895.0
51.510727797108935,51.34148104916671,10.405192565410715,11.28941038605521,-0.016408153363576886,47.967789900950045,9.45223401314971,1.3535913587840465,1.1218068403688304,-0.12002450392303769,-0.338585288073953,-0.06659392983928089,0.0004032842713476131,-0.11972318016697861,0.0992105352252906,0.044157702168733125,-0.026966158840394477,0.0711917675475927,1.0,5.07891755925731,6.0,3.862,1000.0,500.0,500.0,1781.0,1781.0,1781.0,0.0,26.0,416676.0
50.51424487230444,50.72288591001235,9.824780289688892,11.26490858821804,0.025765081161266034,47.738629741815586,9.601312545463195,1.3828844293249274,1.1821127647570278,-0.05039174783455849,-0.3794466671833035,-0.0013265454625955833,0.006805649023095746,-0.20307736641198135,0.004306315802305297,-0.016194799786468705,-0.09975756388610843,-0.024491998800538088,1.0,5.271582636461493,7.0,3.87,1000.0,500.0,500.0,1790.0,1790.0,1790.0,0.0,26.0,418466.0
50.22279406848263,51.39954665074903,9.967211413389037,12.204633229486824,0.024051203555076773,46.9099785910033,9.370751935686481,1.338295856925717,1.2564990507875207,-0.09498396291272558,-0.2975497468718376,-0.07203136238453607,-0.06174779897864081,-0.14252684561966966,-0.15051527569280157,-0.0852911292785319,-0.06239920438012826,0.05453841051049903,1.0,5.283593388828704,8.0,3.798,1000.0,500.0,500.0,1747.0,1747.0,1747.0,0.0,26.0,420213.0
50.07785339694716,50.7599860003747,10.256932467564354,11.548502275950819,0.008569371374031094,46.30430562452962,9.314873126851488,1.175378964392423,1.1058875560676962,-0.025313408562774538,-0.3559991511039156,0.010409923092083016,0.03606035035475273,-0.2280993141273983,0.10508674037139394,-0.07347793630606624,-0.08664397606181146,0.07731024474202748,1.0,5.510134753906097,9.0,4.066,1000.0,500.0,500.0,1910.0,1910.0,1910.0,0.0,26.0,422123.0
48.919660320705184,50.254675247852894,10.433033758263944,11.198262386702499,0.0031221029131214047,45.95170132830978,9.780634299247419,1.373556296600553,1.1188583463537112,-0.08047470565561274,-0.3358853903369602,0.021389355967799586,0.029693723433474383,-0.2893904234583597,0.06259233828983989,0.09380957966118164,-0.037689402883212327,-0.03698350470890821,1.0,5.975218962870345,10.0,4.056,1000.0,500.0,500.0,1895.0,1895.0,1895.0,0.0,26.0,424018.0
49.878972602540195,51.02169621202057,9.960494438018026,9.778155408616357,0.05248450809301356,49.564532695177114,10.192598269101788,2.07674584137355,1.371367552112635,-0.01123741033889289,-0.5531201466554224,0.03712515728765983,-0.0445644092680361,-0.2337650103939546,-0.16341849805701913,-0.04210668653181983,-0.059200330479378685,-0.053384520764940185,1.0,4.4,1.0,2.915,400.0,200.0,200.0,493.0,493.0,493.0,0.0,27.0,424511.0
49.93715409855256,50.96291153893697,9.898539276579507,10.29081931991717,-0.06255719026074075,49.146331090394604,9.741691221629095,1.5312106398907825,1.1886765568605595,-0.08854478664155421,-0.4039260065516321,-0.09032334562033918,0.05456435557711036,-0.2232031675296645,-0.03591854442102598,0.011788889874030588,-0.09102232763096649,-0.05011134431986077,1.0,4.875141998425303,2.0,3.3080357142857144,893.0,445.0,448.0,1305.0,1305.0,1305.0,0.0,27.0,425816.0
49.523731999007,50.92641078995361,10.150755059930452,10.577970636510036,-0.014599875302905014,48.49084210684661,9.678680578599803,1.4549871554616343,1.1638329840436676,0.024476842104545433,-0.3847183422292581,-0.06008204386783431,0.029637333402860084,-0.2243167795398221,0.016209154276780994,0.11413218050093953,-0.10463354166254718,-0.004915085295602867,1.0,5.130563943056434,3.0,3.674,1000.0,500.0,500.0,1676.0,1676.0,1676.0,0.0,27.0,427492.0
50.34724574813488,50.95950319884899,9.548388358882534,10.230153420099382,0.02213177073069053,47.65109222406239,9.984124545197902,1.327618857354527,1.197212023935612,-0.04428883066528654,-0.4545569048727234,0.11302571632664137,-0.005786771398586066,-0.29876388428119316,0.06872843202545813,-0.04311662645558222,0.0357634802392963,-0.005301137584780793,1.0,5.178602354628937,4.0,3.74,1000.0,500.0,500.0,1698.0,1698.0,1698.0,0.0,27.0,429190.0
50.479725624828184,50.90506042815784,9.75885120179372,10.159677142492882,-0.002133611592780931,46.723546148440356,10.502040610023554,1.2749201490550963,1.2349875146868179,-0.10566622288515778,-0.4301949468824566,-0.0017150686770693079,-0.05849902349814075,-0.16393978033340054,0.004256099599546834,0.038623574796931966,-0.056105271026671906,0.0319715919558034,1.0,5.338415030987349,5.0,3.836,1000.0,500.0,500.0,1768.0,1768.0,1768.0,0.0,27.0,430958.0
50.405989068505725,51.075875052555716,8.987886516407288,10.451576723047808,0.046267060405739135,46.152227816809244,10.318175325573804,1.260233639221395,1.1016257699592789,-0.04260408537381345,-0.1976686045751839,-0.024133492490248556,-0.02158559775466638,-0.24230977947171603,0.02814774388398391,-0.04492064227575586,0.03686139152383005,-0.036961940787682765,1.0,5.58322313769386,6.0,3.932,1000.0,500.0,500.0,1823.0,1823.0,1823.0,0.0,27.0,432781.0
50.167392151862984,50.75750384934215,9.344055536246339,10.515660691625973,0.04755684667251544,45.0601434945873,9.727796882467299,1.0923095091364499,1.194535086491331,-0.008587313036397813,-0.31426327782867497,0.05374862287185874,-0.0104841828695288,-0.10703768900438233,-0.06026302145800151,-0.021556498166137913,-0.07286508785411638,0.0019131914561647885,1.0,5.841967395138959,7.0,4.104,1000.0,500.0,500.0,1939.0,1939.0,1939.0,0.0,27.0,434720.0
49.8701109941573,51.10882398615677,9.65438991474267,10.891419308223483,0.03960100552763634,44.60788555261915,9.718390463224619,1.2524235611009193,1.1957946055112378,0.04431631746383322,-0.323491503675964,-0.019958721400439312,-0.06080740102045553,-0.19676303800915657,-0.004829242984794218,-0.02470490290787271,-0.0110914703087294,0.03339468581205877,1.0,5.874718655921936,8.0,4.19,1000.0,500.0,500.0,1986.0,1986.0,1986.0,0.0,27.0,436706.0
50.84848083143859,50.94984795098076,9.402601961669541,11.024072908175384,-0.023607145410199298,43.67934278740454,9.35911133397105,1.230412729266147,1.1004740298087043,-0.08270733583508004,-0.2514310225830265,-0.057634589236808656,-0.011520576645844613,-0.22730661744790592,0.04495616737286478,-0.1050136776499391,-0.1034563056847711,-0.008768384198477256,1.0,6.0399366498540585,9.0,4.214,1000.0,500.0,500.0,1996.0,1996.0,1996.0,0.0,27.0,438702.0
50.746402428900005,50.92029738563723,9.819386922359168,10.836131038013638,0.020664165043454374,43.401657682510574,9.81889228033757,1.0415700906401342,1.1981144789430949,-0.08043742014369286,-0.27889474566089173,-0.005305228084385708,-0.015651444735354493,-0.18561124546175406,-0.10262176132371499,-0.013759655208389576,-0.0297162160386089,0.03650160384559679,1.0,6.253087464553642,10.0,4.218,1000.0,500.0,500.0,1995.0,1995.0,1995.0,0.0,27.0,440697.0
51.18138696987932,50.53209626348346,9.738802863289992,10.490196538922921,0.05867532487618891,49.88880634385554,10.436517960456163,1.6307750472589793,1.179518649707643,-0.10141518043635163,-0.2578653827331292,0.02684488226834505,-0.12683544879075276,-0.27625149591786563,0.03187759891590818,0.023605179830816236,-0.08559308017975437,-0.03222285050654904,1.0,3.76,1.0,3.26,400.0,200.0,200.0,575.0,575.0,575.0,0.0,28.0,441272.0
49.865164540355906,50.97574280161155,9.337119907606779,10.954781365350216,0.02906965057686738,48.93453721461891,10.861692130070182,1.3024051519617241,1.1678967601213186,0.026233508553597955,-0.2513316525138859,-0.02348958157343047,-0.014955449110073788,-0.13968351303967627,-0.05419351771552243,-0.0003518612744839295,-0.07182456417209654,-0.02250531900592482,1.0,4.18219715269415,2.0,3.4728370221327967,975.0,478.0,497.0,1556.0,1556.0,1556.0,0.0,28.0,442828.0
49.92214019515671,51.67512028900081,9.92146944357374,10.97358104079049,-0.05835057256254338,48.776999747590374,10.379964433993383,1.3538983811688134,1.0849572603322202,0.0292204786421741,-0.3483314591878166,-0.02141981523871746,0.056420959638060826,-0.15932494264756863,0.1197534436575014,-0.009483493576930308,-0.10917860683654514,0.0537552552233489,1.0,4.558866251766416,3.0,3.62,1000.0,500.0,500.0,1635.0,1635.0,1635.0,0.0,28.0,444463.0
49.632376616776696,52.497680412763515,9.972886549125763,11.255035579526673,0.04999735254680885,48.23765013281147,10.332606451990413,1.4566982496839533,1.1217025076421852,0.1283754968047542,-0.20707620713126806,-0.0409478828464491,-0.07546143487902525,-0.33455721812531586,0.0413253137504122,0.0024985292830143275,-0.15684835799589744,0.0490919349407205,1.0,4.677992933198791,4.0,3.672,1000.0,500.0,500.0,1662.0,1662.0,1662.0,0.0,28.0,446125.0
50.72154565048778,52.4691794462168,10.058222498053297,11.413021587352546,0.015636501209005064,47.47380999675218,10.005430969500964,1.3267634484761706,1.126556853133278,0.029479859298988526,-0.2694172692459787,0.01085210667175988,-0.038873733551808794,-0.1976297341513308,0.0581825585979798,0.03830439029043818,-0.05994553518863468,0.017226867063845533,1.0,4.9961278873492105,5.0,3.846,1000.0,500.0,500.0,1772.0,1772.0,1772.0,0.0,28.0,447897.0
50.294659295790204,52.24672736509263,9.980266418888888,11.941289657671803,-0.046527799137215727,46.72863299627724,9.602394046761143,1.3247802236171353,1.1290454879889371,0.0781541523332028,-0.29623982754451883,0.028028078697470347,-0.008282639177513262,-0.2729722616382022,0.04587993090046664,0.007126947964786078,-0.018625752808003306,-0.0659792532536816,1.0,5.133622843709194,6.0,3.888,1000.0,500.0,500.0,1795.0,1795.0,1795.0,0.0,28.0,449692.0
51.10547403541811,52.33495428540787,10.23309408546281,11.164640149779498,0.07483905116567194,46.28595918268255,9.89796692431886,1.1848263872511815,1.1848387763757584,0.05133340752874851,-0.3375119066909426,-0.07300080843208807,-0.04812033060851342,-0.18525155028155507,0.008326270058357852,0.036444227504634996,0.010306222587711805,-0.06310320347212195,1.0,5.307077908216661,7.0,3.99,1000.0,500.0,500.0,1859.0,1859.0,1859.0,0.0,28.0,451551.0
51.408270079884424,52.16526847298224,10.36422229669297,10.545953286933567,0.031390702692927014,45.269865262372434,9.704861847462826,1.359558385751651,1.2047418954599596,0.009635249766909633,-0.3051365665108623,-0.09458556490580729,-0.09035315905735138,-0.3100944980304888,-0.023290257239373714,0.04475819611250712,-0.08045503515384082,0.06499938137873701,1.0,5.548498986555569,8.0,4.032,1000.0,500.0,500.0,1891.0,1891.0,1891.0,0.0,28.0,453442.0
50.98925878138523,52.62971808004409,10.214592479258672,9.941510010834824,0.04878574668913366,44.27985569668229,9.465157210621948,1.3585057936330294,1.121166330932027,0.05069436937325295,-0.34337956166248906,-0.052743994014894484,0.13179799482546561,-0.22339781881556497,-0.022600460442198204,-0.09708899419781729,-0.06970969749188129,0.007461259088429262,1.0,5.831068408701487,9.0,4.114,1000.0,500.0,500.0,1928.0,1928.0,1928.0,0.0,28.0,455370.0
52.07866991759242,52.486536261493974,9.82962793773269,11.170178985641174,-0.00280945047922696,43.55121473225553,9.630720436587715,1.1029064280350793,1.1921747894652353,-0.08056732691667448,-0.23287743064248093,-0.0921237572113208,-0.15686702403679592,-0.19591028876204164,0.004789729657614355,0.013114290956496494,0.0010187474803287251,0.010796601168155973,1.0,6.151177248614979,10.0,4.042,1000.0,500.0,500.0,1905.0,1905.0,1905.0,0.0,28.0,457275.0
50.14421263749868,50.32330422716607,9.385637768782516,10.581079101849776,-0.061824127703443275,50.10301696595259,9.521978412052832,1.310759368869252,1.10174827927261,0.0203235276331127,-0.1676323492781019,0.002308418678361795,0.0368210717143395,-0.11287171124785364,-0.05832394351359571,0.22477516882923812,-0.06206238904476906,0.09927321666764023,1.0,3.86,1.0,3.15,400.0,200.0,200.0,547.0,547.0,547.0,0.0,29.0,457822.0
49.836147202301866,51.16935635990742,9.372103249362134,10.73918136095495,-0.02253121031393554,50.086923362919045,9.44159225147038,1.3316545164405802,1.2868881367333729,0.04648757841606963,-0.400920779271548,0.019119977100119433,-0.0107838536357017,-0.09883198905944335,-0.16403388052531165,-0.012956233771601667,-0.07117308035989099,0.020546518574263425,1.0,4.17973278397248,2.0,3.3876288659793814,947.0,462.0,485.0,1453.0,1453.0,1453.0,0.0,29.0,459275.0
49.837390225877904,50.88176392977917,9.965198564036204,10.23196010884752,0.08572479717292415,50.044464484542615,9.511236122111342,1.4830188549265975,1.2909912502989602,-0.042681306868363356,-0.44203056534747226,-0.07261498013020062,-0.08778594947965121,-0.1731444238413041,-0.04664261910745079,-0.03569171262677734,0.011101561144845814,-0.0065920313827496895,1.0,4.475031874650889,3.0,3.428,1000.0,500.0,500.0,1524.0,1524.0,1524.0,0.0,29.0,460799.0
49.39224646191325,50.760973333044824,9.705731334874072,10.927764871894084,-0.03609317249885685,49.33112654520559,9.866632393423215,1.3733415817762227,1.1867537608336123,0.03609311717344657,-0.3503486445815265,-0.06452636744972055,-0.03272367328144297,-0.18842217298141586,0.024389503275271028,0.05133384831894825,-0.13391235311848682,-0.09030803167122524,1.0,4.846533900064788,4.0,3.528,1000.0,500.0,500.0,1589.0,1589.0,1589.0,0.0,29.0,462388.0
49.28125448711532,51.154000324209505,9.214689032516102,9.990829084986787,0.02883112105212261,48.31310690420659,9.590642337282064,1.4762328743943738,1.2037255138268952,0.003512061025479658,-0.3202838653042699,-0.04859454879398443,-0.00939602125055419,-0.2250382891630311,-0.07020268730599394,-0.017870432942614655,-0.03469837906647856,-0.0819447742887263,1.0,5.0269159507718015,5.0,3.722,1000.0,500.0,500.0,1693.0,1693.0,1693.0,0.0,29.0,464081.0
49.04064301743817,51.53426689951064,9.569062301451304,10.296228099049443,0.002046724729900006,47.81434829893871,9.802580765918423,1.2565385416145238,1.1436714616815196,0.04807901058933776,-0.31304151441656203,-0.024957360685450795,0.023553532220024185,-0.19747592366415778,0.002781365499784646,0.011746103769193248,-0.048690359794319224,-0.017463006607238908,1.0,5.3315832755499475,6.0,3.852,1000.0,500.0,500.0,1771.0,1771.0,1771.0,0.0,29.0,465852.0
49.177462327938954,51.4268941047858,9.780642549144856,10.158389036141383,-0.07088474032664005,46.95336381881854,10.018435817177012,1.1650722502326776,1.2446343267054365,0.07287579880653954,-0.43948286026434474,0.028559116859905663,-0.03025942451738659,-0.2855692714615103,-0.016586136853534966,0.019313294939812563,-0.10975045714875158,-0.07721494606430604,1.0,5.501486022679534,7.0,3.916,1000.0,500.0,500.0,1807.0,1807.0,1807.0,0.0,29.0,467659.0
49.489594427665395,51.879192123756134,9.950223450198022,10.074037666619319,-0.043791671694945696,45.455387578059366,9.875055734489763,1.2646062633528323,1.2670944202664638,0.07683273155271712,-0.47640417687053027,-0.05658747378291129,0.023202988284948347,-0.09602610767504083,-0.07813964715017443,0.00681274818947504,-0.04106495249916294,0.03080914565827893,1.0,5.850339514451057,8.0,4.016,1000.0,500.0,500.0,1877.0,1877.0,1877.0,0.0,29.0,469536.0
49.2322517076425,51.36732968498018,9.59414954214083,10.69136805252531,0.04042740094416823,45.35544719980727,9.617708972646575,1.1154886753072741,1.1663432525635578,0.0568783948108544,-0.4187516640702698,-0.005128330081639278,-0.026848377769193355,-0.16075302422485058,0.10001694495810756,0.017280215454125652,-0.09858803652791231,-0.02656593010168606,1.0,6.133832308061954,9.0,4.156,1000.0,500.0,500.0,1970.0,1970.0,1970.0,0.0,29.0,471506.0
50.21448959835962,51.21253385302386,9.715659836802333,10.959210379500826,-0.05761674795982346,44.686499678295995,9.941645561205764,1.15275,1.2370716857411699,-0.02848630651222151,-0.38243033304593826,0.03646795504847373,-0.10646834321210917,-0.1784353497692284,0.011471247258671968,-0.018098513317352096,-0.06901337316271089,-0.013934841824722984,1.0,6.4062196599046235,10.0,4.28,1000.0,500.0,500.0,2000.0,2045.0,2000.0,45.0,29.0,473506.0
49.98990939327274,49.72797377542565,9.699797806645048,10.530072609299692,-0.07093413927144648,50.38250797363922,10.230739676854675,1.375626638567179,0.9934299170932627,-0.11151313505735416,-0.2840252569688117,-0.05045255802427071,0.3456742760565456,-0.1263937948838068,-0.018902141269596585,0.061621380165358376,-0.07675999174703402,0.00963661242816738,1.0,4.12,1.0,3.26,400.0,200.0,200.0,563.0,563.0,563.0,0.0,30.0,474069.0
49.27302658417156,49.84692100659685,9.926226159561725,10.027764714135317,-0.002806972226535427,50.044153986600925,9.944485554972978,1.5271669724970063,1.2784586323179072,-0.007584793388235898,-0.34939839184188337,-0.03319601849383696,-0.1472818871273912,-0.14640283057636766,-0.07924381320966367,-0.00681680611390867,-0.14250297216280708,-0.10436113339255566,1.0,4.264312529816988,2.0,3.4583333333333335,963.0,483.0,480.0,1491.0,1491.0,1491.0,0.0,30.0,475560.0
49.47019589368396,48.70516849468992,9.57172837873507,10.569184550354496,0.08448100314592384,50.22164913632313,10.19508541592168,1.336453367902092,1.073275567145431,-0.11497287005215948,-0.1704035688002985,-0.06504010682482188,-0.029658962548754525,-0.2597027398999766,0.040682878927399344,0.08744308122768571,-0.022348639745806094,-0.020867246098961387,1.0,4.499587894381155,3.0,3.492,1000.0,500.0,500.0,1565.0,1565.0,1565.0,0.0,30.0,477125.0
49.3879259038864,49.51748761849123,10.028197294481371,10.308746698813783,-0.06087397017953926,49.452069475454564,9.819499496987373,1.281120597183832,1.204279931628296,-0.07337366884101114,-0.3955393373812306,0.038660028098133035,0.04178154297786884,-0.1502351143677543,-0.06385946923010256,-0.001679944593389262,-0.06393289970102659,-0.028739133475742938,1.0,4.6817490064969665,4.0,3.6,1000.0,500.0,500.0,1626.0,1626.0,1626.0,0.0,30.0,478751.0
48.65289764764541,49.00281045751831,9.92185812638599,10.219180867276988,0.0337426132251793,49.22613215440051,9.523099807174878,1.3802186452102227,1.1311830833635235,-0.13174407264861124,-0.3366157419904242,0.04348389372529314,-0.036089965558291116,-0.28278495307306334,0.11733746303584887,-0.11717018740928406,-0.07353801384312039,0.03497747963792051,1.0,4.941492258323957,5.0,3.708,1000.0,500.0,500.0,1686.0,1686.0,1686.0,0.0,30.0,480437.0
48.80869071713785,47.922750523049494,10.290381324814659,10.31766613906266,0.058632663163227114,47.94368273505876,9.323025968923888,1.4541048903527265,1.1630636376841965,-0.1255129542556238,-0.3614196262117375,-0.09806190404536619,0.008818127553075579,-0.3104500371422669,0.024473076062920936,0.07460392126742202,-0.11406607823792679,0.06181803759288692,1.0,4.9450640901044665,6.0,3.866,1000.0,500.0,500.0,1796.0,1796.0,1796.0,0.0,30.0,482233.0
48.69223468388019,48.11926628578143,10.076076739451338,9.815478830968441,0.11386293248682232,46.70847714464346,9.745990845882888,1.2386754004757945,1.1550051432446875,-0.12423827466961905,-0.4692183476406896,-0.06608365249656144,0.14567137507008046,-0.16407905170718468,0.002768869810235697,0.006428295970707386,-0.03146778586373936,-0.03159775405876607,1.0,5.295636927458461,7.0,3.96,1000.0,500.0,500.0,1841.0,1841.0,1841.0,0.0,30.0,484074.0
48.409205265665314,48.54822061114042,10.157380507917715,9.586506600364974,-0.004952447276257231,46.52745205316114,10.4971925503057,1.2589818025228485,1.2784179553712538,-0.08889371698684728,-0.5322877913725353,0.016685202578104748,-0.08584530618238291,-0.16194449653549023,0.05943116521325956,-0.0441146890443751,-0.044224824662306025,-0.06558102602496037,1.0,5.372074083665942,8.0,3.944,1000.0,500.0,500.0,1835.0,1835.0,1835.0,0.0,30.0,485909.0
47.41344532418322,48.946812524607694,9.969616086666838,9.39967903404809,-0.019957450062360906,46.42993364882771,9.69109830940881,1.312570923343614,1.1764371684500934,0.02352905972327505,-0.3289513797501721,-0.07782703234451122,-0.0660942952093345,-0.316266329291057,0.05352329454576989,-0.0029426608843564623,-0.10992590142860244,0.08953569640657595,1.0,5.40667843722189,9.0,4.044,1000.0,500.0,500.0,1895.0,1895.0,1895.0,0.0,30.0,487804.0
48.275039125337074,49.7704972662583,9.99853457663464,9.888655942871178,0.032136294609613085,45.26862408050846,9.719206544993265,1.1483746549475855,1.170234490543278,0.05903754155491964,-0.36945639101655026,0.011946818588793828,-0.0148702530694246,-0.16784129225567743,0.032591867602208335,0.03687201084931789,-0.06969213632207347,-0.10391365254085295,1.0,5.6447044013332315,10.0,4.122,1000.0,500.0,500.0,1944.0,1944.0,1944.0,0.0,30.0,489748.0
48.89995100445624,50.62206530803083,10.749861510684905,9.99878580455667,0.04590636453119201,49.78876879096909,11.075382497639978,1.424392720917325,1.1752105960663153,0.018729646986464496,-0.3397433930448397,0.14139437932073942,-0.025753889330829387,-0.10519310343435503,-0.008657793673085284,-0.013227264437561424,-0.14030257311884387,-0.11230491747137203,1.0,4.015,1.0,3.27,400.0,200.0,200.0,582.0,582.0,582.0,0.0,31.0,490330.0
49.22586002395528,50.78706380313148,9.911079501656431,10.146934200088252,0.025266124848948034,49.15937890038821,10.517119528347576,1.4267809470028927,1.0870092469646404,-0.05987488222566252,-0.33848635456226817,0.058006478113118314,0.025141976549160547,-0.19653424727340701,0.14396273728434145,0.02434533401852236,-0.056054755803708625,-0.03578817750221175,1.0,4.231223353252754,2.0,3.443762781186094,982.0,493.0,489.0,1498.0,1498.0,1498.0,0.0,31.0,491828.0
49.031523130642796,50.585042903284894,10.006713891495995,9.812129221821616,0.027616526937703303,48.2174411011636,10.2966810675296,1.507332519084652,1.1519138724059061,-0.0009916328706529296,-0.36457841935650703,0.026043750140406195,0.13703794030960303,-0.19260493612572702,-0.08177136899144717,-0.03888930981933536,-0.09325449236256114,-0.03059781044250303,1.0,4.479368693003753,3.0,3.618,1000.0,500.0,500.0,1639.0,1639.0,1639.0,0.0,31.0,493467.0
49.5374590505421,50.55775914912481,9.885062637754503,9.915818432256845,0.04291282634055008,47.91321855392101,10.075148890244883,1.3275717845538828,1.1622773282193164,-0.034706873638963145,-0.38440518821313074,0.03892237540283412,0.09893444736037561,-0.1470057059596539,-0.056175465221784134,0.03905518924633405,-0.09324578715355304,-0.00021262750179301443,1.0,4.659939753511829,4.0,3.688,1000.0,500.0,500.0,1685.0,1685.0,1685.0,0.0,31.0,495152.0
50.09428297832245,49.87359412680995,9.643442141249315,10.29926848907088,0.05482174040867915,47.35352159693751,10.081591533077377,1.1891927599418686,1.186819422683687,-0.13312230817039658,-0.3269378066662274,0.025611594736569848,-0.030568660477450795,-0.18077580432129634,-0.013566176923761445,0.017773561168534163,-0.11162232524283486,0.017340876636786982,1.0,4.740456099280778,5.0,3.78,1000.0,500.0,500.0,1740.0,1740.0,1740.0,0.0,31.0,496892.0
49.04796550833937,49.68733222182115,9.447751422628606,10.265490797104066,0.003950364400470494,46.793805588346,9.856551053582772,1.3290407831362985,1.163423701650274,-0.019081421772681042,-0.27390465924450413,-0.0021873616900711062,0.06448120918466507,-0.18496159637337337,-0.12377697871329316,0.040277630649012734,-0.04440100276991764,0.03999749657311154,1.0,5.0317972840007865,6.0,3.818,1000.0,500.0,500.0,1752.0,1752.0,1752.0,0.0,31.0,498644.0
49.44351447288661,49.52109127020291,9.752965489764225,9.950227663632873,0.07178625636915248,45.53054072565907,9.817713424585682,1.288,1.2393811832206434,-0.05864171086095273,-0.3684196680039159,0.04534754188161067,-0.019693515886237557,-0.12653017221039561,-0.08533790932617337,-0.05811952820434611,-0.022161520458632924,-0.006192771897065445,1.0,5.178779123107826,7.0,3.816,1000.0,500.0,500.0,1750.0,1750.0,1750.0,0.0,31.0,500394.0
49.68439838284722,49.73308998155974,9.86016492293477,10.463373123160656,0.008199476401554214,45.3323999985346,9.849864786319056,1.3142472630602642,1.2123364068748481,-0.03360290164965139,-0.3851318763681997,0.012721766211165109,-0.05875869503737143,-0.2268738448071987,0.017703707328493804,0.006246188415182314,0.022040222206325,0.029390538234704798,1.0,5.523302461963657,8.0,3.844,1000.0,500.0,500.0,1771.0,1771.0,1771.0,0.0,31.0,502165.0
49.574517688470664,50.34877655834554,9.399846489285105,10.20928688943935,0.013904342446399296,44.81235515770747,9.51578604818474,1.3152608788612692,1.244129052438055,-0.0021846995930292737,-0.4424743428947535,-0.008433152951823267,-0.054471476867312976,-0.14756130740361745,0.0020399681698011025,0.05146593901662394,-0.08904155112270692,0.027230686400984985,1.0,5.659532258894817,9.0,3.924,1000.0,500.0,500.0,1821.0,1821.0,1821.0,0.0,31.0,503986.0
50.391926583336065,51.043867762818586,9.39938408758552,10.2587598542004,-0.10779260127398832,44.378068779421845,10.272660864217125,1.2364900337008249,1.141021485400698,-0.02600619349717214,-0.2716249525881461,0.003245504744513063,0.00340581194902286,-0.24405397856280697,-0.014188452384591271,0.018708698908338654,-0.10144399296624539,-0.008185655557026734,1.0,5.8577265486536625,10.0,4.146,1000.0,500.0,500.0,1944.0,1944.0,1944.0,0.0,31.0,505930.0
50.75204272790168,50.65862170111483,10.620140125404063,9.24606472155687,-0.05757658650106384,51.69017899628814,9.697640009598715,1.4787502248816449,1.3636331567501294,-0.07372201615347991,-0.5928845175650727,-0.049653544372414975,-0.019997781000123317,-0.32095534729767583,-0.13110178216350366,-0.04781827614530492,0.026858087125316746,-0.03976296783237837,1.0,4.125,1.0,3.545,400.0,200.0,200.0,637.0,637.0,637.0,0.0,32.0,506567.0
49.77441316479328,50.27240133230892,10.528129618765101,9.532129734493774,0.015464142619105859,50.84281031710846,9.837925148844622,1.6814704934244682,1.172337219439922,-0.07462938627012064,-0.4842336574076806,-0.12435673838155616,0.06949945366637743,-0.19998592334470325,0.06468119032873897,-0.09262028559713868,-0.07907864845546908,0.10787046065448999,1.0,4.542945252775846,2.0,3.342,993.0,493.0,500.0,1482.0,1482.0,1482.0,0.0,32.0,508049.0
49.25677440456352,50.17129534154811,9.971912449242408,9.29487915734991,-0.02145969313362103,49.994969498020424,9.635717517513259,1.4446943883176666,1.3015419110276432,-0.07086176713441376,-0.4072972203792333,0.04197883360513499,-0.09479347823026796,-0.2069876011175227,-0.10502298969402245,-0.0016639066725015522,-0.03410549526981365,0.017990154128162933,1.0,4.656122670631817,3.0,3.638,1000.0,500.0,500.0,1647.0,1647.0,1647.0,0.0,32.0,509696.0
49.00845369788759,50.79894448824788,9.730167926078584,10.06907764698524,0.014512168791282419,48.65019353819868,9.385379430143026,1.4710829217807353,1.0991493615096422,-0.029054243936162703,-0.32531474652709486,0.05347951450011757,0.10190385753131861,-0.16461886528989889,0.03287896514593935,0.011902056477473395,-0.11523956717242032,0.015898445760117133,1.0,4.8921324575079765,4.0,3.688,1000.0,500.0,500.0,1682.0,1682.0,1682.0,0.0,32.0,511378.0
49.12883365828603,49.860421077053914,9.137868422690499,10.309169778864474,0.04489989796963206,48.44337803469498,9.70017686979295,1.2639724062147069,1.1755911768249796,-0.05021638521786301,-0.2874523797967435,-0.01196395508592962,-0.032135204807203124,-0.1437592849194984,-0.03151424377530008,-0.07167656521125386,-0.027363709333926022,-0.029993557235012413,1.0,5.24756012038409,5.0,3.906,1000.0,500.0,500.0,1810.0,1810.0,1810.0,0.0,32.0,513188.0
48.43479862548531,49.72070951469109,9.080233660358758,10.795019583027566,0.006286115070830311,47.84239796928102,9.3895746061416,1.163552581744729,1.1346276441436323,-0.03407126815437962,-0.3092575247334492,0.06540732245175829,-0.0009771898115282095,-0.16836587302702566,0.04854692123124811,-0.025918136269974572,-0.025967886241127256,0.0831555002527632,1.0,5.281453954977285,6.0,3.854,1000.0,500.0,500.0,1780.0,1780.0,1780.0,0.0,32.0,514968.0
47.90266993199259,49.14490346701801,9.27810313981365,10.1006036147449,0.030948328409522722,46.617961955723835,9.218822571554767,1.0583437229785437,1.1892786585203892,-0.026797137647746837,-0.36171630850603975,-0.08304905475687399,0.005340352204544572,-0.19042608766044014,-0.01496183458214953,0.007118143863029967,-0.03962658435634609,0.0007563983678044584,1.0,5.439712049521336,7.0,3.868,1000.0,500.0,500.0,1784.0,1784.0,1784.0,0.0,32.0,516752.0
48.50001021372474,48.40594943136503,9.115925933876362,9.945600332916449,-0.0453202099286943,46.22675488468038,9.509555875544553,1.2765830600738552,1.1283782271071778,-0.03729360594452478,-0.2690576679575023,0.04149866857469925,0.03975821442520741,-0.2506755135742483,-0.023882247316334912,-0.009732680918341924,-0.06042302791999028,-0.07875140118062189,1.0,5.521547431313387,8.0,3.996,1000.0,500.0,500.0,1871.0,1871.0,1871.0,0.0,32.0,518623.0
48.288958664397185,48.85500142251305,9.454476565011204,10.701852105456664,-0.02331262866624411,46.270490205132226,9.735021837608336,1.199787673016445,1.022650583832236,0.003169069831144095,-0.21927424699328507,-0.0013473051846398265,0.11561850122916131,-0.307179074554279,0.0433502902751392,-0.022242093819969357,-0.030708479930907234,0.08641830542343971,1.0,5.6992479377644125,9.0,4.102,1000.0,500.0,500.0,1935.0,1935.0,1935.0,0.0,32.0,520558.0
48.45086647862839,48.52397108607419,10.25948988331705,10.677797645907525,0.05939294899198582,45.23176168842111,9.723033307854879,1.1975,1.1200398096077742,-0.04472062676498871,-0.3235132463307318,-0.007972834984949708,0.049795236781712784,-0.19644538929809827,0.04093816498336931,-0.0334564587099623,-0.11250098038351991,0.09218507459682726,1.0,6.305644184608508,10.0,4.212,1000.0,500.0,500.0,2000.0,2002.0,2000.0,2.0,32.0,522558.0
51.58262059343997,50.302066648017764,10.32589832364415,9.321733525463097,0.05773039612153577,50.90933075787881,9.934110807012875,1.607069952273384,1.1590296370293156,-0.045613415222941205,-0.43578172128397147,-0.2599660268530024,-0.03314087031013107,-0.3039522219781513,0.13994821077204375,0.010543509868840738,-0.1302744682755755,0.054124456959836566,1.0,3.79,1.0,3.38,400.0,200.0,200.0,591.0,591.0,591.0,0.0,33.0,523149.0
50.461581302459145,50.80912930837791,9.988030652748758,9.558812104011654,-0.0437525291575906,49.62109923008435,9.953012340541465,1.5919211693246706,1.2894453909311927,0.002695442294958283,-0.4196403329566714,-0.05544719922160803,-0.14266805813456998,-0.22787710737725733,-0.016956881268759546,0.018272635352490643,-0.049505309331589524,0.05082313139391405,1.0,4.17000389352751,2.0,3.6307385229540916,991.0,490.0,501.0,1637.0,1637.0,1637.0,0.0,33.0,524786.0
50.41396265907458,51.52350898555728,10.10923772286575,9.493526598731432,0.040474018103887816,49.21498599424617,9.958897295639042,1.4132231404958677,1.101145324858572,0.039412218921256174,-0.3472037186281052,0.07749212619399092,0.07621203352315356,-0.28778429595539423,0.0742437526673882,0.07888459691531632,-0.10237943795515171,-0.01979054095579525,1.0,4.445034457681241,3.0,3.668,1000.0,500.0,500.0,1650.0,1650.0,1650.0,0.0,33.0,526436.0
49.49156129739565,50.68526021848993,10.004784825381975,9.176302901340367,0.015755095283883348,48.37757132531324,10.136747107565295,1.2780488329912485,1.2542030281518304,0.008831102691731828,-0.42457863346116104,0.018036137466767077,-0.016513375311471755,-0.1758730000240937,-0.06139195453734903,-0.05725683715163942,-0.061628645525634865,0.07344287264935716,1.0,4.553412446253107,4.0,3.82,1000.0,500.0,500.0,1751.0,1751.0,1751.0,0.0,33.0,528187.0
49.944810320150125,50.74396194637968,9.446258754487134,10.00290043502688,-0.005969296889723052,47.25633667353123,9.856121649363,1.2575579112681592,1.1108139367240277,0.03584504211825683,-0.3191185443679535,-0.04387589902493634,0.01836276863132193,-0.2303521506248413,0.0804728513459915,-0.0014225202494643635,-0.06008853753140653,-0.031002202200475983,1.0,5.003029378605818,5.0,3.702,1000.0,500.0,500.0,1698.0,1698.0,1698.0,0.0,33.0,529885.0
50.21346074547963,50.752980088507414,9.328110513934277,9.920816954941078,0.030862353396028313,46.52792178129811,9.629873468458017,1.3008162752477568,1.1793810935667657,-0.006044508398538358,-0.32997945618452246,0.06688960283491918,0.0033669079976962053,-0.18910871576649185,-0.035768991419661965,0.0046170133327904424,-0.14658452376550865,0.09659133917729713,1.0,5.111355062841459,6.0,3.764,1000.0,500.0,500.0,1723.0,1723.0,1723.0,0.0,33.0,531608.0
50.10815105564969,51.17904352513692,9.168517870914986,9.252218786743924,0.00042805717148536066,45.90318776629843,9.391250475139554,1.244908664598537,1.2519742923011843,0.05144898636227622,-0.4256209691386628,-0.029275287718416483,-0.030165200620118862,-0.19037467581268688,-0.06115541963344779,-0.030716182302317294,-0.10138028232521927,-0.07394876382713722,1.0,5.233890843618507,7.0,3.808,1000.0,500.0,500.0,1741.0,1741.0,1741.0,0.0,33.0,533349.0
50.74603217141336,51.300276407126916,9.702581876349335,9.361075036999445,-0.001501298614077383,45.11214444406214,9.762185477768483,1.3716726732143352,1.2521333822134522,0.010642736900663703,-0.5099756767518343,-0.11379277016292363,0.011719079827090317,-0.219501230339692,-0.027629986350398317,0.03251516948335292,-0.10152955505228096,0.10729431407308145,1.0,5.508590107540684,8.0,3.952,1000.0,500.0,500.0,1842.0,1842.0,1842.0,0.0,33.0,535191.0
51.178061088383366,52.38991797030255,10.008676742382926,9.811634182260311,-0.01831994896327724,44.497499272242536,9.881222050912454,1.2991028006246064,1.3058627075403224,0.018213776276958263,-0.5213828872437942,-0.048276752382462054,-0.0482324789604716,-0.25546401193027934,-0.04439222650541562,0.013299218314356044,-0.010697479721856928,0.053957331221496575,1.0,5.663100032961682,9.0,4.034,1000.0,500.0,500.0,1901.0,1901.0,1901.0,0.0,33.0,537092.0
51.053795012709166,52.394549602368855,10.032574732264274,10.47212767130556,-0.03724619267859871,42.62942415498663,9.882218136829938,1.1764669948605337,1.2113643932825218,0.10439176111238416,-0.4124168760829409,0.004029900368176702,0.009010844808945012,-0.18783241978619164,-0.012906558736760826,-0.0037376421460694675,-0.05301217482181692,0.038298229486164216,1.0,5.685726341690383,10.0,4.146,1000.0,500.0,500.0,1953.0,1953.0,1953.0,0.0,33.0,539045.0
49.389297043497216,49.76761390718034,10.10495946062842,8.951165371409727,0.07684422646242062,49.740776123889106,9.495287723802772,1.6643990929705212,1.3076525628458748,-0.18268834295332242,-0.5712279425994731,-0.026607290691570733,-0.04360629577574026,-0.33768808834423414,-0.04341747842545193,0.061176201742964564,-0.17121298906320576,-0.06863239518592247,1.0,4.09,1.0,3.34,400.0,200.0,200.0,588.0,588.0,588.0,0.0,34.0,539633.0
49.23228313730557,49.76608403242863,9.555891051143396,9.083355302846261,-0.03203812860362473,48.892834887932366,9.98050856763888,1.4929587019354915,1.2900670359157742,-0.07643935928150271,-0.4887530111570181,0.08723704178649548,-0.04219180856739682,-0.12903318019532925,-0.07043436363568298,0.011465370227359292,-0.1547921603166512,0.036852981920636456,1.0,4.3527314774283345,2.0,3.3612774451097804,988.0,487.0,501.0,1487.0,1487.0,1487.0,0.0,34.0,541120.0
49.10488538329544,49.765618746743826,8.8268510710137,9.473602812041761,-0.08404572867885286,48.74189866658698,9.812102648072123,1.3906988480313656,1.1824856663536212,-0.03331513754275307,-0.3170493973246457,-0.07219211983241236,-0.03190167887592902,-0.14595318867412274,-0.02333044349889479,0.013524533747243349,-0.051279811787949034,0.019629877808008848,1.0,4.527453079160595,3.0,3.574,1000.0,500.0,500.0,1605.0,1605.0,1605.0,0.0,34.0,542725.0
48.97056932767517,50.10338690705309,9.269632472492061,9.879636284148413,-0.06427087833437202,47.891614178386654,9.955940219474778,1.4541491092097312,1.1400210268987698,-0.05046707663785025,-0.42665269416437746,0.005349477253271125,0.09713308577657981,-0.22775393038244404,0.015131202706778847,-0.05047052528720312,-0.11857721074430916,-0.0782891367314392,1.0,4.868051762222791,4.0,3.596,1000.0,500.0,500.0,1609.0,1609.0,1609.0,0.0,34.0,544334.0
49.96218588608915,49.61571148081496,9.194018358912095,11.060031464270855,-0.028854690710312044,47.03344989446481,9.998485093710102,1.2332531513230027,1.1910661148427495,-0.051852386172279295,-0.2599406177134908,-0.12327380826084827,-0.0568569728476423,-0.10763703280491996,-0.06484927340615541,-0.012034626334446664,0.004983767270560253,-0.023299027949375585,1.0,5.196533861724874,5.0,3.75,1000.0,500.0,500.0,1715.0,1715.0,1715.0,0.0,34.0,546049.0
49.21338884309728,50.45123820577293,10.036453564225749,11.5908042613684,-0.010183635314288396,47.47947108644135,9.720383696691322,1.1893702785738627,1.1747279740712648,0.056468178249253806,-0.3200876358928426,-0.009667654538556102,-0.10493394626875614,-0.19603872378579232,0.06138790450924359,-0.001947442524429262,-0.10636299226316594,-0.007933054028478551,1.0,5.300326451786309,6.0,3.71,1000.0,500.0,500.0,1682.0,1682.0,1682.0,0.0,34.0,547731.0
50.35187229490166,50.821643835502066,9.911422609848266,11.503904089265964,-0.047234707619940176,46.89615089540349,10.086129053311018,1.196378900157408,1.0345748491063325,-0.11585952801705052,-0.3000060494612214,-0.062511889780798,0.15557456269996342,-0.2576216020765081,0.0734489370282948,0.009990540711192573,-0.03695441290468077,0.03174084262940716,1.0,5.560510705051879,7.0,4.0,1000.0,500.0,500.0,1865.0,1865.0,1865.0,0.0,34.0,549596.0
50.485589481443455,50.8465368560271,9.409804473193251,11.723077221289063,0.02463487155578432,45.049181067346176,9.900618847258317,1.1666542339771124,1.0740041128996325,-0.006825187803147414,-0.27105764266079657,0.005219310134079674,0.07710248737130712,-0.21696804716353624,0.04366840007253261,-0.001577090125888622,-0.11247311509577346,0.014052271563252105,1.0,5.549897659255966,8.0,4.106,1000.0,500.0,500.0,1927.0,1927.0,1927.0,0.0,34.0,551523.0
49.76949244407788,51.22037613129256,9.805371084398352,11.56814230109344,0.04281717251941893,44.26282065962274,10.024226526386297,1.2337990544564283,1.206365612084649,-0.01339187688401512,-0.4053488855650136,-0.006426359823692154,0.0226594868706064,-0.19378085936723144,-0.04822430416506557,-0.05104243370175199,-0.09251690329431583,0.05751410891278858,1.0,5.815640486594594,9.0,4.044,1000.0,500.0,500.0,1903.0,1903.0,1903.0,0.0,34.0,553426.0
49.7127919648656,51.11693922543566,9.830175701934948,11.106170335968498,0.02900497040275139,43.73085941406827,10.038008192073987,1.1258667262334077,1.083986150310676,0.006826198219191521,-0.3042544431838644,-0.0863005934605946,0.11950366729258062,-0.19775755710387224,-0.004952711380372729,-0.003932498924221591,-0.0945265982242355,-0.02639797107418582,1.0,5.982451664050577,10.0,4.14,1000.0,500.0,500.0,1953.0,1953.0,1953.0,0.0,34.0,555379.0
49.524068450789585,50.35606944552296,10.011108145348427,9.775296318967156,-0.07302772516372363,50.7025056451264,10.52119228280034,1.4750888642852977,1.1834853707815707,-0.03583806374008379,-0.36109656754076397,-0.0631702018368404,-0.06222578989079683,-0.2776631362863421,0.017322998095393716,-0.10029278101680564,-0.015042133820692041,-0.11387383049100104,1.0,3.995,1.0,3.06,400.0,200.0,200.0,524.0,524.0,524.0,0.0,35.0,555903.0
49.62660821817819,50.14330890262418,9.568659985567427,9.919013958343305,-0.00444205884158111,50.16426162678806,10.233726334895323,1.6483524998900483,1.1116783261627845,-0.04539058322480689,-0.4027505989992366,0.02672452149373318,-0.012564802049287808,-0.23881011752865614,0.15584581739466366,-0.014796546531744906,-0.13222742075265864,0.04170018899128564,1.0,4.254646120162363,2.0,3.371244635193133,924.0,458.0,466.0,1382.0,1382.0,1382.0,0.0,35.0,557285.0
50.65781428717401,49.9403622938952,9.505947554738496,10.092808724668084,-0.03324027884314626,48.98963797073327,10.29176644634653,1.3829217037544834,1.034067497294368,-0.08345836849839092,-0.29502748171236537,0.05214316298499714,0.029285151442819218,-0.2766322589860401,0.18831308868373825,0.0330843662266579,-0.04645445113558518,-0.04126746615596258,1.0,4.300836799998475,3.0,3.426,1000.0,500.0,500.0,1522.0,1522.0,1522.0,0.0,35.0,558807.0
50.55681415254425,50.12404882751295,9.832300812578714,10.46119202014654,0.07300040049536365,48.779299609269735,10.527520106835421,1.306054161860823,1.2525646641526798,-0.07862459750016203,-0.3262448825712058,-0.06412544839507506,-0.041956940927097695,-0.18260598390982571,-0.14088671372408001,-0.012372367861842284,-0.06909321184912753,-0.00020131292870362056,1.0,4.587596928923479,4.0,3.606,1000.0,500.0,500.0,1632.0,1632.0,1632.0,0.0,35.0,560439.0
49.80750128346318,50.030216928395696,10.224907436284239,9.765435817290966,-0.023178426132188217,48.4238795987611,10.501394285948933,1.1753984355236335,1.2091013673019428,-0.019561662247617097,-0.4154582358401858,0.00683130866665746,0.0881244976867708,-0.15204704942727007,-0.09305692113528993,0.010697187815805259,-0.0969085686345474,-0.02253251027991359,1.0,4.98037486281771,5.0,3.85,1000.0,500.0,500.0,1796.0,1796.0,1796.0,0.0,35.0,562235.0
50.572408998184514,50.64191797453887,9.99628075216446,10.135502959760528,-0.004808448053670732,47.24826077159897,10.139651919953588,1.0985666311327318,1.1898859146159682,-0.1003979427116213,-0.40581212179890336,0.043932871866749455,0.004506850371717239,-0.18907779665700483,0.023755050113888287,0.0011796751027792064,-0.06728534887546445,-0.04099374295182348,1.0,5.136319166532004,6.0,3.874,1000.0,500.0,500.0,1788.0,1788.0,1788.0,0.0,35.0,564023.0
50.200145738609365,50.11433354038797,9.78465486254597,10.528484292023066,-0.04119577871227633,46.468500476972416,9.90117097448591,1.3671341193027655,1.066096594975963,-0.14123769226155614,-0.3420505474708888,0.042743192762162416,0.0016636204490644679,-0.3311751658930709,0.21555527359401536,0.057603799433842674,0.002754014522002572,-0.04323032676713282,1.0,5.468777032652282,7.0,3.798,1000.0,500.0,500.0,1739.0,1739.0,1739.0,0.0,35.0,565762.0
49.41149659914916,50.69702388829258,9.799408715856345,10.582620491288917,0.06088529301394331,45.541827963325574,9.715112538843774,1.2185847548622868,1.1449675458265405,0.06517673835605094,-0.31643446696452554,0.05200710912247728,0.08019785986514721,-0.17352659967615822,-0.060405147777046024,0.03680250886107937,-0.0036775438473480616,-0.028554145787133632,1.0,5.72618983619252,8.0,3.966,1000.0,500.0,500.0,1847.0,1847.0,1847.0,0.0,35.0,567609.0
50.35561670676974,49.612993819879534,9.708936634872417,10.492406436184403,0.027199182679581765,44.313884338347656,9.854319463042364,1.1800403750588113,1.219487092752261,-0.16688855109711476,-0.36143178638430884,0.06406331881783345,0.01845993657501277,-0.2595364626040413,-0.09629088378689252,0.03416308733374324,0.009369913343543531,0.031152836525243772,1.0,5.681025209561063,9.0,4.154,1000.0,500.0,500.0,1963.0,1963.0,1963.0,0.0,35.0,569572.0
51.149890348833864,49.34533569948205,9.516150241087917,11.370438800180455,-0.004992257602844669,43.38287454957791,10.125396623288301,1.1982045595262165,1.1695030695553712,-0.20534570385998518,-0.18686832269636347,-0.058863945760000355,-0.1244048797677509,-0.12791877405510715,-0.03009270764031302,-0.07079139505843106,-0.007010224347225233,-0.036962022476859556,1.0,5.888626395841878,10.0,4.154,1000.0,500.0,500.0,1954.0,1954.0,1954.0,0.0,35.0,571526.0
49.76533809943537,50.656061193114695,9.870508602459815,8.980531482482741,-0.11185669634516565,49.64903433916216,9.94386165335062,1.2330819767630021,1.1821213659647332,-0.08278870888519879,-0.4954304278066434,0.05558189330765545,0.050452249179678145,-0.07876999325289696,0.10537446585146976,0.017477018853773126,0.002080636244824122,0.09811832358532639,1.0,3.87,1.0,3.32,400.0,200.0,200.0,583.0,583.0,583.0,0.0,36.0,572109.0
50.005372171231144,49.81764736142135,9.407226666816971,9.212037348819408,-0.0660735490039302,49.25605285216305,10.376562103820218,1.5728603710596574,1.3040491266495768,-0.09859132847933043,-0.5200172111755144,0.09828421716957456,-0.04087638119886158,-0.20146786318161972,-0.06226328771364676,-0.12183539996486044,0.018838215971421393,-0.09929649498728707,1.0,4.110997707181765,2.0,3.3375527426160336,983.0,509.0,474.0,1382.0,1382.0,1382.0,0.0,36.0,573491.0
49.44081111155643,49.67073169375733,9.064114009442525,9.844031333319345,-0.028821025949694046,48.76648711518387,10.041953860690176,1.4306316986924705,1.1348085367842025,-0.06284361947324967,-0.33986155568022064,-0.0028644678749710608,0.07280885758356323,-0.1295484440280551,-0.013750892777141224,0.0451120585965815,-0.08476677777674962,0.08246266846341603,1.0,4.2167637488043965,3.0,3.448,1000.0,500.0,500.0,1528.0,1528.0,1528.0,0.0,36.0,575019.0
50.20426749097233,49.36051630628244,9.372067561824457,9.69322348454616,-0.014195084258618738,48.929757302581436,10.433437264910214,1.2838338308406487,1.1717173608958147,-0.1080564713226094,-0.4017608897373361,-0.07796160695499298,0.016466112319109834,-0.21630434654518496,0.04010500891226226,-0.018209488234766612,0.03838198586753521,0.00995212936162058,1.0,4.509501440995736,4.0,3.578,1000.0,500.0,500.0,1589.0,1589.0,1589.0,0.0,36.0,576608.0
50.15051242319359,50.635422007582555,9.119205889710443,9.52080272742701,0.0440662474307502,47.88201143727866,10.353674966978543,1.5511685295398463,1.2367007338324547,-0.03213736738958277,-0.33878783652537503,-0.08588357390594753,-0.17282474304994247,-0.25615697303197876,0.024052462617608503,0.019553111104328887,-0.06699530159521178,0.06531035998304671,1.0,4.78098479263579,5.0,3.65,1000.0,500.0,500.0,1660.0,1660.0,1660.0,0.0,36.0,578268.0
50.76772559158246,50.995650968318095,9.368492238543427,9.73789046411516,-0.022553377473189758,47.67002832498565,9.92711819339576,1.2725494469873526,1.2142299108599899,-0.061703233851949806,-0.385392352010614,0.027010777739722158,0.003438529546462008,-0.2455017666726205,-0.05975414370337314,-0.03819876956367999,-0.05199589014924581,-0.012159483668996239,1.0,4.797811877530374,6.0,3.722,1000.0,500.0,500.0,1692.0,1692.0,1692.0,0.0,36.0,579960.0
50.56532508817384,51.59542137878263,9.196344319888437,10.201266967098464,0.06954910438027512,46.62461700773204,9.593958739838113,1.253141957883207,1.1036042571379239,-0.02511943755902893,-0.2423439090471585,-0.05261664005944935,0.054814504531772376,-0.28107845630620315,-0.008031944699894721,-0.09467607656277466,-0.015846444413714675,0.06005638465076482,1.0,5.116901400904279,7.0,3.806,1000.0,500.0,500.0,1766.0,1766.0,1766.0,0.0,36.0,581726.0
50.33091445422912,50.746474970364645,8.739768820436515,10.623611770774104,0.04949667245219427,45.081676691500746,9.930877625926236,1.2225080753508843,1.197352391627425,0.0011804638276084584,-0.26539455835595016,-0.04527987372657544,0.008454546405475185,-0.1665424540400335,-0.13833288327711854,-0.04002605273869002,-0.028798642440900777,-0.02809304949162393,1.0,5.267715696088935,8.0,3.88,1000.0,500.0,500.0,1794.0,1794.0,1794.0,0.0,36.0,583520.0
50.227068901982186,51.90045700617229,9.276449988734193,11.016662241148566,-0.03746950548003734,43.68291984352028,10.264307252012332,1.1972996362459456,1.1036632197825587,0.08995784737677372,-0.22979448260375282,-0.08254053198911121,-0.00933353881762391,-0.1913202917202199,0.037580719658800485,0.06329027260931025,-0.0774397406171811,0.01810217409678878,1.0,5.547038162740685,9.0,4.016,1000.0,500.0,500.0,1885.0,1885.0,1885.0,0.0,36.0,585405.0
51.09593209043641,52.30332787086172,9.365864030934292,10.996438098475188,0.027958915618273586,44.3459426224995,10.58958430970731,1.2365768794877918,1.2041445832831101,0.04856528479628277,-0.3267799763274159,0.033183343777859226,-0.01930481719210288,-0.27307457273116365,-0.09085694420169262,-0.017544773519449008,-0.1455708795454695,-0.002675829828343062,1.0,5.551717078988706,10.0,4.144,1000.0,500.0,500.0,1956.0,1956.0,1956.0,0.0,36.0,587361.0
51.001921730554834,50.59001891806409,10.779980098956171,9.468869567737029,-0.0679455564556728,49.41159840545131,9.830871516834856,1.5614957349732197,1.3084422563068663,-0.1406665558642011,-0.5520957994373453,-0.025937794218998673,0.004587712914134261,-0.13081320584345,-0.0778675081071911,-0.05360745256221923,-0.015608748369475402,0.11851895989745487,1.0,4.06,1.0,3.28,400.0,200.0,200.0,568.0,568.0,568.0,0.0,37.0,587929.0
50.430092997819905,50.60179468489921,9.87109728736296,9.911330240534989,0.007450142759548557,49.11124017744599,9.88982565376708,1.5096044686750343,1.2122720965994846,-0.06386755849708806,-0.3538076117662751,0.016160445860918454,0.036747677954944734,-0.23115201883041156,-0.10503316095111677,-0.09518814173743366,-0.023503637633377355,-0.012148795773247224,1.0,4.422949504350605,2.0,3.405940594059406,968.0,463.0,505.0,1531.0,1531.0,1531.0,0.0,37.0,589460.0
50.5480447647457,49.860755804166544,9.325849637040934,10.212379530824723,-0.006065529014382017,48.468637505331415,9.52816463611069,1.3638681478783463,1.0964107686557398,-0.06392564906450106,-0.40974937926345734,0.05065493110467415,0.079874187801842,-0.219270412186143,0.1265206753890078,-0.021482921317441513,0.003440873281247616,-0.08957946007903202,1.0,4.67063943067381,3.0,3.566,1000.0,500.0,500.0,1615.0,1615.0,1615.0,0.0,37.0,591075.0
50.00603802378423,49.060669501646046,9.485301630083578,11.229186915470388,-0.031051165958988675,48.250946314239506,9.464263777637658,1.2427410518626743,1.121792378830138,-0.16495883323404492,-0.23704917721821486,0.02785504552936838,0.06112450879770255,-0.14767955478530495,-0.0659559751693989,-0.07199183075498412,0.013293754212205458,0.0472223763256564,1.0,4.9185075407981635,4.0,3.852,1000.0,500.0,500.0,1776.0,1776.0,1776.0,0.0,37.0,592851.0
49.54889865565941,49.28123439354878,9.822422007582135,10.820840932559358,0.01668042730141159,48.168369144504524,9.752619324445865,1.2002200220022003,1.205317990848193,-0.08508327891368518,-0.3619447259814594,0.025667996950236117,-0.0135753621274771,-0.2478671246820667,-0.03155298692496888,-0.020620355439353557,-0.03722972175462636,0.003373990209710748,1.0,5.225884216514608,5.0,3.914,1000.0,500.0,500.0,1818.0,1818.0,1818.0,0.0,37.0,594669.0
49.26472726098309,49.37583231633352,9.717519055827491,10.71136533062936,0.053228798727628895,47.705548019111255,9.623336648988127,1.3753534944781927,1.0316912944718406,-0.045691424927015396,-0.2590990482942853,-0.05441186181080316,-0.010835220911751514,-0.27056797924479176,0.22607888111225755,-0.03388621024242628,-0.10541002221892481,-0.12442190819405788,1.0,5.451883735963309,6.0,3.976,1000.0,500.0,500.0,1844.0,1844.0,1844.0,0.0,37.0,596513.0
48.32931127388121,49.13139418718943,10.415140556565582,10.969717850878293,0.07076219601737348,45.728382798052685,9.99572784918121,1.111640264108888,1.2188324127343606,-0.024477057231349453,-0.34137256401066873,-0.00568724198223823,-0.06006770175159752,-0.20213449295419267,-0.02345011863621754,-0.02213802182088213,-0.048239954116083845,-0.024346876036986032,1.0,5.677707708431452,7.0,4.098,1000.0,500.0,500.0,1929.0,1929.0,1929.0,0.0,37.0,598442.0
47.99498194507363,49.051923529277126,10.045575759534877,11.209434913428458,-0.05324214369108499,45.510871911643235,9.815968760056762,1.2083875868055551,1.1836448338334813,0.0019124906527723138,-0.34337925142629394,0.019810948063132952,-0.08139698394861865,-0.18231477393516235,0.06033777620108145,-0.019887724802559174,-0.04919369840711429,-0.03470109653695541,1.0,5.912443666056275,8.0,4.086,1000.0,500.0,500.0,1920.0,1920.0,1920.0,0.0,37.0,600362.0
48.61935627023961,48.6815129551622,10.304826174754371,10.946980303784125,0.08518504080332097,44.956966263796986,9.8088754654013,1.23825,1.1198000863747355,-0.06593898943285262,-0.3232173086496742,0.009521757772495042,0.04402512806172048,-0.2130525177143262,0.048234502835771964,0.018699007852348203,-0.1164143673341023,-0.04215403951843385,1.0,6.136137424230583,9.0,4.246,1000.0,500.0,500.0,2000.0,2016.0,2000.0,16.0,37.0,602362.0
48.45941174865958,48.47902479268115,10.343779229819027,11.117190715745904,-0.009100538436758681,44.33813118047505,10.158432625223663,0.9885,1.142867776007269,-0.07476384344309649,-0.27448130175521857,-0.02418529661267297,-0.05783069857951127,-0.2116330817998436,0.04290178031403564,-0.014556425636908801,-0.08999556813037385,-0.056189350453293,1.0,6.266843433682173,10.0,4.348,1000.0,500.0,500.0,2000.0,2085.0,2000.0,85.0,37.0,604362.0
50.489214038744585,49.42835805263843,10.235812967257877,10.522142618488726,0.15225662815600963,51.85149586094894,9.610341253583224,1.6841317712947204,1.258482102080612,-0.07095113801402922,-0.2977533923839351,0.05528213954729903,-0.14074527876001447,-0.1451142413530994,-0.11145755548988033,0.04857925071209847,-0.09333578196361651,0.038512926033345364,1.0,4.16,1.0,3.155,400.0,200.0,200.0,549.0,549.0,549.0,0.0,38.0,604911.0
50.37630027929808,49.36406339430245,10.170053894295418,10.090430888075051,0.028098461929805047,51.13185925528377,9.988225275041454,1.5876749563876833,1.2742696167333007,-0.15428062828256708,-0.4907262855238727,-0.03555852265244849,0.11783709278343216,-0.2779212787783138,-0.16806211341897495,0.01353508761523715,0.0563550811388933,-0.013021583207517949,1.0,4.383057525407913,2.0,3.554192229038855,949.0,460.0,489.0,1570.0,1570.0,1570.0,0.0,38.0,606481.0
49.58800161598671,49.43729285144458,10.00237999639807,10.532585598998331,0.02464512460918365,50.3232303500373,9.741416613311053,1.3037765068461646,1.1898899298830043,-0.09169965654356343,-0.3312489180283171,-0.033561785026509874,-0.043109266980704664,-0.21991097825915282,-0.006020444336213748,-0.01546506759312564,-0.10908851240098573,-0.039183410793353204,1.0,4.624319695693008,3.0,3.706,1000.0,500.0,500.0,1694.0,1694.0,1694.0,0.0,38.0,608175.0
49.2036531860515,49.31686105211927,9.489740007940446,10.589966335879115,0.011751203876591416,49.19892181249276,9.89241104940183,1.2913517440823106,1.1669227200270285,-0.04991788812429934,-0.2650688961884298,-0.010013126410893275,0.0509857784625182,-0.19447521248720592,-0.12105061854759322,0.025736341165164548,-0.05423632932829274,0.039010828454747085,1.0,4.928614379605254,4.0,3.686,1000.0,500.0,500.0,1674.0,1674.0,1674.0,0.0,38.0,609849.0
49.12806330911817,48.40998531815463,9.37046676970881,10.756798167857667,-0.03743876632796498,48.6393668918625,9.644356080077122,1.3022998025807406,1.1550818393143976,-0.13387642591380686,-0.33258630243614573,0.0010746429613970917,-0.06193820731354701,-0.2482958065347804,0.08811140133558128,0.009520119445952626,0.009830443307394637,0.01399305805350296,1.0,5.052369494018396,5.0,3.744,1000.0,500.0,500.0,1698.0,1698.0,1698.0,0.0,38.0,611547.0
48.73148341357681,48.98007547747414,9.598997749511245,10.939670588677515,0.00022290495690351943,48.62510630533941,10.246561367566555,1.2139590645876603,1.2315089932815744,-0.11355552523221177,-0.3278050112040867,-0.028553896378647164,-0.006842817371726823,-0.1059504848364887,-0.12258110819566147,-0.013104837022249674,-0.08046794971250217,0.0019859047160241347,1.0,5.3202965671714715,6.0,3.78,1000.0,500.0,500.0,1729.0,1729.0,1729.0,0.0,38.0,613276.0
48.31308969048102,48.6382369227071,9.310283331562726,10.849183366106255,-0.05855181814168944,48.013400271385926,9.38289688535375,1.1908686434351579,1.1620220215055441,-0.07610197388429761,-0.292396929258794,-0.07472825133121112,-0.058459756365111346,-0.17889657648538412,0.03048836769591115,-0.014101025222866145,-0.03268883560392118,-0.034812568150120814,1.0,5.691231587382697,7.0,3.924,1000.0,500.0,500.0,1830.0,1830.0,1830.0,0.0,38.0,615106.0
48.307492896673565,48.16926790864645,9.497355546421536,11.060174086829688,-0.029038057247847606,47.961666482551166,9.74384393212593,1.1062795740597906,1.048805806844241,-0.10466765713825829,-0.2941871248391959,0.02425999033805195,0.11135395675635622,-0.25780238315104537,0.07899514727488419,-0.01685390035738906,-0.028555763149218073,-0.01968993752921151,1.0,5.729695245111596,8.0,4.18,1000.0,500.0,500.0,1983.0,1983.0,1983.0,0.0,38.0,617089.0
48.067310042382985,47.908452258170065,9.883139116767579,10.61285874083021,0.05987179314188891,46.414598085555156,9.492767106048037,1.0840749293392116,1.235171426592214,-0.13688779690760042,-0.32961473383441847,0.06637956564246139,-0.04545365881901249,-0.11766920681115599,-0.09190516019842902,-0.06338612852058677,-0.002573931296248275,-0.0347438676639496,1.0,5.931600064899475,9.0,4.194,1000.0,500.0,500.0,1986.0,1986.0,1986.0,0.0,38.0,619075.0
47.55164020681505,46.23768099606249,10.10340671467947,11.486809967277166,-0.04006288022573279,45.94220329456376,9.671280144469986,1.2365,1.0198884430495536,-0.1142566047711949,-0.2454893675611498,0.033654615349835666,0.08136803713193021,-0.17079181967734272,0.11029748427082263,-0.0007388115965900191,-0.15571979586743817,-0.07202292935158452,1.0,6.192879713471994,10.0,4.308,1000.0,500.0,500.0,2000.0,2061.0,2000.0,61.0,38.0,621075.0
48.79268814460265,50.263960835004355,9.68177303835397,10.338881697471964,0.11716357192505883,50.868208412787546,10.271361159457086,1.6350792304228066,1.1260561053018403,-0.1683798474639224,-0.6102252600157252,0.14337767448802846,0.2536026358933982,-0.16165595199983768,0.08742764307891533,0.07397923909292826,-0.24929396815595833,-0.05031459830100892,1.0,3.885,1.0,3.51,400.0,200.0,200.0,618.0,618.0,618.0,0.0,39.0,621693.0
48.97187291063681,49.48928741335567,9.633297429388572,9.957880850212714,-0.06466962820534172,50.669754335488996,10.497644962764904,1.3397835293129412,1.239715276675308,-0.08622681621775108,-0.4215434702693277,-0.0003287956851587347,0.03927513648122532,-0.23769004513742892,-0.10005847189487521,0.006765131610579698,0.011108057854284079,0.022939560428051287,1.0,4.1196729511081704,2.0,3.614,995.0,495.0,500.0,1633.0,1633.0,1633.0,0.0,39.0,623326.0
48.267291675054175,49.67192007735274,10.079074792773115,9.780530674125398,0.02031890887382481,50.072347213660265,10.873301844797075,1.3852754950019226,1.1917721137988198,-0.015821434380386436,-0.4537970780721392,-0.005385751205982864,0.054705300275353794,-0.22589307013444135,0.016293098078507155,0.0006515671961429797,-0.11519585433848445,-0.05420710728329044,1.0,4.406630548987009,3.0,3.638,1000.0,500.0,500.0,1632.0,1632.0,1632.0,0.0,39.0,624958.0
47.59017606099649,49.1029169405771,9.7394045240674,10.16398021760042,0.10314607538205162,48.81766032004089,10.163594246684417,1.436207521851742,1.1233885986199776,-0.02803166677191276,-0.2799936305786333,-0.022113342688880013,-0.051914028676365374,-0.24066401450909825,0.08974603317301727,-0.04939555499603886,-0.06603032906077305,0.0055723102674072955,1.0,4.748109957440883,4.0,3.648,1000.0,500.0,500.0,1663.0,1663.0,1663.0,0.0,39.0,626621.0
48.181588987420604,49.2068592557092,9.430366502655614,10.289057047063253,-0.015992339275667407,48.40208340046193,10.936412974564359,1.2782191662460733,1.1619482428706756,-0.056023472237689546,-0.4021553540523159,-0.011305187470310474,-0.018340814752396437,-0.24046692874594855,0.07207538920795376,-0.06167721914790346,-0.07827058866243125,0.11128668823046861,1.0,5.005539934154847,5.0,3.848,1000.0,500.0,500.0,1771.0,1771.0,1771.0,0.0,39.0,628392.0
47.89415047933399,48.5121845314757,9.752258557815212,10.657728750902274,-0.0005182152742408086,46.96306879608094,10.320173775193577,1.3698133760817424,1.1508645631013634,-0.05165650958763014,-0.3278019698823326,0.00799916825896709,-0.09651814177287932,-0.3787066462667098,0.13317137049657507,-0.0056589353661982335,-0.02131424513587824,-0.0900742868713488,1.0,5.2834237203724514,6.0,3.94,1000.0,500.0,500.0,1834.0,1834.0,1834.0,0.0,39.0,630226.0
47.50054724718644,48.80201419326485,8.846460245607323,10.770709471927196,0.018342559106401753,45.991887892115834,9.930588306223653,1.2547623532065122,1.2434019964310457,-0.001013281732874149,-0.28718550948295485,0.03345900580538282,-0.08772200260267786,-0.13597995504440002,-0.11627246359691525,-0.03543798907452447,-0.009924017864094959,-0.026104676787580872,1.0,5.542555212269483,7.0,3.938,1000.0,500.0,500.0,1826.0,1826.0,1826.0,0.0,39.0,632052.0
47.7302441821727,49.18615990886537,10.026848301686822,10.424042270548613,0.06255121930868401,44.76908921799264,9.622566557485246,1.1503446305509524,1.24110123754993,0.023660217844044977,-0.36959996459909106,0.04578454170684977,0.048845734422193504,-0.20118230144845012,-0.16207004084070883,0.000748054945058622,-0.11065668590411692,-0.03500911209423269,1.0,5.650398452495729,8.0,4.0,1000.0,500.0,500.0,1869.0,1869.0,1869.0,0.0,39.0,633921.0
47.459705297046305,48.39478002498667,10.345058196028743,11.233052239167579,-0.0010527048608451087,44.198543373424776,9.60835010117995,1.19089124610289,1.1316525261810308,0.003910774041414766,-0.3783412423786792,-0.06198437514932862,0.03954272560825982,-0.18626684810941635,0.07379450594138952,-0.0803927147411455,-0.0012762052311477393,0.042723826291071236,1.0,5.956825993055384,9.0,4.086,1000.0,500.0,500.0,1927.0,1927.0,1927.0,0.0,39.0,635848.0
48.34359913283716,47.85113090739749,9.647930025256704,11.62209710080815,0.04297865640017697,43.125273326539364,9.623731668481659,1.0916318230557895,1.1060703727373047,-0.07803839316508272,-0.2485743102768014,0.03474195985074719,0.0028566040047131864,-0.06300314592163253,0.042542131848812226,-0.026887621289142186,-0.04662750747114332,-0.00400383911031127,1.0,6.11632870396399,10.0,4.186,1000.0,500.0,500.0,1985.0,1985.0,1985.0,0.0,39.0,637833.0
50.206319444476314,48.95629109040163,9.864158693542299,10.610133526765733,-0.07008225230841565,49.45357884828613,10.015246151367743,1.6268115942028991,1.256680680766166,-0.21319850762998638,-0.20567868134825698,0.1595111980434392,-0.1959759301636891,-0.28514872224501686,-0.18045099370098244,-0.06999314841611885,-0.12089541998915963,-0.1744508042883488,1.0,4.16,1.0,3.195,400.0,200.0,200.0,552.0,552.0,552.0,0.0,40.0,638385.0
49.65536967241212,49.4208499552747,9.7610651122973,9.973784723081858,-0.027374097862994266,50.01910172183263,10.00877844296887,1.3602097701825822,1.2069148493330926,-0.15186465177991845,-0.4180103173278347,0.043005564906379565,-0.07379555653607657,-0.17086064477293209,0.06129293901542857,0.019719636211538445,-0.056687499865199574,-0.0013843722543878019,1.0,4.3895903072202005,2.0,3.3443298969072166,952.0,467.0,485.0,1428.0,1428.0,1428.0,0.0,40.0,639813.0
49.518750623621806,49.34449422211957,9.233981425812388,10.5684005057139,-0.021071700375379,49.589857759636445,9.958476318979114,1.2934690772225812,1.2165303597596282,-0.16585490730794525,-0.3639393007432572,-0.013142371384183506,-0.0085168047897852,-0.1539111825843809,-0.053019036857983606,-0.019817361649176517,-0.07711518224368574,0.10060227760133449,1.0,4.850012594455604,3.0,3.66,1000.0,500.0,500.0,1661.0,1661.0,1661.0,0.0,40.0,641474.0
49.203502138922616,49.47501652245076,9.15902158839494,10.798146293931092,0.061110960868719214,49.45084685981539,9.692857487737818,1.2905780434751517,1.1310931576838612,-0.06657184507826136,-0.32833769726888545,0.0034869421307713966,-0.03627863434465942,-0.27415662703457727,0.09608112095767485,0.02362266800293981,-0.02887133839409543,0.041044556463833065,1.0,4.981626037447886,4.0,3.832,1000.0,500.0,500.0,1754.0,1754.0,1754.0,0.0,40.0,643228.0
49.1753796434769,50.35713837355577,9.818333119069514,11.041926560925631,0.06603445187679066,48.99545935297727,10.462595357021222,1.327358191715441,1.1286707505877787,-0.07445760155131644,-0.33674164311642085,-0.028658332568092314,-0.0699029127915689,-0.23256033716922914,0.14647906552668147,0.04826889329020676,0.014224055881321508,0.005343254665606394,1.0,5.208605417240304,5.0,3.794,1000.0,500.0,500.0,1729.0,1729.0,1729.0,0.0,40.0,644957.0
49.10743124910931,50.25077056096773,10.183375724069517,10.5380875837875,-0.028245472368193917,48.46375596046037,10.475410046712009,1.2858310409971139,1.2046837615306445,0.008591433656453706,-0.38116023233724605,0.014918193120421457,0.015107067871788955,-0.17219743460514012,-0.053575261651706764,0.01638403434730953,-0.04714647695861222,-0.12586806435700623,1.0,5.391837353412555,6.0,3.944,1000.0,500.0,500.0,1839.0,1839.0,1839.0,0.0,40.0,646796.0
48.420810980410515,50.78790028469741,9.6246168814088,10.331353471627162,-0.05727942695441084,48.14000746444772,10.227864150134032,1.1793166528768382,1.1977671890126655,0.05755996240074665,-0.32288062258045946,0.07498221332767059,-0.011028004456730155,-0.09089919496665116,-0.07891271775244728,-0.007888427465222532,-0.08125514855716141,-0.007071536434852868,1.0,5.43431284678595,7.0,3.962,1000.0,500.0,500.0,1854.0,1854.0,1854.0,0.0,40.0,648650.0
48.668368853580844,50.73774113621765,10.495225923424453,11.647877450217374,-0.009966714502996469,47.06455743727296,9.928070300777227,1.271146822498175,1.0895870382493302,0.030938441102941194,-0.29650825182956125,0.03945469090020901,0.11336766660893162,-0.23837402063608595,-0.006190852341904671,-0.029858738753034873,-0.11734215624432692,0.06266902448206131,1.0,5.649499971729645,8.0,3.98,1000.0,500.0,500.0,1850.0,1850.0,1850.0,0.0,40.0,650500.0
49.360098890113115,50.654646988846274,10.080261190065183,11.393256953765789,0.026829979904253596,45.721921801996004,9.848598292949015,1.200541915399225,1.1579758404720961,0.022716859562145288,-0.2516545521808853,-0.03490994188743122,-0.004428794545880465,-0.24627335388188093,-0.05746937286390735,-0.02368197094409016,-0.037945021246135587,-0.02899443257037954,1.0,5.797345790699378,9.0,4.154,1000.0,500.0,500.0,1963.0,1963.0,1963.0,0.0,40.0,652463.0
49.622198464439556,50.97249759630452,10.517792428097234,10.97695647691057,-0.001155966872570668,44.533008769960425,9.85525281683155,1.0776532288043803,1.1990134286751837,-0.0034263424003557457,-0.317118110052732,-0.0014304756404892093,-0.007307510434178728,-0.2069920094926339,-0.07320564867490377,0.01760826141466294,-0.04568577368810867,0.00971102013728896,1.0,5.97157768193639,10.0,4.202,1000.0,500.0,500.0,1998.0,1998.0,1998.0,0.0,40.0,654461.0
